case_id,fir_number,police_station_id,station_name,assigned_officer_id,assigned_officer_name,assigned_officer_badge,crime_category,crime_type,priority,current_status,registration_date,incident_date,location,short_summary,detailed_description,applicable_sections,source,created_by,updated_by,created_at,updated_at
CASE-000001,FIR/2026/PS-MUM-001/00001,STATION-PS-MUM-001,Colaba Police Station,OFFICER-00031,Uma Naidu,BADGE-MUM-1031,NON_COGNIZABLE,ASSAULT,MEDIUM,UNDER_INVESTIGATION,2025-06-18T08:53:35.150719,2025-06-16T11:53:35.150719,"{""address"": ""Near Landmark 21, Colaba, Mumbai City"", ""latitude"": 18.908681695227674, ""longitude"": 72.80964335784121, ""district"": ""Mumbai City"", ""state"": ""Maharashtra""}",Incident of assault reported near Mumbai City.,Detailed police incident report regarding ASSAULT under jurisdiction of Colaba Police Station. Investigation initiated by Officer Uma Naidu (BADGE-MUM-1031). Initial inspection conducted at incident location.,"[{""act"": ""IPC"", ""section"": ""323"", ""description"": ""Punishment for voluntarily causing hurt""}, {""act"": ""IPC"", ""section"": ""325"", ""description"": ""Punishment for voluntarily causing grievous hurt""}, {""act"": ""BNS"", ""section"": ""115"", ""description"": ""Voluntarily causing hurt""}]",WALK_IN,USER-00031,USER-00031,2025-06-18T08:53:35.150719,2026-08-31T18:53:35.150773
CASE-000002,FIR/2026/PS-MUM-002/00002,STATION-PS-MUM-002,Bandra Police Station,OFFICER-00022,Gaurav Tiwari,BADGE-MUM-1022,NON_COGNIZABLE,DOMESTIC_VIOLENCE,MEDIUM,CLOSED_SOLVED,2026-07-24T20:53:35.150816,2026-07-23T09:53:35.150816,"{""address"": ""Near Landmark 83, Bandra West, Mumbai Suburban"", ""latitude"": 19.04426541160281, ""longitude"": 72.81266720890423, ""district"": ""Mumbai Suburban"", ""state"": ""Maharashtra""}",Incident of domestic violence reported near Mumbai Suburban.,Detailed police incident report regarding DOMESTIC_VIOLENCE under jurisdiction of Bandra Police Station. Investigation initiated by Officer Gaurav Tiwari (BADGE-MUM-1022). Initial inspection conducted at incident location.,"[{""act"": ""IPC"", ""section"": ""498A"", ""description"": ""Husband or relative of husband subjecting woman to cruelty""}, {""act"": ""DV Act"", ""section"": ""12"", ""description"": ""Application to Magistrate for domestic violence relief""}]",WALK_IN,USER-00216,USER-00216,2026-07-24T20:53:35.150816,2026-08-31T18:53:35.150852
CASE-000003,FIR/2025/PS-PUN-001/00003,STATION-PS-PUN-001,Shivajinagar Police Station,OFFICER-00023,Yashoda Das,BADGE-PUN-1023,NON_COGNIZABLE,FINANCIAL_CRIME,CRITICAL,CLOSED_SOLVED,2026-08-13T01:53:35.150882,2026-08-12T10:53:35.150882,"{""address"": ""Near Landmark 21, Shivajinagar, Pune"", ""latitude"": 18.53015140047387, ""longitude"": 73.84559941746234, ""district"": ""Pune"", ""state"": ""Maharashtra""}",Incident of financial crime reported near Pune.,Detailed police incident report regarding FINANCIAL_CRIME under jurisdiction of Shivajinagar Police Station. Investigation initiated by Officer Yashoda Das (BADGE-PUN-1023). Initial inspection conducted at incident location.,"[{""act"": ""PMLA"", ""section"": ""3"", ""description"": ""Offence of money-laundering""}, {""act"": ""IPC"", ""section"": ""409"", ""description"": ""Criminal breach of trust by public servant, banker, merchant or agent""}]",WALK_IN,USER-00234,USER-00234,2026-08-13T01:53:35.150882,2026-08-31T18:53:35.150907
CASE-000004,FIR/2024/PS-DEL-001/00004,STATION-PS-DEL-001,Connaught Place Police Station,OFFICER-00014,Sachin Bhatt,BADGE-CEN-1014,NON_COGNIZABLE,CYBER_CRIME,MEDIUM,CLOSED_UNSOLVED,2025-07-01T12:53:35.150934,2025-07-01T09:53:35.150934,"{""address"": ""Near Landmark 47, Connaught Place, Central Delhi"", ""latitude"": 28.621113026266787, ""longitude"": 77.23065746432978, ""district"": ""Central Delhi"", ""state"": ""Delhi""}",Incident of cyber crime reported near Central Delhi.,Detailed police incident report regarding CYBER_CRIME under jurisdiction of Connaught Place Police Station. Investigation initiated by Officer Sachin Bhatt (BADGE-CEN-1014). Initial inspection conducted at incident location.,"[{""act"": ""IT Act"", ""section"": ""66C"", ""description"": ""Punishment for identity theft""}, {""act"": ""IT Act"", ""section"": ""66D"", ""description"": ""Punishment for cheating by personation using computer resource""}, {""act"": ""IPC"", ""section"": ""420"", ""description"": ""Cheating and dishonestly inducing delivery of property""}]",WALK_IN,USER-00227,USER-00227,2025-07-01T12:53:35.150934,2026-08-31T18:53:35.150968
CASE-000005,FIR/2026/PS-DEL-002/00005,STATION-PS-DEL-002,Hauz Khas Police Station,OFFICER-00045,Sunil Agarwal,BADGE-SOU-1045,NON_COGNIZABLE,DRUG_OFFENCE,MEDIUM,UNDER_INVESTIGATION,2025-06-07T04:53:35.150994,2025-06-05T07:53:35.150994,"{""address"": ""Near Landmark 75, Hauz Khas, South Delhi"", ""latitude"": 28.562950302565508, ""longitude"": 77.19910631993872, ""district"": ""South Delhi"", ""state"": ""Delhi""}",Incident of drug offence reported near South Delhi.,Detailed police incident report regarding DRUG_OFFENCE under jurisdiction of Hauz Khas Police Station. Investigation initiated by Officer Sunil Agarwal (BADGE-SOU-1045). Initial inspection conducted at incident location.,"[{""act"": ""NDPS Act"", ""section"": ""20"", ""description"": ""Punishment for contravention in relation to cannabis""}, {""act"": ""NDPS Act"", ""section"": ""21"", ""description"": ""Punishment for contravention in relation to manufactured drugs""}]",WALK_IN,USER-00039,USER-00039,2025-06-07T04:53:35.150994,2026-08-31T18:53:35.151019
CASE-000006,FIR/2026/PS-BLR-001/00006,STATION-PS-BLR-001,Koramangala Police Station,OFFICER-00016,Ramesh Reddy,BADGE-BAN-1016,NON_COGNIZABLE,CYBER_CRIME,LOW,CHARGE_SHEET_FILED,2026-08-01T03:53:35.151044,2026-07-31T07:53:35.151044,"{""address"": ""Near Landmark 22, Koramangala 1st to 8th Blocks, Bangalore Urban"", ""latitude"": 12.951067751418064, ""longitude"": 77.6057939200558, ""district"": ""Bangalore Urban"", ""state"": ""Karnataka""}",Incident of cyber crime reported near Bangalore Urban.,Detailed police incident report regarding CYBER_CRIME under jurisdiction of Koramangala Police Station. Investigation initiated by Officer Ramesh Reddy (BADGE-BAN-1016). Initial inspection conducted at incident location.,"[{""act"": ""IT Act"", ""section"": ""66C"", ""description"": ""Punishment for identity theft""}, {""act"": ""IT Act"", ""section"": ""66D"", ""description"": ""Punishment for cheating by personation using computer resource""}, {""act"": ""IPC"", ""section"": ""420"", ""description"": ""Cheating and dishonestly inducing delivery of property""}]",WALK_IN,USER-00006,USER-00006,2026-08-01T03:53:35.151044,2026-08-31T18:53:35.151066
CASE-000007,FIR/2024/PS-BLR-002/00007,STATION-PS-BLR-002,Indiranagar Police Station,OFFICER-00027,Tarun Pandey,BADGE-BAN-1027,NON_COGNIZABLE,FRAUD,MEDIUM,CLOSED_UNSOLVED,2025-08-28T06:53:35.151090,2025-08-27T14:53:35.151090,"{""address"": ""Near Landmark 93, Indiranagar 1st and 2nd Stages, Bangalore Urban"", ""latitude"": 12.98732513768538, ""longitude"": 77.64433745000431, ""district"": ""Bangalore Urban"", ""state"": ""Karnataka""}",Incident of fraud reported near Bangalore Urban.,Detailed police incident report regarding FRAUD under jurisdiction of Indiranagar Police Station. Investigation initiated by Officer Tarun Pandey (BADGE-BAN-1027). Initial inspection conducted at incident location.,"[{""act"": ""IPC"", ""section"": ""420"", ""description"": ""Cheating and dishonestly inducing delivery of property""}, {""act"": ""IPC"", ""section"": ""406"", ""description"": ""Punishment for criminal breach of trust""}, {""act"": ""IPC"", ""section"": ""468"", ""description"": ""Forgery for purpose of cheating""}]",WALK_IN,USER-00232,USER-00232,2025-08-28T06:53:35.151090,2026-08-31T18:53:35.151112
CASE-000008,FIR/2025/PS-CHE-001/00008,STATION-PS-CHE-001,T. Nagar Police Station,OFFICER-00018,Rekha Mishra,BADGE-CHE-1018,NON_COGNIZABLE,THEFT,LOW,REGISTERED,2026-02-21T08:53:35.151135,2026-02-20T07:53:35.151135,"{""address"": ""Near Landmark 20, T. Nagar, Chennai"", ""latitude"": 13.057131014335388, ""longitude"": 80.21659759021443, ""district"": ""Chennai"", ""state"": ""Tamil Nadu""}",Incident of theft reported near Chennai.,Detailed police incident report regarding THEFT under jurisdiction of T. Nagar Police Station. Investigation initiated by Officer Rekha Mishra (BADGE-CHE-1018). Initial inspection conducted at incident location.,"[{""act"": ""IPC"", ""section"": ""378"", ""description"": ""Theft""}, {""act"": ""IPC"", ""section"": ""379"", ""description"": ""Punishment for theft""}, {""act"": ""IPC"", ""section"": ""380"", ""description"": ""Theft in dwelling house""}, {""act"": ""BNS"", ""section"": ""303"", ""description"": ""Theft and aggravated theft""}]",WALK_IN,USER-00234,USER-00234,2026-02-21T08:53:35.151135,2026-08-31T18:53:35.151156
CASE-000009,FIR/2025/PS-CHE-002/00009,STATION-PS-CHE-002,Mylapore Police Station,OFFICER-00039,Deepa Saxena,BADGE-CHE-1039,NON_COGNIZABLE,MISSING_PERSON,MEDIUM,CHARGE_SHEET_FILED,2025-05-17T10:53:35.151179,2025-05-15T11:53:35.151179,"{""address"": ""Near Landmark 12, Mylapore, Chennai"", ""latitude"": 13.046849364070152, ""longitude"": 80.26280766767509, ""district"": ""Chennai"", ""state"": ""Tamil Nadu""}",Incident of missing person reported near Chennai.,Detailed police incident report regarding MISSING_PERSON under jurisdiction of Mylapore Police Station. Investigation initiated by Officer Deepa Saxena (BADGE-CHE-1039). Initial inspection conducted at incident location.,"[{""act"": ""IPC"", ""section"": ""363"", ""description"": ""Punishment for kidnapping""}, {""act"": ""BNS"", ""section"": ""137"", ""description"": ""Kidnapping""}]",WALK_IN,USER-00213,USER-00213,2025-05-17T10:53:35.151179,2026-08-31T18:53:35.151201
CASE-000010,FIR/2025/PS-LKO-001/00010,STATION-PS-LKO-001,Hazratganj Police Station,OFFICER-00010,Savita Kulkarni,BADGE-LUC-1010,NON_COGNIZABLE,OTHERS,MEDIUM,UNDER_INVESTIGATION,2026-04-17T19:53:35.151230,2026-04-16T06:53:35.151230,"{""address"": ""Near Landmark 77, Hazratganj, Lucknow"", ""latitude"": 26.866613848300293, ""longitude"": 80.94011008951242, ""district"": ""Lucknow"", ""state"": ""Uttar Pradesh""}",Incident of others reported near Lucknow.,Detailed police incident report regarding OTHERS under jurisdiction of Hazratganj Police Station. Investigation initiated by Officer Savita Kulkarni (BADGE-LUC-1010). Initial inspection conducted at incident location.,"[{""act"": ""IPC"", ""section"": ""506"", ""description"": ""Punishment for criminal intimidation""}]",WALK_IN,USER-00032,USER-00032,2026-04-17T19:53:35.151230,2026-08-31T18:53:35.151258
CASE-000011,FIR/2025/PS-MUM-001/00011,STATION-PS-MUM-001,Colaba Police Station,OFFICER-00031,Uma Naidu,BADGE-MUM-1031,NON_COGNIZABLE,OTHERS,MEDIUM,REGISTERED,2026-04-24T21:53:35.151282,2026-04-23T12:53:35.151282,"{""address"": ""Near Landmark 87, Colaba, Mumbai City"", ""latitude"": 18.923747901886017, ""longitude"": 72.8363556092007, ""district"": ""Mumbai City"", ""state"": ""Maharashtra""}",Incident of others reported near Mumbai City.,Detailed police incident report regarding OTHERS under jurisdiction of Colaba Police Station. Investigation initiated by Officer Uma Naidu (BADGE-MUM-1031). Initial inspection conducted at incident location.,"[{""act"": ""IPC"", ""section"": ""506"", ""description"": ""Punishment for criminal intimidation""}]",WALK_IN,USER-00050,USER-00050,2026-04-24T21:53:35.151282,2026-08-31T18:53:35.151304
CASE-000012,FIR/2024/PS-MUM-002/00012,STATION-PS-MUM-002,Bandra Police Station,OFFICER-00032,Umesh Deshmukh,BADGE-MUM-1032,NON_COGNIZABLE,THEFT,MEDIUM,CHARGE_SHEET_FILED,2025-06-03T21:53:35.151326,2025-06-03T08:53:35.151326,"{""address"": ""Near Landmark 85, Bandra West, Mumbai Suburban"", ""latitude"": 19.055904813831685, ""longitude"": 72.82336431140855, ""district"": ""Mumbai Suburban"", ""state"": ""Maharashtra""}",Incident of theft reported near Mumbai Suburban.,Detailed police incident report regarding THEFT under jurisdiction of Bandra Police Station. Investigation initiated by Officer Umesh Deshmukh (BADGE-MUM-1032). Initial inspection conducted at incident location.,"[{""act"": ""IPC"", ""section"": ""378"", ""description"": ""Theft""}, {""act"": ""IPC"", ""section"": ""379"", ""description"": ""Punishment for theft""}, {""act"": ""IPC"", ""section"": ""380"", ""description"": ""Theft in dwelling house""}, {""act"": ""BNS"", ""section"": ""303"", ""description"": ""Theft and aggravated theft""}]",WALK_IN,USER-00221,USER-00221,2025-06-03T21:53:35.151326,2026-08-31T18:53:35.151349
CASE-000013,FIR/2026/PS-PUN-001/00013,STATION-PS-PUN-001,Shivajinagar Police Station,OFFICER-00033,Vinod Gowda,BADGE-PUN-1033,NON_COGNIZABLE,DRUG_OFFENCE,HIGH,CLOSED_UNSOLVED,2025-07-17T00:53:35.151371,2025-07-16T10:53:35.151371,"{""address"": ""Near Landmark 55, Shivajinagar, Pune"", ""latitude"": 18.53142313209449, ""longitude"": 73.85617854659876, ""district"": ""Pune"", ""state"": ""Maharashtra""}",Incident of drug offence reported near Pune.,Detailed police incident report regarding DRUG_OFFENCE under jurisdiction of Shivajinagar Police Station. Investigation initiated by Officer Vinod Gowda (BADGE-PUN-1033). Initial inspection conducted at incident location.,"[{""act"": ""NDPS Act"", ""section"": ""20"", ""description"": ""Punishment for contravention in relation to cannabis""}, {""act"": ""NDPS Act"", ""section"": ""21"", ""description"": ""Punishment for contravention in relation to manufactured drugs""}]",WALK_IN,USER-00202,USER-00202,2025-07-17T00:53:35.151371,2026-08-31T18:53:35.151392
CASE-000014,FIR/2024/PS-DEL-001/00014,STATION-PS-DEL-001,Connaught Place Police Station,OFFICER-00004,Abhishek Mukherjee,BADGE-CEN-1004,COGNIZABLE,ROBBERY,MEDIUM,UNDER_INVESTIGATION,2026-06-21T02:53:35.151414,2026-06-19T15:53:35.151414,"{""address"": ""Near Landmark 32, Connaught Place, Central Delhi"", ""latitude"": 28.63245289460018, ""longitude"": 77.20303934289923, ""district"": ""Central Delhi"", ""state"": ""Delhi""}",Incident of robbery reported near Central Delhi.,Detailed police incident report regarding ROBBERY under jurisdiction of Connaught Place Police Station. Investigation initiated by Officer Abhishek Mukherjee (BADGE-CEN-1004). Initial inspection conducted at incident location.,"[{""act"": ""IPC"", ""section"": ""392"", ""description"": ""Punishment for robbery""}, {""act"": ""IPC"", ""section"": ""395"", ""description"": ""Punishment for dacoity""}, {""act"": ""BNS"", ""section"": ""309"", ""description"": ""Robbery""}]",WALK_IN,USER-00223,USER-00223,2026-06-21T02:53:35.151414,2026-08-31T18:53:35.151434
CASE-000015,FIR/2024/PS-DEL-002/00015,STATION-PS-DEL-002,Hauz Khas Police Station,OFFICER-00005,Vivek Chatterjee,BADGE-SOU-1005,COGNIZABLE,MURDER,MEDIUM,REGISTERED,2025-06-11T05:53:35.151457,2025-06-09T14:53:35.151457,"{""address"": ""Near Landmark 23, Hauz Khas, South Delhi"", ""latitude"": 28.541258428951075, ""longitude"": 77.180334029075, ""district"": ""South Delhi"", ""state"": ""Delhi""}",Incident of murder reported near South Delhi.,Detailed police incident report regarding MURDER under jurisdiction of Hauz Khas Police Station. Investigation initiated by Officer Vivek Chatterjee (BADGE-SOU-1005). Initial inspection conducted at incident location.,"[{""act"": ""IPC"", ""section"": ""302"", ""description"": ""Punishment for murder""}, {""act"": ""IPC"", ""section"": ""307"", ""description"": ""Attempt to murder""}, {""act"": ""BNS"", ""section"": ""103"", ""description"": ""Punishment for murder""}]",WALK_IN,USER-00009,USER-00009,2025-06-11T05:53:35.151457,2026-08-31T18:53:35.151479
CASE-000016,FIR/2026/PS-BLR-001/00016,STATION-PS-BLR-001,Koramangala Police Station,OFFICER-00046,Indu Singh,BADGE-BAN-1046,COGNIZABLE,MURDER,LOW,UNDER_INVESTIGATION,2025-08-18T23:53:35.151502,2025-08-17T14:53:35.151502,"{""address"": ""Near Landmark 56, Koramangala 1st to 8th Blocks, Bangalore Urban"", ""latitude"": 12.942636870184435, ""longitude"": 77.64016578584696, ""district"": ""Bangalore Urban"", ""state"": ""Karnataka""}",Incident of murder reported near Bangalore Urban.,Detailed police incident report regarding MURDER under jurisdiction of Koramangala Police Station. Investigation initiated by Officer Indu Singh (BADGE-BAN-1046). Initial inspection conducted at incident location.,"[{""act"": ""IPC"", ""section"": ""302"", ""description"": ""Punishment for murder""}, {""act"": ""IPC"", ""section"": ""307"", ""description"": ""Attempt to murder""}, {""act"": ""BNS"", ""section"": ""103"", ""description"": ""Punishment for murder""}]",WALK_IN,USER-00210,USER-00210,2025-08-18T23:53:35.151502,2026-08-31T18:53:35.151523
CASE-000017,FIR/2026/PS-BLR-002/00017,STATION-PS-BLR-002,Indiranagar Police Station,OFFICER-00007,Ravi Singh,BADGE-BAN-1007,NON_COGNIZABLE,CYBER_CRIME,MEDIUM,REGISTERED,2025-11-06T18:53:35.151545,2025-11-06T15:53:35.151545,"{""address"": ""Near Landmark 76, Indiranagar 1st and 2nd Stages, Bangalore Urban"", ""latitude"": 12.965104114539358, ""longitude"": 77.64782658226797, ""district"": ""Bangalore Urban"", ""state"": ""Karnataka""}",Incident of cyber crime reported near Bangalore Urban.,Detailed police incident report regarding CYBER_CRIME under jurisdiction of Indiranagar Police Station. Investigation initiated by Officer Ravi Singh (BADGE-BAN-1007). Initial inspection conducted at incident location.,"[{""act"": ""IT Act"", ""section"": ""66C"", ""description"": ""Punishment for identity theft""}, {""act"": ""IT Act"", ""section"": ""66D"", ""description"": ""Punishment for cheating by personation using computer resource""}, {""act"": ""IPC"", ""section"": ""420"", ""description"": ""Cheating and dishonestly inducing delivery of property""}]",WALK_IN,USER-00026,USER-00026,2025-11-06T18:53:35.151545,2026-08-31T18:53:35.151574
CASE-000018,FIR/2025/PS-CHE-001/00018,STATION-PS-CHE-001,T. Nagar Police Station,OFFICER-00028,Nirmala Dutta,BADGE-CHE-1028,NON_COGNIZABLE,DOMESTIC_VIOLENCE,LOW,CHARGE_SHEET_FILED,2026-08-06T18:53:35.151598,2026-08-05T06:53:35.151598,"{""address"": ""Near Landmark 32, T. Nagar, Chennai"", ""latitude"": 13.049448642664153, ""longitude"": 80.2218455910287, ""district"": ""Chennai"", ""state"": ""Tamil Nadu""}",Incident of domestic violence reported near Chennai.,Detailed police incident report regarding DOMESTIC_VIOLENCE under jurisdiction of T. Nagar Police Station. Investigation initiated by Officer Nirmala Dutta (BADGE-CHE-1028). Initial inspection conducted at incident location.,"[{""act"": ""IPC"", ""section"": ""498A"", ""description"": ""Husband or relative of husband subjecting woman to cruelty""}, {""act"": ""DV Act"", ""section"": ""12"", ""description"": ""Application to Magistrate for domestic violence relief""}]",WALK_IN,USER-00212,USER-00212,2026-08-06T18:53:35.151598,2026-08-31T18:53:35.151621
CASE-000019,FIR/2025/PS-CHE-002/00019,STATION-PS-CHE-002,Mylapore Police Station,OFFICER-00009,Pradeep Dutta,BADGE-CHE-1009,COGNIZABLE,MURDER,HIGH,UNDER_INVESTIGATION,2026-03-10T16:53:35.151661,2026-03-09T14:53:35.151661,"{""address"": ""Near Landmark 28, Mylapore, Chennai"", ""latitude"": 13.04544060266221, ""longitude"": 80.25326059957197, ""district"": ""Chennai"", ""state"": ""Tamil Nadu""}",Incident of murder reported near Chennai.,Detailed police incident report regarding MURDER under jurisdiction of Mylapore Police Station. Investigation initiated by Officer Pradeep Dutta (BADGE-CHE-1009). Initial inspection conducted at incident location.,"[{""act"": ""IPC"", ""section"": ""302"", ""description"": ""Punishment for murder""}, {""act"": ""IPC"", ""section"": ""307"", ""description"": ""Attempt to murder""}, {""act"": ""BNS"", ""section"": ""103"", ""description"": ""Punishment for murder""}]",WALK_IN,USER-00233,USER-00233,2026-03-10T16:53:35.151661,2026-08-31T18:53:35.151699
CASE-000020,FIR/2024/PS-LKO-001/00020,STATION-PS-LKO-001,Hazratganj Police Station,OFFICER-00020,Rajesh Dubey,BADGE-LUC-1020,COGNIZABLE,ROBBERY,HIGH,REGISTERED,2026-02-25T08:53:35.151744,2026-02-24T12:53:35.151744,"{""address"": ""Near Landmark 28, Hazratganj, Lucknow"", ""latitude"": 26.8707009702159, ""longitude"": 80.92867526164707, ""district"": ""Lucknow"", ""state"": ""Uttar Pradesh""}",Incident of robbery reported near Lucknow.,Detailed police incident report regarding ROBBERY under jurisdiction of Hazratganj Police Station. Investigation initiated by Officer Rajesh Dubey (BADGE-LUC-1020). Initial inspection conducted at incident location.,"[{""act"": ""IPC"", ""section"": ""392"", ""description"": ""Punishment for robbery""}, {""act"": ""IPC"", ""section"": ""395"", ""description"": ""Punishment for dacoity""}, {""act"": ""BNS"", ""section"": ""309"", ""description"": ""Robbery""}]",WALK_IN,USER-00047,USER-00047,2026-02-25T08:53:35.151744,2026-08-31T18:53:35.151774
CASE-000021,FIR/2024/PS-MUM-001/00021,STATION-PS-MUM-001,Colaba Police Station,OFFICER-00011,Nikhil Patil,BADGE-MUM-1011,COGNIZABLE,KIDNAPPING,LOW,CLOSED_UNSOLVED,2026-01-05T22:53:35.151802,2026-01-05T17:53:35.151802,"{""address"": ""Near Landmark 45, Colaba, Mumbai City"", ""latitude"": 18.90985714037688, ""longitude"": 72.8082418313915, ""district"": ""Mumbai City"", ""state"": ""Maharashtra""}",Incident of kidnapping reported near Mumbai City.,Detailed police incident report regarding KIDNAPPING under jurisdiction of Colaba Police Station. Investigation initiated by Officer Nikhil Patil (BADGE-MUM-1011). Initial inspection conducted at incident location.,"[{""act"": ""IPC"", ""section"": ""364"", ""description"": ""Kidnapping or abducting in order to murder""}, {""act"": ""IPC"", ""section"": ""364A"", ""description"": ""Kidnapping for ransom""}, {""act"": ""BNS"", ""section"": ""140"", ""description"": ""Kidnapping or abduction for ransom""}]",WALK_IN,USER-00006,USER-00006,2026-01-05T22:53:35.151802,2026-08-31T18:53:35.151945
CASE-000022,FIR/2024/PS-MUM-002/00022,STATION-PS-MUM-002,Bandra Police Station,OFFICER-00022,Gaurav Tiwari,BADGE-MUM-1022,NON_COGNIZABLE,DOMESTIC_VIOLENCE,MEDIUM,REGISTERED,2026-05-23T19:53:35.151990,2026-05-22T14:53:35.151990,"{""address"": ""Near Landmark 34, Bandra West, Mumbai Suburban"", ""latitude"": 19.058931497779685, ""longitude"": 72.82541174708005, ""district"": ""Mumbai Suburban"", ""state"": ""Maharashtra""}",Incident of domestic violence reported near Mumbai Suburban.,Detailed police incident report regarding DOMESTIC_VIOLENCE under jurisdiction of Bandra Police Station. Investigation initiated by Officer Gaurav Tiwari (BADGE-MUM-1022). Initial inspection conducted at incident location.,"[{""act"": ""IPC"", ""section"": ""498A"", ""description"": ""Husband or relative of husband subjecting woman to cruelty""}, {""act"": ""DV Act"", ""section"": ""12"", ""description"": ""Application to Magistrate for domestic violence relief""}]",WALK_IN,USER-00037,USER-00037,2026-05-23T19:53:35.151990,2026-08-31T18:53:35.152024
CASE-000023,FIR/2024/PS-PUN-001/00023,STATION-PS-PUN-001,Shivajinagar Police Station,OFFICER-00023,Yashoda Das,BADGE-PUN-1023,NON_COGNIZABLE,ACCIDENT,HIGH,CLOSED_SOLVED,2026-01-26T14:53:35.152053,2026-01-24T15:53:35.152053,"{""address"": ""Near Landmark 39, Shivajinagar, Pune"", ""latitude"": 18.516453641138725, ""longitude"": 73.85429095824493, ""district"": ""Pune"", ""state"": ""Maharashtra""}",Incident of accident reported near Pune.,Detailed police incident report regarding ACCIDENT under jurisdiction of Shivajinagar Police Station. Investigation initiated by Officer Yashoda Das (BADGE-PUN-1023). Initial inspection conducted at incident location.,"[{""act"": ""IPC"", ""section"": ""279"", ""description"": ""Rash driving or riding on a public way""}, {""act"": ""IPC"", ""section"": ""304A"", ""description"": ""Causing death by negligence""}, {""act"": ""Motor Vehicles Act"", ""section"": ""184"", ""description"": ""Dangerous driving""}]",WALK_IN,USER-00016,USER-00016,2026-01-26T14:53:35.152053,2026-08-31T18:53:35.152078
CASE-000024,FIR/2024/PS-DEL-001/00024,STATION-PS-DEL-001,Connaught Place Police Station,OFFICER-00044,Jitendra Mishra,BADGE-CEN-1044,COGNIZABLE,KIDNAPPING,MEDIUM,UNDER_INVESTIGATION,2025-06-27T05:53:35.152104,2025-06-25T07:53:35.152104,"{""address"": ""Near Landmark 89, Connaught Place, Central Delhi"", ""latitude"": 28.64878302571886, ""longitude"": 77.20655280510228, ""district"": ""Central Delhi"", ""state"": ""Delhi""}",Incident of kidnapping reported near Central Delhi.,Detailed police incident report regarding KIDNAPPING under jurisdiction of Connaught Place Police Station. Investigation initiated by Officer Jitendra Mishra (BADGE-CEN-1044). Initial inspection conducted at incident location.,"[{""act"": ""IPC"", ""section"": ""364"", ""description"": ""Kidnapping or abducting in order to murder""}, {""act"": ""IPC"", ""section"": ""364A"", ""description"": ""Kidnapping for ransom""}, {""act"": ""BNS"", ""section"": ""140"", ""description"": ""Kidnapping or abduction for ransom""}]",WALK_IN,USER-00210,USER-00210,2025-06-27T05:53:35.152104,2026-08-31T18:53:35.152131
CASE-000025,FIR/2024/PS-DEL-002/00025,STATION-PS-DEL-002,Hauz Khas Police Station,OFFICER-00045,Sunil Agarwal,BADGE-SOU-1045,COGNIZABLE,MURDER,HIGH,UNDER_INVESTIGATION,2026-02-02T05:53:35.152159,2026-01-31T10:53:35.152159,"{""address"": ""Near Landmark 13, Hauz Khas, South Delhi"", ""latitude"": 28.53508584630001, ""longitude"": 77.1826481059367, ""district"": ""South Delhi"", ""state"": ""Delhi""}",Incident of murder reported near South Delhi.,Detailed police incident report regarding MURDER under jurisdiction of Hauz Khas Police Station. Investigation initiated by Officer Sunil Agarwal (BADGE-SOU-1045). Initial inspection conducted at incident location.,"[{""act"": ""IPC"", ""section"": ""302"", ""description"": ""Punishment for murder""}, {""act"": ""IPC"", ""section"": ""307"", ""description"": ""Attempt to murder""}, {""act"": ""BNS"", ""section"": ""103"", ""description"": ""Punishment for murder""}]",WALK_IN,USER-00233,USER-00233,2026-02-02T05:53:35.152159,2026-08-31T18:53:35.152185
CASE-000026,FIR/2024/PS-BLR-001/00026,STATION-PS-BLR-001,Koramangala Police Station,OFFICER-00046,Indu Singh,BADGE-BAN-1046,COGNIZABLE,ROBBERY,HIGH,CHARGE_SHEET_FILED,2026-03-27T02:53:35.152222,2026-03-26T16:53:35.152222,"{""address"": ""Near Landmark 67, Koramangala 1st to 8th Blocks, Bangalore Urban"", ""latitude"": 12.919566718405724, ""longitude"": 77.63560313877377, ""district"": ""Bangalore Urban"", ""state"": ""Karnataka""}",Incident of robbery reported near Bangalore Urban.,Detailed police incident report regarding ROBBERY under jurisdiction of Koramangala Police Station. Investigation initiated by Officer Indu Singh (BADGE-BAN-1046). Initial inspection conducted at incident location.,"[{""act"": ""IPC"", ""section"": ""392"", ""description"": ""Punishment for robbery""}, {""act"": ""IPC"", ""section"": ""395"", ""description"": ""Punishment for dacoity""}, {""act"": ""BNS"", ""section"": ""309"", ""description"": ""Robbery""}]",WALK_IN,USER-00209,USER-00209,2026-03-27T02:53:35.152222,2026-08-31T18:53:35.152556
CASE-000027,FIR/2025/PS-BLR-002/00027,STATION-PS-BLR-002,Indiranagar Police Station,OFFICER-00037,Sunil Iyer,BADGE-BAN-1037,COGNIZABLE,KIDNAPPING,MEDIUM,REGISTERED,2026-01-25T04:53:35.152605,2026-01-23T15:53:35.152605,"{""address"": ""Near Landmark 90, Indiranagar 1st and 2nd Stages, Bangalore Urban"", ""latitude"": 12.969073107138843, ""longitude"": 77.65051620816662, ""district"": ""Bangalore Urban"", ""state"": ""Karnataka""}",Incident of kidnapping reported near Bangalore Urban.,Detailed police incident report regarding KIDNAPPING under jurisdiction of Indiranagar Police Station. Investigation initiated by Officer Sunil Iyer (BADGE-BAN-1037). Initial inspection conducted at incident location.,"[{""act"": ""IPC"", ""section"": ""364"", ""description"": ""Kidnapping or abducting in order to murder""}, {""act"": ""IPC"", ""section"": ""364A"", ""description"": ""Kidnapping for ransom""}, {""act"": ""BNS"", ""section"": ""140"", ""description"": ""Kidnapping or abduction for ransom""}]",WALK_IN,USER-00212,USER-00212,2026-01-25T04:53:35.152605,2026-08-31T18:53:35.152637
CASE-000028,FIR/2026/PS-CHE-001/00028,STATION-PS-CHE-001,T. Nagar Police Station,OFFICER-00028,Nirmala Dutta,BADGE-CHE-1028,NON_COGNIZABLE,DRUG_OFFENCE,CRITICAL,UNDER_INVESTIGATION,2026-07-29T20:53:35.152665,2026-07-28T14:53:35.152665,"{""address"": ""Near Landmark 54, T. Nagar, Chennai"", ""latitude"": 13.040240029035592, ""longitude"": 80.23405012633926, ""district"": ""Chennai"", ""state"": ""Tamil Nadu""}",Incident of drug offence reported near Chennai.,Detailed police incident report regarding DRUG_OFFENCE under jurisdiction of T. Nagar Police Station. Investigation initiated by Officer Nirmala Dutta (BADGE-CHE-1028). Initial inspection conducted at incident location.,"[{""act"": ""NDPS Act"", ""section"": ""20"", ""description"": ""Punishment for contravention in relation to cannabis""}, {""act"": ""NDPS Act"", ""section"": ""21"", ""description"": ""Punishment for contravention in relation to manufactured drugs""}]",WALK_IN,USER-00017,USER-00017,2026-07-29T20:53:35.152665,2026-08-31T18:53:35.152692
CASE-000029,FIR/2024/PS-CHE-002/00029,STATION-PS-CHE-002,Mylapore Police Station,OFFICER-00039,Deepa Saxena,BADGE-CHE-1039,NON_COGNIZABLE,DOMESTIC_VIOLENCE,LOW,UNDER_INVESTIGATION,2025-10-06T19:53:35.152724,2025-10-06T15:53:35.152724,"{""address"": ""Near Landmark 58, Mylapore, Chennai"", ""latitude"": 13.034788712100536, ""longitude"": 80.28482914731049, ""district"": ""Chennai"", ""state"": ""Tamil Nadu""}",Incident of domestic violence reported near Chennai.,Detailed police incident report regarding DOMESTIC_VIOLENCE under jurisdiction of Mylapore Police Station. Investigation initiated by Officer Deepa Saxena (BADGE-CHE-1039). Initial inspection conducted at incident location.,"[{""act"": ""IPC"", ""section"": ""498A"", ""description"": ""Husband or relative of husband subjecting woman to cruelty""}, {""act"": ""DV Act"", ""section"": ""12"", ""description"": ""Application to Magistrate for domestic violence relief""}]",WALK_IN,USER-00203,USER-00203,2025-10-06T19:53:35.152724,2026-08-31T18:53:35.152748
CASE-000030,FIR/2025/PS-LKO-001/00030,STATION-PS-LKO-001,Hazratganj Police Station,OFFICER-00010,Savita Kulkarni,BADGE-LUC-1010,NON_COGNIZABLE,DRUG_OFFENCE,MEDIUM,CLOSED_SOLVED,2025-04-24T16:53:35.152773,2025-04-24T08:53:35.152773,"{""address"": ""Near Landmark 60, Hazratganj, Lucknow"", ""latitude"": 26.834172742983714, ""longitude"": 80.94928006499983, ""district"": ""Lucknow"", ""state"": ""Uttar Pradesh""}",Incident of drug offence reported near Lucknow.,Detailed police incident report regarding DRUG_OFFENCE under jurisdiction of Hazratganj Police Station. Investigation initiated by Officer Savita Kulkarni (BADGE-LUC-1010). Initial inspection conducted at incident location.,"[{""act"": ""NDPS Act"", ""section"": ""20"", ""description"": ""Punishment for contravention in relation to cannabis""}, {""act"": ""NDPS Act"", ""section"": ""21"", ""description"": ""Punishment for contravention in relation to manufactured drugs""}]",WALK_IN,USER-00213,USER-00213,2025-04-24T16:53:35.152773,2026-08-31T18:53:35.152802
CASE-000031,FIR/2025/PS-MUM-001/00031,STATION-PS-MUM-001,Colaba Police Station,OFFICER-00021,Rakesh Tiwari,BADGE-MUM-1021,NON_COGNIZABLE,CYBER_CRIME,LOW,CLOSED_SOLVED,2026-08-16T23:53:35.152828,2026-08-15T17:53:35.152828,"{""address"": ""Near Landmark 90, Colaba, Mumbai City"", ""latitude"": 18.919344853809175, ""longitude"": 72.83653590137125, ""district"": ""Mumbai City"", ""state"": ""Maharashtra""}",Incident of cyber crime reported near Mumbai City.,Detailed police incident report regarding CYBER_CRIME under jurisdiction of Colaba Police Station. Investigation initiated by Officer Rakesh Tiwari (BADGE-MUM-1021). Initial inspection conducted at incident location.,"[{""act"": ""IT Act"", ""section"": ""66C"", ""description"": ""Punishment for identity theft""}, {""act"": ""IT Act"", ""section"": ""66D"", ""description"": ""Punishment for cheating by personation using computer resource""}, {""act"": ""IPC"", ""section"": ""420"", ""description"": ""Cheating and dishonestly inducing delivery of property""}]",WALK_IN,USER-00229,USER-00229,2026-08-16T23:53:35.152828,2026-08-31T18:53:35.152853
CASE-000032,FIR/2025/PS-MUM-002/00032,STATION-PS-MUM-002,Bandra Police Station,OFFICER-00022,Gaurav Tiwari,BADGE-MUM-1022,NON_COGNIZABLE,DRUG_OFFENCE,MEDIUM,CHARGE_SHEET_FILED,2025-09-23T11:53:35.152878,2025-09-22T15:53:35.152878,"{""address"": ""Near Landmark 71, Bandra West, Mumbai Suburban"", ""latitude"": 19.072514764610613, ""longitude"": 72.82678464535402, ""district"": ""Mumbai Suburban"", ""state"": ""Maharashtra""}",Incident of drug offence reported near Mumbai Suburban.,Detailed police incident report regarding DRUG_OFFENCE under jurisdiction of Bandra Police Station. Investigation initiated by Officer Gaurav Tiwari (BADGE-MUM-1022). Initial inspection conducted at incident location.,"[{""act"": ""NDPS Act"", ""section"": ""20"", ""description"": ""Punishment for contravention in relation to cannabis""}, {""act"": ""NDPS Act"", ""section"": ""21"", ""description"": ""Punishment for contravention in relation to manufactured drugs""}]",WALK_IN,USER-00048,USER-00048,2025-09-23T11:53:35.152878,2026-08-31T18:53:35.152901
CASE-000033,FIR/2025/PS-PUN-001/00033,STATION-PS-PUN-001,Shivajinagar Police Station,OFFICER-00023,Yashoda Das,BADGE-PUN-1023,COGNIZABLE,MURDER,LOW,REGISTERED,2025-10-12T16:53:35.152928,2025-10-10T17:53:35.152928,"{""address"": ""Near Landmark 49, Shivajinagar, Pune"", ""latitude"": 18.540953461751123, ""longitude"": 73.84241353468494, ""district"": ""Pune"", ""state"": ""Maharashtra""}",Incident of murder reported near Pune.,Detailed police incident report regarding MURDER under jurisdiction of Shivajinagar Police Station. Investigation initiated by Officer Yashoda Das (BADGE-PUN-1023). Initial inspection conducted at incident location.,"[{""act"": ""IPC"", ""section"": ""302"", ""description"": ""Punishment for murder""}, {""act"": ""IPC"", ""section"": ""307"", ""description"": ""Attempt to murder""}, {""act"": ""BNS"", ""section"": ""103"", ""description"": ""Punishment for murder""}]",WALK_IN,USER-00207,USER-00207,2025-10-12T16:53:35.152928,2026-08-31T18:53:35.152952
CASE-000034,FIR/2024/PS-DEL-001/00034,STATION-PS-DEL-001,Connaught Place Police Station,OFFICER-00014,Sachin Bhatt,BADGE-CEN-1014,NON_COGNIZABLE,THEFT,MEDIUM,CLOSED_UNSOLVED,2025-10-14T01:53:35.152979,2025-10-12T08:53:35.152979,"{""address"": ""Near Landmark 98, Connaught Place, Central Delhi"", ""latitude"": 28.643213455766414, ""longitude"": 77.2279694825394, ""district"": ""Central Delhi"", ""state"": ""Delhi""}",Incident of theft reported near Central Delhi.,Detailed police incident report regarding THEFT under jurisdiction of Connaught Place Police Station. Investigation initiated by Officer Sachin Bhatt (BADGE-CEN-1014). Initial inspection conducted at incident location.,"[{""act"": ""IPC"", ""section"": ""378"", ""description"": ""Theft""}, {""act"": ""IPC"", ""section"": ""379"", ""description"": ""Punishment for theft""}, {""act"": ""IPC"", ""section"": ""380"", ""description"": ""Theft in dwelling house""}, {""act"": ""BNS"", ""section"": ""303"", ""description"": ""Theft and aggravated theft""}]",WALK_IN,USER-00238,USER-00238,2025-10-14T01:53:35.152979,2026-08-31T18:53:35.153010
CASE-000035,FIR/2026/PS-DEL-002/00035,STATION-PS-DEL-002,Hauz Khas Police Station,OFFICER-00015,Nikhil Gowda,BADGE-SOU-1015,NON_COGNIZABLE,CYBER_CRIME,MEDIUM,CLOSED_SOLVED,2025-04-24T12:53:35.153037,2025-04-24T09:53:35.153037,"{""address"": ""Near Landmark 29, Hauz Khas, South Delhi"", ""latitude"": 28.560194609451212, ""longitude"": 77.20121958237212, ""district"": ""South Delhi"", ""state"": ""Delhi""}",Incident of cyber crime reported near South Delhi.,Detailed police incident report regarding CYBER_CRIME under jurisdiction of Hauz Khas Police Station. Investigation initiated by Officer Nikhil Gowda (BADGE-SOU-1015). Initial inspection conducted at incident location.,"[{""act"": ""IT Act"", ""section"": ""66C"", ""description"": ""Punishment for identity theft""}, {""act"": ""IT Act"", ""section"": ""66D"", ""description"": ""Punishment for cheating by personation using computer resource""}, {""act"": ""IPC"", ""section"": ""420"", ""description"": ""Cheating and dishonestly inducing delivery of property""}]",WALK_IN,USER-00225,USER-00225,2025-04-24T12:53:35.153037,2026-08-31T18:53:35.153061
CASE-000036,FIR/2024/PS-BLR-001/00036,STATION-PS-BLR-001,Koramangala Police Station,OFFICER-00046,Indu Singh,BADGE-BAN-1046,NON_COGNIZABLE,OTHERS,MEDIUM,CLOSED_UNSOLVED,2026-01-29T12:53:35.153086,2026-01-27T15:53:35.153086,"{""address"": ""Near Landmark 59, Koramangala 1st to 8th Blocks, Bangalore Urban"", ""latitude"": 12.950253692000757, ""longitude"": 77.63031440419657, ""district"": ""Bangalore Urban"", ""state"": ""Karnataka""}",Incident of others reported near Bangalore Urban.,Detailed police incident report regarding OTHERS under jurisdiction of Koramangala Police Station. Investigation initiated by Officer Indu Singh (BADGE-BAN-1046). Initial inspection conducted at incident location.,"[{""act"": ""IPC"", ""section"": ""506"", ""description"": ""Punishment for criminal intimidation""}]",WALK_IN,USER-00031,USER-00031,2026-01-29T12:53:35.153086,2026-08-31T18:53:35.153109
CASE-000037,FIR/2025/PS-BLR-002/00037,STATION-PS-BLR-002,Indiranagar Police Station,OFFICER-00007,Ravi Singh,BADGE-BAN-1007,NON_COGNIZABLE,OTHERS,MEDIUM,UNDER_INVESTIGATION,2026-05-29T07:53:35.153135,2026-05-28T06:53:35.153135,"{""address"": ""Near Landmark 27, Indiranagar 1st and 2nd Stages, Bangalore Urban"", ""latitude"": 12.992571529338225, ""longitude"": 77.63606195429975, ""district"": ""Bangalore Urban"", ""state"": ""Karnataka""}",Incident of others reported near Bangalore Urban.,Detailed police incident report regarding OTHERS under jurisdiction of Indiranagar Police Station. Investigation initiated by Officer Ravi Singh (BADGE-BAN-1007). Initial inspection conducted at incident location.,"[{""act"": ""IPC"", ""section"": ""506"", ""description"": ""Punishment for criminal intimidation""}]",WALK_IN,USER-00224,USER-00224,2026-05-29T07:53:35.153135,2026-08-31T18:53:35.153158
CASE-000038,FIR/2025/PS-CHE-001/00038,STATION-PS-CHE-001,T. Nagar Police Station,OFFICER-00038,Mohan Mehta,BADGE-CHE-1038,NON_COGNIZABLE,ACCIDENT,HIGH,COURT_PROCEEDINGS,2026-08-15T08:53:35.153183,2026-08-14T14:53:35.153183,"{""address"": ""Near Landmark 20, T. Nagar, Chennai"", ""latitude"": 13.040033873753531, ""longitude"": 80.23779580679846, ""district"": ""Chennai"", ""state"": ""Tamil Nadu""}",Incident of accident reported near Chennai.,Detailed police incident report regarding ACCIDENT under jurisdiction of T. Nagar Police Station. Investigation initiated by Officer Mohan Mehta (BADGE-CHE-1038). Initial inspection conducted at incident location.,"[{""act"": ""IPC"", ""section"": ""279"", ""description"": ""Rash driving or riding on a public way""}, {""act"": ""IPC"", ""section"": ""304A"", ""description"": ""Causing death by negligence""}, {""act"": ""Motor Vehicles Act"", ""section"": ""184"", ""description"": ""Dangerous driving""}]",WALK_IN,USER-00201,USER-00201,2026-08-15T08:53:35.153183,2026-08-31T18:53:35.153212
CASE-000039,FIR/2025/PS-CHE-002/00039,STATION-PS-CHE-002,Mylapore Police Station,OFFICER-00019,Aditya Dubey,BADGE-CHE-1019,NON_COGNIZABLE,ACCIDENT,MEDIUM,CHARGE_SHEET_FILED,2026-01-19T13:53:35.153237,2026-01-19T08:53:35.153237,"{""address"": ""Near Landmark 33, Mylapore, Chennai"", ""latitude"": 13.038428043064195, ""longitude"": 80.27557446152595, ""district"": ""Chennai"", ""state"": ""Tamil Nadu""}",Incident of accident reported near Chennai.,Detailed police incident report regarding ACCIDENT under jurisdiction of Mylapore Police Station. Investigation initiated by Officer Aditya Dubey (BADGE-CHE-1019). Initial inspection conducted at incident location.,"[{""act"": ""IPC"", ""section"": ""279"", ""description"": ""Rash driving or riding on a public way""}, {""act"": ""IPC"", ""section"": ""304A"", ""description"": ""Causing death by negligence""}, {""act"": ""Motor Vehicles Act"", ""section"": ""184"", ""description"": ""Dangerous driving""}]",WALK_IN,USER-00214,USER-00214,2026-01-19T13:53:35.153237,2026-08-31T18:53:35.153260
CASE-000040,FIR/2026/PS-LKO-001/00040,STATION-PS-LKO-001,Hazratganj Police Station,OFFICER-00020,Rajesh Dubey,BADGE-LUC-1020,NON_COGNIZABLE,DOMESTIC_VIOLENCE,HIGH,UNDER_INVESTIGATION,2026-01-22T07:53:35.153284,2026-01-21T06:53:35.153284,"{""address"": ""Near Landmark 85, Hazratganj, Lucknow"", ""latitude"": 26.859810489144316, ""longitude"": 80.96456940876539, ""district"": ""Lucknow"", ""state"": ""Uttar Pradesh""}",Incident of domestic violence reported near Lucknow.,Detailed police incident report regarding DOMESTIC_VIOLENCE under jurisdiction of Hazratganj Police Station. Investigation initiated by Officer Rajesh Dubey (BADGE-LUC-1020). Initial inspection conducted at incident location.,"[{""act"": ""IPC"", ""section"": ""498A"", ""description"": ""Husband or relative of husband subjecting woman to cruelty""}, {""act"": ""DV Act"", ""section"": ""12"", ""description"": ""Application to Magistrate for domestic violence relief""}]",WALK_IN,USER-00223,USER-00223,2026-01-22T07:53:35.153284,2026-08-31T18:53:35.153308
CASE-000041,FIR/2026/PS-MUM-001/00041,STATION-PS-MUM-001,Colaba Police Station,OFFICER-00011,Nikhil Patil,BADGE-MUM-1011,NON_COGNIZABLE,ACCIDENT,MEDIUM,CHARGE_SHEET_FILED,2026-04-30T06:53:35.153331,2026-04-28T06:53:35.153331,"{""address"": ""Near Landmark 89, Colaba, Mumbai City"", ""latitude"": 18.90815404034568, ""longitude"": 72.82963780679776, ""district"": ""Mumbai City"", ""state"": ""Maharashtra""}",Incident of accident reported near Mumbai City.,Detailed police incident report regarding ACCIDENT under jurisdiction of Colaba Police Station. Investigation initiated by Officer Nikhil Patil (BADGE-MUM-1011). Initial inspection conducted at incident location.,"[{""act"": ""IPC"", ""section"": ""279"", ""description"": ""Rash driving or riding on a public way""}, {""act"": ""IPC"", ""section"": ""304A"", ""description"": ""Causing death by negligence""}, {""act"": ""Motor Vehicles Act"", ""section"": ""184"", ""description"": ""Dangerous driving""}]",WALK_IN,USER-00233,USER-00233,2026-04-30T06:53:35.153331,2026-08-31T18:53:35.153353
CASE-000042,FIR/2026/PS-MUM-002/00042,STATION-PS-MUM-002,Bandra Police Station,OFFICER-00002,Jitendra Tripathi,BADGE-MUM-1002,NON_COGNIZABLE,DOMESTIC_VIOLENCE,HIGH,CLOSED_SOLVED,2025-10-26T08:53:35.153376,2025-10-25T17:53:35.153376,"{""address"": ""Near Landmark 19, Bandra West, Mumbai Suburban"", ""latitude"": 19.069665943450104, ""longitude"": 72.84929033776741, ""district"": ""Mumbai Suburban"", ""state"": ""Maharashtra""}",Incident of domestic violence reported near Mumbai Suburban.,Detailed police incident report regarding DOMESTIC_VIOLENCE under jurisdiction of Bandra Police Station. Investigation initiated by Officer Jitendra Tripathi (BADGE-MUM-1002). Initial inspection conducted at incident location.,"[{""act"": ""IPC"", ""section"": ""498A"", ""description"": ""Husband or relative of husband subjecting woman to cruelty""}, {""act"": ""DV Act"", ""section"": ""12"", ""description"": ""Application to Magistrate for domestic violence relief""}]",WALK_IN,USER-00247,USER-00247,2025-10-26T08:53:35.153376,2026-08-31T18:53:35.153449
CASE-000043,FIR/2026/PS-PUN-001/00043,STATION-PS-PUN-001,Shivajinagar Police Station,OFFICER-00043,Chandan Chatterjee,BADGE-PUN-1043,NON_COGNIZABLE,THEFT,HIGH,COURT_PROCEEDINGS,2025-09-19T06:53:35.153497,2025-09-18T14:53:35.153497,"{""address"": ""Near Landmark 39, Shivajinagar, Pune"", ""latitude"": 18.53312472155103, ""longitude"": 73.84014175079709, ""district"": ""Pune"", ""state"": ""Maharashtra""}",Incident of theft reported near Pune.,Detailed police incident report regarding THEFT under jurisdiction of Shivajinagar Police Station. Investigation initiated by Officer Chandan Chatterjee (BADGE-PUN-1043). Initial inspection conducted at incident location.,"[{""act"": ""IPC"", ""section"": ""378"", ""description"": ""Theft""}, {""act"": ""IPC"", ""section"": ""379"", ""description"": ""Punishment for theft""}, {""act"": ""IPC"", ""section"": ""380"", ""description"": ""Theft in dwelling house""}, {""act"": ""BNS"", ""section"": ""303"", ""description"": ""Theft and aggravated theft""}]",WALK_IN,USER-00243,USER-00243,2025-09-19T06:53:35.153497,2026-08-31T18:53:35.153528
CASE-000044,FIR/2026/PS-DEL-001/00044,STATION-PS-DEL-001,Connaught Place Police Station,OFFICER-00034,Vivek Nair,BADGE-CEN-1034,NON_COGNIZABLE,CYBER_CRIME,HIGH,UNDER_INVESTIGATION,2025-04-21T16:53:35.153551,2025-04-20T16:53:35.153551,"{""address"": ""Near Landmark 40, Connaught Place, Central Delhi"", ""latitude"": 28.615901354102196, ""longitude"": 77.22525799440564, ""district"": ""Central Delhi"", ""state"": ""Delhi""}",Incident of cyber crime reported near Central Delhi.,Detailed police incident report regarding CYBER_CRIME under jurisdiction of Connaught Place Police Station. Investigation initiated by Officer Vivek Nair (BADGE-CEN-1034). Initial inspection conducted at incident location.,"[{""act"": ""IT Act"", ""section"": ""66C"", ""description"": ""Punishment for identity theft""}, {""act"": ""IT Act"", ""section"": ""66D"", ""description"": ""Punishment for cheating by personation using computer resource""}, {""act"": ""IPC"", ""section"": ""420"", ""description"": ""Cheating and dishonestly inducing delivery of property""}]",WALK_IN,USER-00008,USER-00008,2025-04-21T16:53:35.153551,2026-08-31T18:53:35.153570
CASE-000045,FIR/2026/PS-DEL-002/00045,STATION-PS-DEL-002,Hauz Khas Police Station,OFFICER-00015,Nikhil Gowda,BADGE-SOU-1015,NON_COGNIZABLE,OTHERS,LOW,REGISTERED,2025-11-12T10:53:35.153586,2025-11-11T16:53:35.153586,"{""address"": ""Near Landmark 65, Hauz Khas, South Delhi"", ""latitude"": 28.565493368062803, ""longitude"": 77.20661029139177, ""district"": ""South Delhi"", ""state"": ""Delhi""}",Incident of others reported near South Delhi.,Detailed police incident report regarding OTHERS under jurisdiction of Hauz Khas Police Station. Investigation initiated by Officer Nikhil Gowda (BADGE-SOU-1015). Initial inspection conducted at incident location.,"[{""act"": ""IPC"", ""section"": ""506"", ""description"": ""Punishment for criminal intimidation""}]",WALK_IN,USER-00024,USER-00024,2025-11-12T10:53:35.153586,2026-08-31T18:53:35.153606
CASE-000046,FIR/2025/PS-BLR-001/00046,STATION-PS-BLR-001,Koramangala Police Station,OFFICER-00006,Nandini Shah,BADGE-BAN-1006,COGNIZABLE,MURDER,MEDIUM,UNDER_INVESTIGATION,2026-07-14T12:53:35.153621,2026-07-13T07:53:35.153621,"{""address"": ""Near Landmark 74, Koramangala 1st to 8th Blocks, Bangalore Urban"", ""latitude"": 12.921606759680522, ""longitude"": 77.62362090265714, ""district"": ""Bangalore Urban"", ""state"": ""Karnataka""}",Incident of murder reported near Bangalore Urban.,Detailed police incident report regarding MURDER under jurisdiction of Koramangala Police Station. Investigation initiated by Officer Nandini Shah (BADGE-BAN-1006). Initial inspection conducted at incident location.,"[{""act"": ""IPC"", ""section"": ""302"", ""description"": ""Punishment for murder""}, {""act"": ""IPC"", ""section"": ""307"", ""description"": ""Attempt to murder""}, {""act"": ""BNS"", ""section"": ""103"", ""description"": ""Punishment for murder""}]",WALK_IN,USER-00238,USER-00238,2026-07-14T12:53:35.153621,2026-08-31T18:53:35.153642
CASE-000047,FIR/2024/PS-BLR-002/00047,STATION-PS-BLR-002,Indiranagar Police Station,OFFICER-00027,Tarun Pandey,BADGE-BAN-1027,COGNIZABLE,ROBBERY,LOW,CLOSED_SOLVED,2025-08-11T17:53:35.153676,2025-08-10T10:53:35.153676,"{""address"": ""Near Landmark 11, Indiranagar 1st and 2nd Stages, Bangalore Urban"", ""latitude"": 12.991100879816006, ""longitude"": 77.65244995381886, ""district"": ""Bangalore Urban"", ""state"": ""Karnataka""}",Incident of robbery reported near Bangalore Urban.,Detailed police incident report regarding ROBBERY under jurisdiction of Indiranagar Police Station. Investigation initiated by Officer Tarun Pandey (BADGE-BAN-1027). Initial inspection conducted at incident location.,"[{""act"": ""IPC"", ""section"": ""392"", ""description"": ""Punishment for robbery""}, {""act"": ""IPC"", ""section"": ""395"", ""description"": ""Punishment for dacoity""}, {""act"": ""BNS"", ""section"": ""309"", ""description"": ""Robbery""}]",WALK_IN,USER-00211,USER-00211,2025-08-11T17:53:35.153676,2026-08-31T18:53:35.153712
CASE-000048,FIR/2025/PS-CHE-001/00048,STATION-PS-CHE-001,T. Nagar Police Station,OFFICER-00018,Rekha Mishra,BADGE-CHE-1018,COGNIZABLE,KIDNAPPING,CRITICAL,REGISTERED,2026-06-13T11:53:35.153732,2026-06-12T06:53:35.153732,"{""address"": ""Near Landmark 81, T. Nagar, Chennai"", ""latitude"": 13.033415476268967, ""longitude"": 80.21835837914718, ""district"": ""Chennai"", ""state"": ""Tamil Nadu""}",Incident of kidnapping reported near Chennai.,Detailed police incident report regarding KIDNAPPING under jurisdiction of T. Nagar Police Station. Investigation initiated by Officer Rekha Mishra (BADGE-CHE-1018). Initial inspection conducted at incident location.,"[{""act"": ""IPC"", ""section"": ""364"", ""description"": ""Kidnapping or abducting in order to murder""}, {""act"": ""IPC"", ""section"": ""364A"", ""description"": ""Kidnapping for ransom""}, {""act"": ""BNS"", ""section"": ""140"", ""description"": ""Kidnapping or abduction for ransom""}]",WALK_IN,USER-00004,USER-00004,2026-06-13T11:53:35.153732,2026-08-31T18:53:35.153749
CASE-000049,FIR/2026/PS-CHE-002/00049,STATION-PS-CHE-002,Mylapore Police Station,OFFICER-00049,Arjun Iyer,BADGE-CHE-1049,NON_COGNIZABLE,FINANCIAL_CRIME,MEDIUM,UNDER_INVESTIGATION,2025-08-20T15:53:35.153764,2025-08-19T09:53:35.153764,"{""address"": ""Near Landmark 44, Mylapore, Chennai"", ""latitude"": 13.035613263454056, ""longitude"": 80.28821970466797, ""district"": ""Chennai"", ""state"": ""Tamil Nadu""}",Incident of financial crime reported near Chennai.,Detailed police incident report regarding FINANCIAL_CRIME under jurisdiction of Mylapore Police Station. Investigation initiated by Officer Arjun Iyer (BADGE-CHE-1049). Initial inspection conducted at incident location.,"[{""act"": ""PMLA"", ""section"": ""3"", ""description"": ""Offence of money-laundering""}, {""act"": ""IPC"", ""section"": ""409"", ""description"": ""Criminal breach of trust by public servant, banker, merchant or agent""}]",WALK_IN,USER-00207,USER-00207,2025-08-20T15:53:35.153764,2026-08-31T18:53:35.153779
CASE-000050,FIR/2025/PS-LKO-001/00050,STATION-PS-LKO-001,Hazratganj Police Station,OFFICER-00020,Rajesh Dubey,BADGE-LUC-1020,NON_COGNIZABLE,MISSING_PERSON,LOW,UNDER_INVESTIGATION,2025-05-21T02:53:35.153793,2025-05-20T16:53:35.153793,"{""address"": ""Near Landmark 51, Hazratganj, Lucknow"", ""latitude"": 26.852583218340783, ""longitude"": 80.95089030045155, ""district"": ""Lucknow"", ""state"": ""Uttar Pradesh""}",Incident of missing person reported near Lucknow.,Detailed police incident report regarding MISSING_PERSON under jurisdiction of Hazratganj Police Station. Investigation initiated by Officer Rajesh Dubey (BADGE-LUC-1020). Initial inspection conducted at incident location.,"[{""act"": ""IPC"", ""section"": ""363"", ""description"": ""Punishment for kidnapping""}, {""act"": ""BNS"", ""section"": ""137"", ""description"": ""Kidnapping""}]",WALK_IN,USER-00206,USER-00206,2025-05-21T02:53:35.153793,2026-08-31T18:53:35.153807
CASE-000051,FIR/2026/PS-MUM-001/00051,STATION-PS-MUM-001,Colaba Police Station,OFFICER-00001,Sanjay Bhatt,BADGE-MUM-1001,NON_COGNIZABLE,ACCIDENT,MEDIUM,COURT_PROCEEDINGS,2025-08-29T02:53:35.153821,2025-08-28T14:53:35.153821,"{""address"": ""Near Landmark 85, Colaba, Mumbai City"", ""latitude"": 18.90706836479367, ""longitude"": 72.82619395839609, ""district"": ""Mumbai City"", ""state"": ""Maharashtra""}",Incident of accident reported near Mumbai City.,Detailed police incident report regarding ACCIDENT under jurisdiction of Colaba Police Station. Investigation initiated by Officer Sanjay Bhatt (BADGE-MUM-1001). Initial inspection conducted at incident location.,"[{""act"": ""IPC"", ""section"": ""279"", ""description"": ""Rash driving or riding on a public way""}, {""act"": ""IPC"", ""section"": ""304A"", ""description"": ""Causing death by negligence""}, {""act"": ""Motor Vehicles Act"", ""section"": ""184"", ""description"": ""Dangerous driving""}]",WALK_IN,USER-00220,USER-00220,2025-08-29T02:53:35.153821,2026-08-31T18:53:35.153835
CASE-000052,FIR/2026/PS-MUM-002/00052,STATION-PS-MUM-002,Bandra Police Station,OFFICER-00032,Umesh Deshmukh,BADGE-MUM-1032,NON_COGNIZABLE,OTHERS,MEDIUM,UNDER_INVESTIGATION,2025-06-08T14:53:35.153848,2025-06-07T07:53:35.153848,"{""address"": ""Near Landmark 61, Bandra West, Mumbai Suburban"", ""latitude"": 19.075402386643685, ""longitude"": 72.81496718099878, ""district"": ""Mumbai Suburban"", ""state"": ""Maharashtra""}",Incident of others reported near Mumbai Suburban.,Detailed police incident report regarding OTHERS under jurisdiction of Bandra Police Station. Investigation initiated by Officer Umesh Deshmukh (BADGE-MUM-1032). Initial inspection conducted at incident location.,"[{""act"": ""IPC"", ""section"": ""506"", ""description"": ""Punishment for criminal intimidation""}]",WALK_IN,USER-00214,USER-00214,2025-06-08T14:53:35.153848,2026-08-31T18:53:35.153861
CASE-000053,FIR/2026/PS-PUN-001/00053,STATION-PS-PUN-001,Shivajinagar Police Station,OFFICER-00023,Yashoda Das,BADGE-PUN-1023,NON_COGNIZABLE,CYBER_CRIME,LOW,UNDER_INVESTIGATION,2026-08-18T19:53:35.153876,2026-08-18T13:53:35.153876,"{""address"": ""Near Landmark 76, Shivajinagar, Pune"", ""latitude"": 18.528003560519505, ""longitude"": 73.83467259435994, ""district"": ""Pune"", ""state"": ""Maharashtra""}",Incident of cyber crime reported near Pune.,Detailed police incident report regarding CYBER_CRIME under jurisdiction of Shivajinagar Police Station. Investigation initiated by Officer Yashoda Das (BADGE-PUN-1023). Initial inspection conducted at incident location.,"[{""act"": ""IT Act"", ""section"": ""66C"", ""description"": ""Punishment for identity theft""}, {""act"": ""IT Act"", ""section"": ""66D"", ""description"": ""Punishment for cheating by personation using computer resource""}, {""act"": ""IPC"", ""section"": ""420"", ""description"": ""Cheating and dishonestly inducing delivery of property""}]",WALK_IN,USER-00025,USER-00025,2026-08-18T19:53:35.153876,2026-08-31T18:53:35.153890
CASE-000054,FIR/2026/PS-DEL-001/00054,STATION-PS-DEL-001,Connaught Place Police Station,OFFICER-00014,Sachin Bhatt,BADGE-CEN-1014,NON_COGNIZABLE,MISSING_PERSON,MEDIUM,CHARGE_SHEET_FILED,2026-08-17T15:53:35.153904,2026-08-16T12:53:35.153904,"{""address"": ""Near Landmark 71, Connaught Place, Central Delhi"", ""latitude"": 28.63672289028907, ""longitude"": 77.23131778074459, ""district"": ""Central Delhi"", ""state"": ""Delhi""}",Incident of missing person reported near Central Delhi.,Detailed police incident report regarding MISSING_PERSON under jurisdiction of Connaught Place Police Station. Investigation initiated by Officer Sachin Bhatt (BADGE-CEN-1014). Initial inspection conducted at incident location.,"[{""act"": ""IPC"", ""section"": ""363"", ""description"": ""Punishment for kidnapping""}, {""act"": ""BNS"", ""section"": ""137"", ""description"": ""Kidnapping""}]",WALK_IN,USER-00212,USER-00212,2026-08-17T15:53:35.153904,2026-08-31T18:53:35.153916
CASE-000055,FIR/2025/PS-DEL-002/00055,STATION-PS-DEL-002,Hauz Khas Police Station,OFFICER-00005,Vivek Chatterjee,BADGE-SOU-1005,NON_COGNIZABLE,ACCIDENT,MEDIUM,UNDER_INVESTIGATION,2026-05-07T14:53:35.153930,2026-05-06T15:53:35.153930,"{""address"": ""Near Landmark 57, Hauz Khas, South Delhi"", ""latitude"": 28.564808757693807, ""longitude"": 77.18152564238108, ""district"": ""South Delhi"", ""state"": ""Delhi""}",Incident of accident reported near South Delhi.,Detailed police incident report regarding ACCIDENT under jurisdiction of Hauz Khas Police Station. Investigation initiated by Officer Vivek Chatterjee (BADGE-SOU-1005). Initial inspection conducted at incident location.,"[{""act"": ""IPC"", ""section"": ""279"", ""description"": ""Rash driving or riding on a public way""}, {""act"": ""IPC"", ""section"": ""304A"", ""description"": ""Causing death by negligence""}, {""act"": ""Motor Vehicles Act"", ""section"": ""184"", ""description"": ""Dangerous driving""}]",WALK_IN,USER-00004,USER-00004,2026-05-07T14:53:35.153930,2026-08-31T18:53:35.153942
CASE-000056,FIR/2026/PS-BLR-001/00056,STATION-PS-BLR-001,Koramangala Police Station,OFFICER-00026,Vandana Chauhan,BADGE-BAN-1026,NON_COGNIZABLE,CYBER_CRIME,MEDIUM,REGISTERED,2025-09-19T07:53:35.153956,2025-09-18T16:53:35.153956,"{""address"": ""Near Landmark 85, Koramangala 1st to 8th Blocks, Bangalore Urban"", ""latitude"": 12.934451031952094, ""longitude"": 77.62234744855067, ""district"": ""Bangalore Urban"", ""state"": ""Karnataka""}",Incident of cyber crime reported near Bangalore Urban.,Detailed police incident report regarding CYBER_CRIME under jurisdiction of Koramangala Police Station. Investigation initiated by Officer Vandana Chauhan (BADGE-BAN-1026). Initial inspection conducted at incident location.,"[{""act"": ""IT Act"", ""section"": ""66C"", ""description"": ""Punishment for identity theft""}, {""act"": ""IT Act"", ""section"": ""66D"", ""description"": ""Punishment for cheating by personation using computer resource""}, {""act"": ""IPC"", ""section"": ""420"", ""description"": ""Cheating and dishonestly inducing delivery of property""}]",WALK_IN,USER-00220,USER-00220,2025-09-19T07:53:35.153956,2026-08-31T18:53:35.153973
CASE-000057,FIR/2024/PS-BLR-002/00057,STATION-PS-BLR-002,Indiranagar Police Station,OFFICER-00007,Ravi Singh,BADGE-BAN-1007,COGNIZABLE,ROBBERY,LOW,CHARGE_SHEET_FILED,2025-11-30T03:53:35.153988,2025-11-28T08:53:35.153988,"{""address"": ""Near Landmark 37, Indiranagar 1st and 2nd Stages, Bangalore Urban"", ""latitude"": 12.969629580429473, ""longitude"": 77.64809800827807, ""district"": ""Bangalore Urban"", ""state"": ""Karnataka""}",Incident of robbery reported near Bangalore Urban.,Detailed police incident report regarding ROBBERY under jurisdiction of Indiranagar Police Station. Investigation initiated by Officer Ravi Singh (BADGE-BAN-1007). Initial inspection conducted at incident location.,"[{""act"": ""IPC"", ""section"": ""392"", ""description"": ""Punishment for robbery""}, {""act"": ""IPC"", ""section"": ""395"", ""description"": ""Punishment for dacoity""}, {""act"": ""BNS"", ""section"": ""309"", ""description"": ""Robbery""}]",WALK_IN,USER-00226,USER-00226,2025-11-30T03:53:35.153988,2026-08-31T18:53:35.154002
CASE-000058,FIR/2026/PS-CHE-001/00058,STATION-PS-CHE-001,T. Nagar Police Station,OFFICER-00038,Mohan Mehta,BADGE-CHE-1038,COGNIZABLE,ROBBERY,CRITICAL,CHARGE_SHEET_FILED,2025-12-02T05:53:35.154017,2025-12-01T13:53:35.154017,"{""address"": ""Near Landmark 75, T. Nagar, Chennai"", ""latitude"": 13.055669861669244, ""longitude"": 80.2347627628679, ""district"": ""Chennai"", ""state"": ""Tamil Nadu""}",Incident of robbery reported near Chennai.,Detailed police incident report regarding ROBBERY under jurisdiction of T. Nagar Police Station. Investigation initiated by Officer Mohan Mehta (BADGE-CHE-1038). Initial inspection conducted at incident location.,"[{""act"": ""IPC"", ""section"": ""392"", ""description"": ""Punishment for robbery""}, {""act"": ""IPC"", ""section"": ""395"", ""description"": ""Punishment for dacoity""}, {""act"": ""BNS"", ""section"": ""309"", ""description"": ""Robbery""}]",WALK_IN,USER-00039,USER-00039,2025-12-02T05:53:35.154017,2026-08-31T18:53:35.154031
CASE-000059,FIR/2026/PS-CHE-002/00059,STATION-PS-CHE-002,Mylapore Police Station,OFFICER-00039,Deepa Saxena,BADGE-CHE-1039,NON_COGNIZABLE,FRAUD,HIGH,CHARGE_SHEET_FILED,2026-07-27T22:53:35.154045,2026-07-26T16:53:35.154045,"{""address"": ""Near Landmark 73, Mylapore, Chennai"", ""latitude"": 13.027930368734584, ""longitude"": 80.25933086026453, ""district"": ""Chennai"", ""state"": ""Tamil Nadu""}",Incident of fraud reported near Chennai.,Detailed police incident report regarding FRAUD under jurisdiction of Mylapore Police Station. Investigation initiated by Officer Deepa Saxena (BADGE-CHE-1039). Initial inspection conducted at incident location.,"[{""act"": ""IPC"", ""section"": ""420"", ""description"": ""Cheating and dishonestly inducing delivery of property""}, {""act"": ""IPC"", ""section"": ""406"", ""description"": ""Punishment for criminal breach of trust""}, {""act"": ""IPC"", ""section"": ""468"", ""description"": ""Forgery for purpose of cheating""}]",WALK_IN,USER-00024,USER-00024,2026-07-27T22:53:35.154045,2026-08-31T18:53:35.154058
CASE-000060,FIR/2024/PS-LKO-001/00060,STATION-PS-LKO-001,Hazratganj Police Station,OFFICER-00030,Yogesh Mishra,BADGE-LUC-1030,NON_COGNIZABLE,CYBER_CRIME,CRITICAL,UNDER_INVESTIGATION,2026-02-12T04:53:35.154070,2026-02-10T15:53:35.154070,"{""address"": ""Near Landmark 25, Hazratganj, Lucknow"", ""latitude"": 26.83948022983446, ""longitude"": 80.92919494649855, ""district"": ""Lucknow"", ""state"": ""Uttar Pradesh""}",Incident of cyber crime reported near Lucknow.,Detailed police incident report regarding CYBER_CRIME under jurisdiction of Hazratganj Police Station. Investigation initiated by Officer Yogesh Mishra (BADGE-LUC-1030). Initial inspection conducted at incident location.,"[{""act"": ""IT Act"", ""section"": ""66C"", ""description"": ""Punishment for identity theft""}, {""act"": ""IT Act"", ""section"": ""66D"", ""description"": ""Punishment for cheating by personation using computer resource""}, {""act"": ""IPC"", ""section"": ""420"", ""description"": ""Cheating and dishonestly inducing delivery of property""}]",WALK_IN,USER-00047,USER-00047,2026-02-12T04:53:35.154070,2026-08-31T18:53:35.154099
CASE-000061,FIR/2024/PS-MUM-001/00061,STATION-PS-MUM-001,Colaba Police Station,OFFICER-00031,Uma Naidu,BADGE-MUM-1031,COGNIZABLE,ROBBERY,CRITICAL,UNDER_INVESTIGATION,2026-05-01T04:53:35.154115,2026-04-30T10:53:35.154115,"{""address"": ""Near Landmark 49, Colaba, Mumbai City"", ""latitude"": 18.92604942849199, ""longitude"": 72.83025971798315, ""district"": ""Mumbai City"", ""state"": ""Maharashtra""}",Incident of robbery reported near Mumbai City.,Detailed police incident report regarding ROBBERY under jurisdiction of Colaba Police Station. Investigation initiated by Officer Uma Naidu (BADGE-MUM-1031). Initial inspection conducted at incident location.,"[{""act"": ""IPC"", ""section"": ""392"", ""description"": ""Punishment for robbery""}, {""act"": ""IPC"", ""section"": ""395"", ""description"": ""Punishment for dacoity""}, {""act"": ""BNS"", ""section"": ""309"", ""description"": ""Robbery""}]",WALK_IN,USER-00044,USER-00044,2026-05-01T04:53:35.154115,2026-08-31T18:53:35.154129
CASE-000062,FIR/2025/PS-MUM-002/00062,STATION-PS-MUM-002,Bandra Police Station,OFFICER-00012,Pankaj Banerjee,BADGE-MUM-1012,NON_COGNIZABLE,ASSAULT,MEDIUM,UNDER_INVESTIGATION,2025-08-08T17:53:35.154143,2025-08-08T11:53:35.154143,"{""address"": ""Near Landmark 21, Bandra West, Mumbai Suburban"", ""latitude"": 19.076369338450032, ""longitude"": 72.84094026137812, ""district"": ""Mumbai Suburban"", ""state"": ""Maharashtra""}",Incident of assault reported near Mumbai Suburban.,Detailed police incident report regarding ASSAULT under jurisdiction of Bandra Police Station. Investigation initiated by Officer Pankaj Banerjee (BADGE-MUM-1012). Initial inspection conducted at incident location.,"[{""act"": ""IPC"", ""section"": ""323"", ""description"": ""Punishment for voluntarily causing hurt""}, {""act"": ""IPC"", ""section"": ""325"", ""description"": ""Punishment for voluntarily causing grievous hurt""}, {""act"": ""BNS"", ""section"": ""115"", ""description"": ""Voluntarily causing hurt""}]",WALK_IN,USER-00044,USER-00044,2025-08-08T17:53:35.154143,2026-08-31T18:53:35.154160
CASE-000063,FIR/2024/PS-PUN-001/00063,STATION-PS-PUN-001,Shivajinagar Police Station,OFFICER-00013,Suman Iyer,BADGE-PUN-1013,NON_COGNIZABLE,THEFT,LOW,UNDER_INVESTIGATION,2025-06-30T02:53:35.154185,2025-06-28T13:53:35.154185,"{""address"": ""Near Landmark 46, Shivajinagar, Pune"", ""latitude"": 18.51381863362347, ""longitude"": 73.84636327208496, ""district"": ""Pune"", ""state"": ""Maharashtra""}",Incident of theft reported near Pune.,Detailed police incident report regarding THEFT under jurisdiction of Shivajinagar Police Station. Investigation initiated by Officer Suman Iyer (BADGE-PUN-1013). Initial inspection conducted at incident location.,"[{""act"": ""IPC"", ""section"": ""378"", ""description"": ""Theft""}, {""act"": ""IPC"", ""section"": ""379"", ""description"": ""Punishment for theft""}, {""act"": ""IPC"", ""section"": ""380"", ""description"": ""Theft in dwelling house""}, {""act"": ""BNS"", ""section"": ""303"", ""description"": ""Theft and aggravated theft""}]",WALK_IN,USER-00218,USER-00218,2025-06-30T02:53:35.154185,2026-08-31T18:53:35.154210
CASE-000064,FIR/2024/PS-DEL-001/00064,STATION-PS-DEL-001,Connaught Place Police Station,OFFICER-00014,Sachin Bhatt,BADGE-CEN-1014,NON_COGNIZABLE,FINANCIAL_CRIME,LOW,UNDER_INVESTIGATION,2025-06-17T00:53:35.154231,2025-06-16T15:53:35.154231,"{""address"": ""Near Landmark 24, Connaught Place, Central Delhi"", ""latitude"": 28.617508631629374, ""longitude"": 77.19861476299192, ""district"": ""Central Delhi"", ""state"": ""Delhi""}",Incident of financial crime reported near Central Delhi.,Detailed police incident report regarding FINANCIAL_CRIME under jurisdiction of Connaught Place Police Station. Investigation initiated by Officer Sachin Bhatt (BADGE-CEN-1014). Initial inspection conducted at incident location.,"[{""act"": ""PMLA"", ""section"": ""3"", ""description"": ""Offence of money-laundering""}, {""act"": ""IPC"", ""section"": ""409"", ""description"": ""Criminal breach of trust by public servant, banker, merchant or agent""}]",WALK_IN,USER-00046,USER-00046,2025-06-17T00:53:35.154231,2026-08-31T18:53:35.154246
CASE-000065,FIR/2024/PS-DEL-002/00065,STATION-PS-DEL-002,Hauz Khas Police Station,OFFICER-00025,Pankaj Verma,BADGE-SOU-1025,NON_COGNIZABLE,OTHERS,LOW,CLOSED_SOLVED,2025-07-19T15:53:35.154260,2025-07-17T16:53:35.154260,"{""address"": ""Near Landmark 26, Hauz Khas, South Delhi"", ""latitude"": 28.55739249953759, ""longitude"": 77.20032886278769, ""district"": ""South Delhi"", ""state"": ""Delhi""}",Incident of others reported near South Delhi.,Detailed police incident report regarding OTHERS under jurisdiction of Hauz Khas Police Station. Investigation initiated by Officer Pankaj Verma (BADGE-SOU-1025). Initial inspection conducted at incident location.,"[{""act"": ""IPC"", ""section"": ""506"", ""description"": ""Punishment for criminal intimidation""}]",WALK_IN,USER-00233,USER-00233,2025-07-19T15:53:35.154260,2026-08-31T18:53:35.154281
CASE-000066,FIR/2024/PS-BLR-001/00066,STATION-PS-BLR-001,Koramangala Police Station,OFFICER-00026,Vandana Chauhan,BADGE-BAN-1026,NON_COGNIZABLE,CYBER_CRIME,HIGH,REGISTERED,2026-07-20T18:53:35.154300,2026-07-20T14:53:35.154300,"{""address"": ""Near Landmark 13, Koramangala 1st to 8th Blocks, Bangalore Urban"", ""latitude"": 12.923482766577894, ""longitude"": 77.62246432888925, ""district"": ""Bangalore Urban"", ""state"": ""Karnataka""}",Incident of cyber crime reported near Bangalore Urban.,Detailed police incident report regarding CYBER_CRIME under jurisdiction of Koramangala Police Station. Investigation initiated by Officer Vandana Chauhan (BADGE-BAN-1026). Initial inspection conducted at incident location.,"[{""act"": ""IT Act"", ""section"": ""66C"", ""description"": ""Punishment for identity theft""}, {""act"": ""IT Act"", ""section"": ""66D"", ""description"": ""Punishment for cheating by personation using computer resource""}, {""act"": ""IPC"", ""section"": ""420"", ""description"": ""Cheating and dishonestly inducing delivery of property""}]",WALK_IN,USER-00044,USER-00044,2026-07-20T18:53:35.154300,2026-08-31T18:53:35.154315
CASE-000067,FIR/2025/PS-BLR-002/00067,STATION-PS-BLR-002,Indiranagar Police Station,OFFICER-00007,Ravi Singh,BADGE-BAN-1007,NON_COGNIZABLE,DRUG_OFFENCE,CRITICAL,UNDER_INVESTIGATION,2026-08-08T14:53:35.154333,2026-08-07T12:53:35.154333,"{""address"": ""Near Landmark 75, Indiranagar 1st and 2nd Stages, Bangalore Urban"", ""latitude"": 12.963264476464616, ""longitude"": 77.65833196161867, ""district"": ""Bangalore Urban"", ""state"": ""Karnataka""}",Incident of drug offence reported near Bangalore Urban.,Detailed police incident report regarding DRUG_OFFENCE under jurisdiction of Indiranagar Police Station. Investigation initiated by Officer Ravi Singh (BADGE-BAN-1007). Initial inspection conducted at incident location.,"[{""act"": ""NDPS Act"", ""section"": ""20"", ""description"": ""Punishment for contravention in relation to cannabis""}, {""act"": ""NDPS Act"", ""section"": ""21"", ""description"": ""Punishment for contravention in relation to manufactured drugs""}]",WALK_IN,USER-00237,USER-00237,2026-08-08T14:53:35.154333,2026-08-31T18:53:35.154348
CASE-000068,FIR/2025/PS-CHE-001/00068,STATION-PS-CHE-001,T. Nagar Police Station,OFFICER-00048,Aarti Malik,BADGE-CHE-1048,NON_COGNIZABLE,ACCIDENT,MEDIUM,CLOSED_SOLVED,2026-05-24T02:53:35.154362,2026-05-23T17:53:35.154362,"{""address"": ""Near Landmark 67, T. Nagar, Chennai"", ""latitude"": 13.059218163697286, ""longitude"": 80.24850720222796, ""district"": ""Chennai"", ""state"": ""Tamil Nadu""}",Incident of accident reported near Chennai.,Detailed police incident report regarding ACCIDENT under jurisdiction of T. Nagar Police Station. Investigation initiated by Officer Aarti Malik (BADGE-CHE-1048). Initial inspection conducted at incident location.,"[{""act"": ""IPC"", ""section"": ""279"", ""description"": ""Rash driving or riding on a public way""}, {""act"": ""IPC"", ""section"": ""304A"", ""description"": ""Causing death by negligence""}, {""act"": ""Motor Vehicles Act"", ""section"": ""184"", ""description"": ""Dangerous driving""}]",WALK_IN,USER-00220,USER-00220,2026-05-24T02:53:35.154362,2026-08-31T18:53:35.154375
CASE-000069,FIR/2026/PS-CHE-002/00069,STATION-PS-CHE-002,Mylapore Police Station,OFFICER-00049,Arjun Iyer,BADGE-CHE-1049,COGNIZABLE,ROBBERY,MEDIUM,CLOSED_SOLVED,2025-11-03T06:53:35.154388,2025-11-01T10:53:35.154388,"{""address"": ""Near Landmark 38, Mylapore, Chennai"", ""latitude"": 13.048331148647968, ""longitude"": 80.2492972175629, ""district"": ""Chennai"", ""state"": ""Tamil Nadu""}",Incident of robbery reported near Chennai.,Detailed police incident report regarding ROBBERY under jurisdiction of Mylapore Police Station. Investigation initiated by Officer Arjun Iyer (BADGE-CHE-1049). Initial inspection conducted at incident location.,"[{""act"": ""IPC"", ""section"": ""392"", ""description"": ""Punishment for robbery""}, {""act"": ""IPC"", ""section"": ""395"", ""description"": ""Punishment for dacoity""}, {""act"": ""BNS"", ""section"": ""309"", ""description"": ""Robbery""}]",WALK_IN,USER-00205,USER-00205,2025-11-03T06:53:35.154388,2026-08-31T18:53:35.154400
CASE-000070,FIR/2026/PS-LKO-001/00070,STATION-PS-LKO-001,Hazratganj Police Station,OFFICER-00010,Savita Kulkarni,BADGE-LUC-1010,COGNIZABLE,ROBBERY,HIGH,UNDER_INVESTIGATION,2025-07-13T13:53:35.154413,2025-07-13T11:53:35.154413,"{""address"": ""Near Landmark 44, Hazratganj, Lucknow"", ""latitude"": 26.841168248467845, ""longitude"": 80.92611553153934, ""district"": ""Lucknow"", ""state"": ""Uttar Pradesh""}",Incident of robbery reported near Lucknow.,Detailed police incident report regarding ROBBERY under jurisdiction of Hazratganj Police Station. Investigation initiated by Officer Savita Kulkarni (BADGE-LUC-1010). Initial inspection conducted at incident location.,"[{""act"": ""IPC"", ""section"": ""392"", ""description"": ""Punishment for robbery""}, {""act"": ""IPC"", ""section"": ""395"", ""description"": ""Punishment for dacoity""}, {""act"": ""BNS"", ""section"": ""309"", ""description"": ""Robbery""}]",WALK_IN,USER-00030,USER-00030,2025-07-13T13:53:35.154413,2026-08-31T18:53:35.154428
CASE-000071,FIR/2025/PS-MUM-001/00071,STATION-PS-MUM-001,Colaba Police Station,OFFICER-00021,Rakesh Tiwari,BADGE-MUM-1021,NON_COGNIZABLE,FRAUD,LOW,UNDER_INVESTIGATION,2025-12-14T19:53:35.154441,2025-12-13T14:53:35.154441,"{""address"": ""Near Landmark 21, Colaba, Mumbai City"", ""latitude"": 18.899694049673297, ""longitude"": 72.8422663432734, ""district"": ""Mumbai City"", ""state"": ""Maharashtra""}",Incident of fraud reported near Mumbai City.,Detailed police incident report regarding FRAUD under jurisdiction of Colaba Police Station. Investigation initiated by Officer Rakesh Tiwari (BADGE-MUM-1021). Initial inspection conducted at incident location.,"[{""act"": ""IPC"", ""section"": ""420"", ""description"": ""Cheating and dishonestly inducing delivery of property""}, {""act"": ""IPC"", ""section"": ""406"", ""description"": ""Punishment for criminal breach of trust""}, {""act"": ""IPC"", ""section"": ""468"", ""description"": ""Forgery for purpose of cheating""}]",WALK_IN,USER-00010,USER-00010,2025-12-14T19:53:35.154441,2026-08-31T18:53:35.154454
CASE-000072,FIR/2025/PS-MUM-002/00072,STATION-PS-MUM-002,Bandra Police Station,OFFICER-00002,Jitendra Tripathi,BADGE-MUM-1002,NON_COGNIZABLE,THEFT,MEDIUM,REGISTERED,2025-11-09T02:53:35.154467,2025-11-07T15:53:35.154467,"{""address"": ""Near Landmark 85, Bandra West, Mumbai Suburban"", ""latitude"": 19.070645330883536, ""longitude"": 72.8294369638406, ""district"": ""Mumbai Suburban"", ""state"": ""Maharashtra""}",Incident of theft reported near Mumbai Suburban.,Detailed police incident report regarding THEFT under jurisdiction of Bandra Police Station. Investigation initiated by Officer Jitendra Tripathi (BADGE-MUM-1002). Initial inspection conducted at incident location.,"[{""act"": ""IPC"", ""section"": ""378"", ""description"": ""Theft""}, {""act"": ""IPC"", ""section"": ""379"", ""description"": ""Punishment for theft""}, {""act"": ""IPC"", ""section"": ""380"", ""description"": ""Theft in dwelling house""}, {""act"": ""BNS"", ""section"": ""303"", ""description"": ""Theft and aggravated theft""}]",WALK_IN,USER-00222,USER-00222,2025-11-09T02:53:35.154467,2026-08-31T18:53:35.154479
CASE-000073,FIR/2026/PS-PUN-001/00073,STATION-PS-PUN-001,Shivajinagar Police Station,OFFICER-00043,Chandan Chatterjee,BADGE-PUN-1043,COGNIZABLE,ROBBERY,HIGH,UNDER_INVESTIGATION,2025-08-15T07:53:35.154492,2025-08-13T08:53:35.154492,"{""address"": ""Near Landmark 97, Shivajinagar, Pune"", ""latitude"": 18.511878486736183, ""longitude"": 73.82976801810031, ""district"": ""Pune"", ""state"": ""Maharashtra""}",Incident of robbery reported near Pune.,Detailed police incident report regarding ROBBERY under jurisdiction of Shivajinagar Police Station. Investigation initiated by Officer Chandan Chatterjee (BADGE-PUN-1043). Initial inspection conducted at incident location.,"[{""act"": ""IPC"", ""section"": ""392"", ""description"": ""Punishment for robbery""}, {""act"": ""IPC"", ""section"": ""395"", ""description"": ""Punishment for dacoity""}, {""act"": ""BNS"", ""section"": ""309"", ""description"": ""Robbery""}]",WALK_IN,USER-00004,USER-00004,2025-08-15T07:53:35.154492,2026-08-31T18:53:35.154507
CASE-000074,FIR/2025/PS-DEL-001/00074,STATION-PS-DEL-001,Connaught Place Police Station,OFFICER-00014,Sachin Bhatt,BADGE-CEN-1014,NON_COGNIZABLE,FINANCIAL_CRIME,MEDIUM,UNDER_INVESTIGATION,2025-11-29T04:53:35.154520,2025-11-28T13:53:35.154520,"{""address"": ""Near Landmark 12, Connaught Place, Central Delhi"", ""latitude"": 28.632857124227833, ""longitude"": 77.22338592993498, ""district"": ""Central Delhi"", ""state"": ""Delhi""}",Incident of financial crime reported near Central Delhi.,Detailed police incident report regarding FINANCIAL_CRIME under jurisdiction of Connaught Place Police Station. Investigation initiated by Officer Sachin Bhatt (BADGE-CEN-1014). Initial inspection conducted at incident location.,"[{""act"": ""PMLA"", ""section"": ""3"", ""description"": ""Offence of money-laundering""}, {""act"": ""IPC"", ""section"": ""409"", ""description"": ""Criminal breach of trust by public servant, banker, merchant or agent""}]",WALK_IN,USER-00014,USER-00014,2025-11-29T04:53:35.154520,2026-08-31T18:53:35.154535
CASE-000075,FIR/2025/PS-DEL-002/00075,STATION-PS-DEL-002,Hauz Khas Police Station,OFFICER-00045,Sunil Agarwal,BADGE-SOU-1045,NON_COGNIZABLE,DRUG_OFFENCE,MEDIUM,UNDER_INVESTIGATION,2025-06-29T14:53:35.154550,2025-06-28T07:53:35.154550,"{""address"": ""Near Landmark 95, Hauz Khas, South Delhi"", ""latitude"": 28.549746019695853, ""longitude"": 77.19713084394746, ""district"": ""South Delhi"", ""state"": ""Delhi""}",Incident of drug offence reported near South Delhi.,Detailed police incident report regarding DRUG_OFFENCE under jurisdiction of Hauz Khas Police Station. Investigation initiated by Officer Sunil Agarwal (BADGE-SOU-1045). Initial inspection conducted at incident location.,"[{""act"": ""NDPS Act"", ""section"": ""20"", ""description"": ""Punishment for contravention in relation to cannabis""}, {""act"": ""NDPS Act"", ""section"": ""21"", ""description"": ""Punishment for contravention in relation to manufactured drugs""}]",WALK_IN,USER-00247,USER-00247,2025-06-29T14:53:35.154550,2026-08-31T18:53:35.154562
CASE-000076,FIR/2024/PS-BLR-001/00076,STATION-PS-BLR-001,Koramangala Police Station,OFFICER-00046,Indu Singh,BADGE-BAN-1046,NON_COGNIZABLE,CYBER_CRIME,LOW,COURT_PROCEEDINGS,2025-05-02T01:53:35.154574,2025-04-30T11:53:35.154574,"{""address"": ""Near Landmark 42, Koramangala 1st to 8th Blocks, Bangalore Urban"", ""latitude"": 12.947190665314306, ""longitude"": 77.63952271800316, ""district"": ""Bangalore Urban"", ""state"": ""Karnataka""}",Incident of cyber crime reported near Bangalore Urban.,Detailed police incident report regarding CYBER_CRIME under jurisdiction of Koramangala Police Station. Investigation initiated by Officer Indu Singh (BADGE-BAN-1046). Initial inspection conducted at incident location.,"[{""act"": ""IT Act"", ""section"": ""66C"", ""description"": ""Punishment for identity theft""}, {""act"": ""IT Act"", ""section"": ""66D"", ""description"": ""Punishment for cheating by personation using computer resource""}, {""act"": ""IPC"", ""section"": ""420"", ""description"": ""Cheating and dishonestly inducing delivery of property""}]",WALK_IN,USER-00227,USER-00227,2025-05-02T01:53:35.154574,2026-08-31T18:53:35.154586
CASE-000077,FIR/2026/PS-BLR-002/00077,STATION-PS-BLR-002,Indiranagar Police Station,OFFICER-00007,Ravi Singh,BADGE-BAN-1007,NON_COGNIZABLE,THEFT,CRITICAL,REGISTERED,2025-07-18T08:53:35.154598,2025-07-17T15:53:35.154598,"{""address"": ""Near Landmark 65, Indiranagar 1st and 2nd Stages, Bangalore Urban"", ""latitude"": 12.968930356059346, ""longitude"": 77.6579116179075, ""district"": ""Bangalore Urban"", ""state"": ""Karnataka""}",Incident of theft reported near Bangalore Urban.,Detailed police incident report regarding THEFT under jurisdiction of Indiranagar Police Station. Investigation initiated by Officer Ravi Singh (BADGE-BAN-1007). Initial inspection conducted at incident location.,"[{""act"": ""IPC"", ""section"": ""378"", ""description"": ""Theft""}, {""act"": ""IPC"", ""section"": ""379"", ""description"": ""Punishment for theft""}, {""act"": ""IPC"", ""section"": ""380"", ""description"": ""Theft in dwelling house""}, {""act"": ""BNS"", ""section"": ""303"", ""description"": ""Theft and aggravated theft""}]",WALK_IN,USER-00208,USER-00208,2025-07-18T08:53:35.154598,2026-08-31T18:53:35.154610
CASE-000078,FIR/2026/PS-CHE-001/00078,STATION-PS-CHE-001,T. Nagar Police Station,OFFICER-00038,Mohan Mehta,BADGE-CHE-1038,NON_COGNIZABLE,ASSAULT,MEDIUM,REGISTERED,2026-04-15T05:53:35.154631,2026-04-14T16:53:35.154631,"{""address"": ""Near Landmark 30, T. Nagar, Chennai"", ""latitude"": 13.03133958578486, ""longitude"": 80.25209185485326, ""district"": ""Chennai"", ""state"": ""Tamil Nadu""}",Incident of assault reported near Chennai.,Detailed police incident report regarding ASSAULT under jurisdiction of T. Nagar Police Station. Investigation initiated by Officer Mohan Mehta (BADGE-CHE-1038). Initial inspection conducted at incident location.,"[{""act"": ""IPC"", ""section"": ""323"", ""description"": ""Punishment for voluntarily causing hurt""}, {""act"": ""IPC"", ""section"": ""325"", ""description"": ""Punishment for voluntarily causing grievous hurt""}, {""act"": ""BNS"", ""section"": ""115"", ""description"": ""Voluntarily causing hurt""}]",WALK_IN,USER-00036,USER-00036,2026-04-15T05:53:35.154631,2026-08-31T18:53:35.154645
CASE-000079,FIR/2024/PS-CHE-002/00079,STATION-PS-CHE-002,Mylapore Police Station,OFFICER-00039,Deepa Saxena,BADGE-CHE-1039,COGNIZABLE,KIDNAPPING,CRITICAL,UNDER_INVESTIGATION,2025-10-29T11:53:35.154658,2025-10-28T06:53:35.154658,"{""address"": ""Near Landmark 28, Mylapore, Chennai"", ""latitude"": 13.029947317977749, ""longitude"": 80.25050393590963, ""district"": ""Chennai"", ""state"": ""Tamil Nadu""}",Incident of kidnapping reported near Chennai.,Detailed police incident report regarding KIDNAPPING under jurisdiction of Mylapore Police Station. Investigation initiated by Officer Deepa Saxena (BADGE-CHE-1039). Initial inspection conducted at incident location.,"[{""act"": ""IPC"", ""section"": ""364"", ""description"": ""Kidnapping or abducting in order to murder""}, {""act"": ""IPC"", ""section"": ""364A"", ""description"": ""Kidnapping for ransom""}, {""act"": ""BNS"", ""section"": ""140"", ""description"": ""Kidnapping or abduction for ransom""}]",WALK_IN,USER-00039,USER-00039,2025-10-29T11:53:35.154658,2026-08-31T18:53:35.154670
CASE-000080,FIR/2025/PS-LKO-001/00080,STATION-PS-LKO-001,Hazratganj Police Station,OFFICER-00030,Yogesh Mishra,BADGE-LUC-1030,NON_COGNIZABLE,ACCIDENT,HIGH,CHARGE_SHEET_FILED,2025-08-30T10:53:35.154682,2025-08-28T16:53:35.154682,"{""address"": ""Near Landmark 41, Hazratganj, Lucknow"", ""latitude"": 26.846794108560154, ""longitude"": 80.93192739169974, ""district"": ""Lucknow"", ""state"": ""Uttar Pradesh""}",Incident of accident reported near Lucknow.,Detailed police incident report regarding ACCIDENT under jurisdiction of Hazratganj Police Station. Investigation initiated by Officer Yogesh Mishra (BADGE-LUC-1030). Initial inspection conducted at incident location.,"[{""act"": ""IPC"", ""section"": ""279"", ""description"": ""Rash driving or riding on a public way""}, {""act"": ""IPC"", ""section"": ""304A"", ""description"": ""Causing death by negligence""}, {""act"": ""Motor Vehicles Act"", ""section"": ""184"", ""description"": ""Dangerous driving""}]",WALK_IN,USER-00247,USER-00247,2025-08-30T10:53:35.154682,2026-08-31T18:53:35.154693
CASE-000081,FIR/2026/PS-MUM-001/00081,STATION-PS-MUM-001,Colaba Police Station,OFFICER-00031,Uma Naidu,BADGE-MUM-1031,NON_COGNIZABLE,MISSING_PERSON,HIGH,CHARGE_SHEET_FILED,2025-11-05T20:53:35.154712,2025-11-05T09:53:35.154712,"{""address"": ""Near Landmark 47, Colaba, Mumbai City"", ""latitude"": 18.925581012039704, ""longitude"": 72.83481014412962, ""district"": ""Mumbai City"", ""state"": ""Maharashtra""}",Incident of missing person reported near Mumbai City.,Detailed police incident report regarding MISSING_PERSON under jurisdiction of Colaba Police Station. Investigation initiated by Officer Uma Naidu (BADGE-MUM-1031). Initial inspection conducted at incident location.,"[{""act"": ""IPC"", ""section"": ""363"", ""description"": ""Punishment for kidnapping""}, {""act"": ""BNS"", ""section"": ""137"", ""description"": ""Kidnapping""}]",WALK_IN,USER-00022,USER-00022,2025-11-05T20:53:35.154712,2026-08-31T18:53:35.154737
CASE-000082,FIR/2025/PS-MUM-002/00082,STATION-PS-MUM-002,Bandra Police Station,OFFICER-00042,Radha Patil,BADGE-MUM-1042,COGNIZABLE,MURDER,HIGH,UNDER_INVESTIGATION,2026-02-14T09:53:35.154761,2026-02-13T16:53:35.154761,"{""address"": ""Near Landmark 69, Bandra West, Mumbai Suburban"", ""latitude"": 19.041124224979956, ""longitude"": 72.82839269389312, ""district"": ""Mumbai Suburban"", ""state"": ""Maharashtra""}",Incident of murder reported near Mumbai Suburban.,Detailed police incident report regarding MURDER under jurisdiction of Bandra Police Station. Investigation initiated by Officer Radha Patil (BADGE-MUM-1042). Initial inspection conducted at incident location.,"[{""act"": ""IPC"", ""section"": ""302"", ""description"": ""Punishment for murder""}, {""act"": ""IPC"", ""section"": ""307"", ""description"": ""Attempt to murder""}, {""act"": ""BNS"", ""section"": ""103"", ""description"": ""Punishment for murder""}]",WALK_IN,USER-00031,USER-00031,2026-02-14T09:53:35.154761,2026-08-31T18:53:35.154775
CASE-000083,FIR/2024/PS-PUN-001/00083,STATION-PS-PUN-001,Shivajinagar Police Station,OFFICER-00003,Deepa Verma,BADGE-PUN-1003,NON_COGNIZABLE,CYBER_CRIME,MEDIUM,UNDER_INVESTIGATION,2025-12-07T05:53:35.154789,2025-12-06T16:53:35.154789,"{""address"": ""Near Landmark 29, Shivajinagar, Pune"", ""latitude"": 18.54261376045158, ""longitude"": 73.86742092667019, ""district"": ""Pune"", ""state"": ""Maharashtra""}",Incident of cyber crime reported near Pune.,Detailed police incident report regarding CYBER_CRIME under jurisdiction of Shivajinagar Police Station. Investigation initiated by Officer Deepa Verma (BADGE-PUN-1003). Initial inspection conducted at incident location.,"[{""act"": ""IT Act"", ""section"": ""66C"", ""description"": ""Punishment for identity theft""}, {""act"": ""IT Act"", ""section"": ""66D"", ""description"": ""Punishment for cheating by personation using computer resource""}, {""act"": ""IPC"", ""section"": ""420"", ""description"": ""Cheating and dishonestly inducing delivery of property""}]",WALK_IN,USER-00226,USER-00226,2025-12-07T05:53:35.154789,2026-08-31T18:53:35.154808
CASE-000084,FIR/2026/PS-DEL-001/00084,STATION-PS-DEL-001,Connaught Place Police Station,OFFICER-00014,Sachin Bhatt,BADGE-CEN-1014,NON_COGNIZABLE,THEFT,LOW,COURT_PROCEEDINGS,2026-02-19T01:53:35.154827,2026-02-17T16:53:35.154827,"{""address"": ""Near Landmark 16, Connaught Place, Central Delhi"", ""latitude"": 28.627853760751414, ""longitude"": 77.22925868185978, ""district"": ""Central Delhi"", ""state"": ""Delhi""}",Incident of theft reported near Central Delhi.,Detailed police incident report regarding THEFT under jurisdiction of Connaught Place Police Station. Investigation initiated by Officer Sachin Bhatt (BADGE-CEN-1014). Initial inspection conducted at incident location.,"[{""act"": ""IPC"", ""section"": ""378"", ""description"": ""Theft""}, {""act"": ""IPC"", ""section"": ""379"", ""description"": ""Punishment for theft""}, {""act"": ""IPC"", ""section"": ""380"", ""description"": ""Theft in dwelling house""}, {""act"": ""BNS"", ""section"": ""303"", ""description"": ""Theft and aggravated theft""}]",WALK_IN,USER-00018,USER-00018,2026-02-19T01:53:35.154827,2026-08-31T18:53:35.154841
CASE-000085,FIR/2025/PS-DEL-002/00085,STATION-PS-DEL-002,Hauz Khas Police Station,OFFICER-00015,Nikhil Gowda,BADGE-SOU-1015,NON_COGNIZABLE,DOMESTIC_VIOLENCE,MEDIUM,COURT_PROCEEDINGS,2025-08-08T08:53:35.154854,2025-08-06T08:53:35.154854,"{""address"": ""Near Landmark 97, Hauz Khas, South Delhi"", ""latitude"": 28.535158753225787, ""longitude"": 77.21499751806327, ""district"": ""South Delhi"", ""state"": ""Delhi""}",Incident of domestic violence reported near South Delhi.,Detailed police incident report regarding DOMESTIC_VIOLENCE under jurisdiction of Hauz Khas Police Station. Investigation initiated by Officer Nikhil Gowda (BADGE-SOU-1015). Initial inspection conducted at incident location.,"[{""act"": ""IPC"", ""section"": ""498A"", ""description"": ""Husband or relative of husband subjecting woman to cruelty""}, {""act"": ""DV Act"", ""section"": ""12"", ""description"": ""Application to Magistrate for domestic violence relief""}]",WALK_IN,USER-00010,USER-00010,2025-08-08T08:53:35.154854,2026-08-31T18:53:35.154867
CASE-000086,FIR/2026/PS-BLR-001/00086,STATION-PS-BLR-001,Koramangala Police Station,OFFICER-00026,Vandana Chauhan,BADGE-BAN-1026,NON_COGNIZABLE,CYBER_CRIME,HIGH,UNDER_INVESTIGATION,2026-04-05T18:53:35.154880,2026-04-05T07:53:35.154880,"{""address"": ""Near Landmark 68, Koramangala 1st to 8th Blocks, Bangalore Urban"", ""latitude"": 12.949064294173667, ""longitude"": 77.62361868871425, ""district"": ""Bangalore Urban"", ""state"": ""Karnataka""}",Incident of cyber crime reported near Bangalore Urban.,Detailed police incident report regarding CYBER_CRIME under jurisdiction of Koramangala Police Station. Investigation initiated by Officer Vandana Chauhan (BADGE-BAN-1026). Initial inspection conducted at incident location.,"[{""act"": ""IT Act"", ""section"": ""66C"", ""description"": ""Punishment for identity theft""}, {""act"": ""IT Act"", ""section"": ""66D"", ""description"": ""Punishment for cheating by personation using computer resource""}, {""act"": ""IPC"", ""section"": ""420"", ""description"": ""Cheating and dishonestly inducing delivery of property""}]",WALK_IN,USER-00249,USER-00249,2026-04-05T18:53:35.154880,2026-08-31T18:53:35.154892
CASE-000087,FIR/2024/PS-BLR-002/00087,STATION-PS-BLR-002,Indiranagar Police Station,OFFICER-00017,Alok Malik,BADGE-BAN-1017,NON_COGNIZABLE,DOMESTIC_VIOLENCE,MEDIUM,UNDER_INVESTIGATION,2026-07-08T19:53:35.154904,2026-07-07T16:53:35.154904,"{""address"": ""Near Landmark 11, Indiranagar 1st and 2nd Stages, Bangalore Urban"", ""latitude"": 12.997565505379928, ""longitude"": 77.63999973510623, ""district"": ""Bangalore Urban"", ""state"": ""Karnataka""}",Incident of domestic violence reported near Bangalore Urban.,Detailed police incident report regarding DOMESTIC_VIOLENCE under jurisdiction of Indiranagar Police Station. Investigation initiated by Officer Alok Malik (BADGE-BAN-1017). Initial inspection conducted at incident location.,"[{""act"": ""IPC"", ""section"": ""498A"", ""description"": ""Husband or relative of husband subjecting woman to cruelty""}, {""act"": ""DV Act"", ""section"": ""12"", ""description"": ""Application to Magistrate for domestic violence relief""}]",WALK_IN,USER-00220,USER-00220,2026-07-08T19:53:35.154904,2026-08-31T18:53:35.154939
CASE-000088,FIR/2025/PS-CHE-001/00088,STATION-PS-CHE-001,T. Nagar Police Station,OFFICER-00018,Rekha Mishra,BADGE-CHE-1018,NON_COGNIZABLE,FINANCIAL_CRIME,HIGH,CHARGE_SHEET_FILED,2025-11-07T17:53:35.154968,2025-11-07T11:53:35.154968,"{""address"": ""Near Landmark 54, T. Nagar, Chennai"", ""latitude"": 13.023261296329533, ""longitude"": 80.23367255576122, ""district"": ""Chennai"", ""state"": ""Tamil Nadu""}",Incident of financial crime reported near Chennai.,Detailed police incident report regarding FINANCIAL_CRIME under jurisdiction of T. Nagar Police Station. Investigation initiated by Officer Rekha Mishra (BADGE-CHE-1018). Initial inspection conducted at incident location.,"[{""act"": ""PMLA"", ""section"": ""3"", ""description"": ""Offence of money-laundering""}, {""act"": ""IPC"", ""section"": ""409"", ""description"": ""Criminal breach of trust by public servant, banker, merchant or agent""}]",WALK_IN,USER-00040,USER-00040,2025-11-07T17:53:35.154968,2026-08-31T18:53:35.154990
CASE-000089,FIR/2025/PS-CHE-002/00089,STATION-PS-CHE-002,Mylapore Police Station,OFFICER-00029,Vidya Dubey,BADGE-CHE-1029,NON_COGNIZABLE,FRAUD,MEDIUM,UNDER_INVESTIGATION,2025-08-13T22:53:35.155013,2025-08-12T12:53:35.155013,"{""address"": ""Near Landmark 73, Mylapore, Chennai"", ""latitude"": 13.015949370796342, ""longitude"": 80.26402973671223, ""district"": ""Chennai"", ""state"": ""Tamil Nadu""}",Incident of fraud reported near Chennai.,Detailed police incident report regarding FRAUD under jurisdiction of Mylapore Police Station. Investigation initiated by Officer Vidya Dubey (BADGE-CHE-1029). Initial inspection conducted at incident location.,"[{""act"": ""IPC"", ""section"": ""420"", ""description"": ""Cheating and dishonestly inducing delivery of property""}, {""act"": ""IPC"", ""section"": ""406"", ""description"": ""Punishment for criminal breach of trust""}, {""act"": ""IPC"", ""section"": ""468"", ""description"": ""Forgery for purpose of cheating""}]",WALK_IN,USER-00022,USER-00022,2025-08-13T22:53:35.155013,2026-08-31T18:53:35.155033
CASE-000090,FIR/2024/PS-LKO-001/00090,STATION-PS-LKO-001,Hazratganj Police Station,OFFICER-00050,Seema Naidu,BADGE-LUC-1050,NON_COGNIZABLE,CYBER_CRIME,LOW,COURT_PROCEEDINGS,2025-10-27T05:53:35.155054,2025-10-25T15:53:35.155054,"{""address"": ""Near Landmark 46, Hazratganj, Lucknow"", ""latitude"": 26.836756802330974, ""longitude"": 80.96187408432768, ""district"": ""Lucknow"", ""state"": ""Uttar Pradesh""}",Incident of cyber crime reported near Lucknow.,Detailed police incident report regarding CYBER_CRIME under jurisdiction of Hazratganj Police Station. Investigation initiated by Officer Seema Naidu (BADGE-LUC-1050). Initial inspection conducted at incident location.,"[{""act"": ""IT Act"", ""section"": ""66C"", ""description"": ""Punishment for identity theft""}, {""act"": ""IT Act"", ""section"": ""66D"", ""description"": ""Punishment for cheating by personation using computer resource""}, {""act"": ""IPC"", ""section"": ""420"", ""description"": ""Cheating and dishonestly inducing delivery of property""}]",WALK_IN,USER-00023,USER-00023,2025-10-27T05:53:35.155054,2026-08-31T18:53:35.155074
CASE-000091,FIR/2025/PS-MUM-001/00091,STATION-PS-MUM-001,Colaba Police Station,OFFICER-00021,Rakesh Tiwari,BADGE-MUM-1021,NON_COGNIZABLE,FRAUD,LOW,CHARGE_SHEET_FILED,2025-11-06T03:53:35.155095,2025-11-04T15:53:35.155095,"{""address"": ""Near Landmark 88, Colaba, Mumbai City"", ""latitude"": 18.917896404622947, ""longitude"": 72.80806048723237, ""district"": ""Mumbai City"", ""state"": ""Maharashtra""}",Incident of fraud reported near Mumbai City.,Detailed police incident report regarding FRAUD under jurisdiction of Colaba Police Station. Investigation initiated by Officer Rakesh Tiwari (BADGE-MUM-1021). Initial inspection conducted at incident location.,"[{""act"": ""IPC"", ""section"": ""420"", ""description"": ""Cheating and dishonestly inducing delivery of property""}, {""act"": ""IPC"", ""section"": ""406"", ""description"": ""Punishment for criminal breach of trust""}, {""act"": ""IPC"", ""section"": ""468"", ""description"": ""Forgery for purpose of cheating""}]",WALK_IN,USER-00207,USER-00207,2025-11-06T03:53:35.155095,2026-08-31T18:53:35.155115
CASE-000092,FIR/2024/PS-MUM-002/00092,STATION-PS-MUM-002,Bandra Police Station,OFFICER-00032,Umesh Deshmukh,BADGE-MUM-1032,NON_COGNIZABLE,OTHERS,MEDIUM,REGISTERED,2026-04-02T01:53:35.155135,2026-03-31T07:53:35.155135,"{""address"": ""Near Landmark 82, Bandra West, Mumbai Suburban"", ""latitude"": 19.0685560456395, ""longitude"": 72.81475845410417, ""district"": ""Mumbai Suburban"", ""state"": ""Maharashtra""}",Incident of others reported near Mumbai Suburban.,Detailed police incident report regarding OTHERS under jurisdiction of Bandra Police Station. Investigation initiated by Officer Umesh Deshmukh (BADGE-MUM-1032). Initial inspection conducted at incident location.,"[{""act"": ""IPC"", ""section"": ""506"", ""description"": ""Punishment for criminal intimidation""}]",WALK_IN,USER-00026,USER-00026,2026-04-02T01:53:35.155135,2026-08-31T18:53:35.155155
CASE-000093,FIR/2024/PS-PUN-001/00093,STATION-PS-PUN-001,Shivajinagar Police Station,OFFICER-00023,Yashoda Das,BADGE-PUN-1023,NON_COGNIZABLE,DOMESTIC_VIOLENCE,HIGH,UNDER_INVESTIGATION,2026-07-06T00:53:35.155177,2026-07-05T15:53:35.155177,"{""address"": ""Near Landmark 88, Shivajinagar, Pune"", ""latitude"": 18.53097739607903, ""longitude"": 73.846727662953, ""district"": ""Pune"", ""state"": ""Maharashtra""}",Incident of domestic violence reported near Pune.,Detailed police incident report regarding DOMESTIC_VIOLENCE under jurisdiction of Shivajinagar Police Station. Investigation initiated by Officer Yashoda Das (BADGE-PUN-1023). Initial inspection conducted at incident location.,"[{""act"": ""IPC"", ""section"": ""498A"", ""description"": ""Husband or relative of husband subjecting woman to cruelty""}, {""act"": ""DV Act"", ""section"": ""12"", ""description"": ""Application to Magistrate for domestic violence relief""}]",WALK_IN,USER-00247,USER-00247,2026-07-06T00:53:35.155177,2026-08-31T18:53:35.155203
CASE-000094,FIR/2026/PS-DEL-001/00094,STATION-PS-DEL-001,Connaught Place Police Station,OFFICER-00034,Vivek Nair,BADGE-CEN-1034,NON_COGNIZABLE,CYBER_CRIME,HIGH,UNDER_INVESTIGATION,2026-08-24T14:53:35.155226,2026-08-22T14:53:35.155226,"{""address"": ""Near Landmark 48, Connaught Place, Central Delhi"", ""latitude"": 28.61017775316074, ""longitude"": 77.21273858622483, ""district"": ""Central Delhi"", ""state"": ""Delhi""}",Incident of cyber crime reported near Central Delhi.,Detailed police incident report regarding CYBER_CRIME under jurisdiction of Connaught Place Police Station. Investigation initiated by Officer Vivek Nair (BADGE-CEN-1034). Initial inspection conducted at incident location.,"[{""act"": ""IT Act"", ""section"": ""66C"", ""description"": ""Punishment for identity theft""}, {""act"": ""IT Act"", ""section"": ""66D"", ""description"": ""Punishment for cheating by personation using computer resource""}, {""act"": ""IPC"", ""section"": ""420"", ""description"": ""Cheating and dishonestly inducing delivery of property""}]",WALK_IN,USER-00210,USER-00210,2026-08-24T14:53:35.155226,2026-08-31T18:53:35.155247
CASE-000095,FIR/2025/PS-DEL-002/00095,STATION-PS-DEL-002,Hauz Khas Police Station,OFFICER-00035,Suresh Mukherjee,BADGE-SOU-1035,COGNIZABLE,ROBBERY,MEDIUM,UNDER_INVESTIGATION,2026-07-27T19:53:35.155271,2026-07-26T11:53:35.155271,"{""address"": ""Near Landmark 67, Hauz Khas, South Delhi"", ""latitude"": 28.55326764891869, ""longitude"": 77.19132840026869, ""district"": ""South Delhi"", ""state"": ""Delhi""}",Incident of robbery reported near South Delhi.,Detailed police incident report regarding ROBBERY under jurisdiction of Hauz Khas Police Station. Investigation initiated by Officer Suresh Mukherjee (BADGE-SOU-1035). Initial inspection conducted at incident location.,"[{""act"": ""IPC"", ""section"": ""392"", ""description"": ""Punishment for robbery""}, {""act"": ""IPC"", ""section"": ""395"", ""description"": ""Punishment for dacoity""}, {""act"": ""BNS"", ""section"": ""309"", ""description"": ""Robbery""}]",WALK_IN,USER-00047,USER-00047,2026-07-27T19:53:35.155271,2026-08-31T18:53:35.155297
CASE-000096,FIR/2026/PS-BLR-001/00096,STATION-PS-BLR-001,Koramangala Police Station,OFFICER-00016,Ramesh Reddy,BADGE-BAN-1016,COGNIZABLE,MURDER,HIGH,UNDER_INVESTIGATION,2025-04-25T15:53:35.155320,2025-04-24T07:53:35.155320,"{""address"": ""Near Landmark 16, Koramangala 1st to 8th Blocks, Bangalore Urban"", ""latitude"": 12.933047937435518, ""longitude"": 77.62959777130234, ""district"": ""Bangalore Urban"", ""state"": ""Karnataka""}",Incident of murder reported near Bangalore Urban.,Detailed police incident report regarding MURDER under jurisdiction of Koramangala Police Station. Investigation initiated by Officer Ramesh Reddy (BADGE-BAN-1016). Initial inspection conducted at incident location.,"[{""act"": ""IPC"", ""section"": ""302"", ""description"": ""Punishment for murder""}, {""act"": ""IPC"", ""section"": ""307"", ""description"": ""Attempt to murder""}, {""act"": ""BNS"", ""section"": ""103"", ""description"": ""Punishment for murder""}]",WALK_IN,USER-00020,USER-00020,2025-04-25T15:53:35.155320,2026-08-31T18:53:35.155340
CASE-000097,FIR/2026/PS-BLR-002/00097,STATION-PS-BLR-002,Indiranagar Police Station,OFFICER-00017,Alok Malik,BADGE-BAN-1017,NON_COGNIZABLE,FINANCIAL_CRIME,CRITICAL,UNDER_INVESTIGATION,2026-06-18T20:53:35.155362,2026-06-17T12:53:35.155362,"{""address"": ""Near Landmark 57, Indiranagar 1st and 2nd Stages, Bangalore Urban"", ""latitude"": 12.997368974749245, ""longitude"": 77.62288785775857, ""district"": ""Bangalore Urban"", ""state"": ""Karnataka""}",Incident of financial crime reported near Bangalore Urban.,Detailed police incident report regarding FINANCIAL_CRIME under jurisdiction of Indiranagar Police Station. Investigation initiated by Officer Alok Malik (BADGE-BAN-1017). Initial inspection conducted at incident location.,"[{""act"": ""PMLA"", ""section"": ""3"", ""description"": ""Offence of money-laundering""}, {""act"": ""IPC"", ""section"": ""409"", ""description"": ""Criminal breach of trust by public servant, banker, merchant or agent""}]",WALK_IN,USER-00011,USER-00011,2026-06-18T20:53:35.155362,2026-08-31T18:53:35.155382
CASE-000098,FIR/2025/PS-CHE-001/00098,STATION-PS-CHE-001,T. Nagar Police Station,OFFICER-00038,Mohan Mehta,BADGE-CHE-1038,COGNIZABLE,MURDER,MEDIUM,UNDER_INVESTIGATION,2026-08-06T08:53:35.155404,2026-08-05T09:53:35.155404,"{""address"": ""Near Landmark 27, T. Nagar, Chennai"", ""latitude"": 13.027266525503265, ""longitude"": 80.24591376351783, ""district"": ""Chennai"", ""state"": ""Tamil Nadu""}",Incident of murder reported near Chennai.,Detailed police incident report regarding MURDER under jurisdiction of T. Nagar Police Station. Investigation initiated by Officer Mohan Mehta (BADGE-CHE-1038). Initial inspection conducted at incident location.,"[{""act"": ""IPC"", ""section"": ""302"", ""description"": ""Punishment for murder""}, {""act"": ""IPC"", ""section"": ""307"", ""description"": ""Attempt to murder""}, {""act"": ""BNS"", ""section"": ""103"", ""description"": ""Punishment for murder""}]",WALK_IN,USER-00239,USER-00239,2026-08-06T08:53:35.155404,2026-08-31T18:53:35.155424
CASE-000099,FIR/2024/PS-CHE-002/00099,STATION-PS-CHE-002,Mylapore Police Station,OFFICER-00029,Vidya Dubey,BADGE-CHE-1029,COGNIZABLE,KIDNAPPING,MEDIUM,UNDER_INVESTIGATION,2025-04-30T20:53:35.155446,2025-04-30T17:53:35.155446,"{""address"": ""Near Landmark 70, Mylapore, Chennai"", ""latitude"": 13.050852747308555, ""longitude"": 80.25293439874625, ""district"": ""Chennai"", ""state"": ""Tamil Nadu""}",Incident of kidnapping reported near Chennai.,Detailed police incident report regarding KIDNAPPING under jurisdiction of Mylapore Police Station. Investigation initiated by Officer Vidya Dubey (BADGE-CHE-1029). Initial inspection conducted at incident location.,"[{""act"": ""IPC"", ""section"": ""364"", ""description"": ""Kidnapping or abducting in order to murder""}, {""act"": ""IPC"", ""section"": ""364A"", ""description"": ""Kidnapping for ransom""}, {""act"": ""BNS"", ""section"": ""140"", ""description"": ""Kidnapping or abduction for ransom""}]",WALK_IN,USER-00236,USER-00236,2025-04-30T20:53:35.155446,2026-08-31T18:53:35.155466
CASE-000100,FIR/2026/PS-LKO-001/00100,STATION-PS-LKO-001,Hazratganj Police Station,OFFICER-00030,Yogesh Mishra,BADGE-LUC-1030,COGNIZABLE,ROBBERY,MEDIUM,COURT_PROCEEDINGS,2025-07-23T07:53:35.155489,2025-07-21T08:53:35.155489,"{""address"": ""Near Landmark 53, Hazratganj, Lucknow"", ""latitude"": 26.866009324605688, ""longitude"": 80.93537430516942, ""district"": ""Lucknow"", ""state"": ""Uttar Pradesh""}",Incident of robbery reported near Lucknow.,Detailed police incident report regarding ROBBERY under jurisdiction of Hazratganj Police Station. Investigation initiated by Officer Yogesh Mishra (BADGE-LUC-1030). Initial inspection conducted at incident location.,"[{""act"": ""IPC"", ""section"": ""392"", ""description"": ""Punishment for robbery""}, {""act"": ""IPC"", ""section"": ""395"", ""description"": ""Punishment for dacoity""}, {""act"": ""BNS"", ""section"": ""309"", ""description"": ""Robbery""}]",WALK_IN,USER-00003,USER-00003,2025-07-23T07:53:35.155489,2026-08-31T18:53:35.155510
CASE-000101,FIR/2025/PS-MUM-001/00101,STATION-PS-MUM-001,Colaba Police Station,OFFICER-00031,Uma Naidu,BADGE-MUM-1031,COGNIZABLE,KIDNAPPING,HIGH,CHARGE_SHEET_FILED,2025-05-24T22:53:35.155532,2025-05-24T15:53:35.155532,"{""address"": ""Near Landmark 12, Colaba, Mumbai City"", ""latitude"": 18.896180704412803, ""longitude"": 72.8441762083078, ""district"": ""Mumbai City"", ""state"": ""Maharashtra""}",Incident of kidnapping reported near Mumbai City.,Detailed police incident report regarding KIDNAPPING under jurisdiction of Colaba Police Station. Investigation initiated by Officer Uma Naidu (BADGE-MUM-1031). Initial inspection conducted at incident location.,"[{""act"": ""IPC"", ""section"": ""364"", ""description"": ""Kidnapping or abducting in order to murder""}, {""act"": ""IPC"", ""section"": ""364A"", ""description"": ""Kidnapping for ransom""}, {""act"": ""BNS"", ""section"": ""140"", ""description"": ""Kidnapping or abduction for ransom""}]",WALK_IN,USER-00240,USER-00240,2025-05-24T22:53:35.155532,2026-08-31T18:53:35.155552
CASE-000102,FIR/2024/PS-MUM-002/00102,STATION-PS-MUM-002,Bandra Police Station,OFFICER-00012,Pankaj Banerjee,BADGE-MUM-1012,NON_COGNIZABLE,ACCIDENT,MEDIUM,CLOSED_SOLVED,2026-07-03T18:53:35.155574,2026-07-03T16:53:35.155574,"{""address"": ""Near Landmark 38, Bandra West, Mumbai Suburban"", ""latitude"": 19.04914698533141, ""longitude"": 72.83278636137892, ""district"": ""Mumbai Suburban"", ""state"": ""Maharashtra""}",Incident of accident reported near Mumbai Suburban.,Detailed police incident report regarding ACCIDENT under jurisdiction of Bandra Police Station. Investigation initiated by Officer Pankaj Banerjee (BADGE-MUM-1012). Initial inspection conducted at incident location.,"[{""act"": ""IPC"", ""section"": ""279"", ""description"": ""Rash driving or riding on a public way""}, {""act"": ""IPC"", ""section"": ""304A"", ""description"": ""Causing death by negligence""}, {""act"": ""Motor Vehicles Act"", ""section"": ""184"", ""description"": ""Dangerous driving""}]",WALK_IN,USER-00224,USER-00224,2026-07-03T18:53:35.155574,2026-08-31T18:53:35.155599
CASE-000103,FIR/2024/PS-PUN-001/00103,STATION-PS-PUN-001,Shivajinagar Police Station,OFFICER-00043,Chandan Chatterjee,BADGE-PUN-1043,NON_COGNIZABLE,DRUG_OFFENCE,LOW,CHARGE_SHEET_FILED,2026-03-24T22:53:35.155621,2026-03-23T10:53:35.155621,"{""address"": ""Near Landmark 20, Shivajinagar, Pune"", ""latitude"": 18.53905489380431, ""longitude"": 73.83631396290039, ""district"": ""Pune"", ""state"": ""Maharashtra""}",Incident of drug offence reported near Pune.,Detailed police incident report regarding DRUG_OFFENCE under jurisdiction of Shivajinagar Police Station. Investigation initiated by Officer Chandan Chatterjee (BADGE-PUN-1043). Initial inspection conducted at incident location.,"[{""act"": ""NDPS Act"", ""section"": ""20"", ""description"": ""Punishment for contravention in relation to cannabis""}, {""act"": ""NDPS Act"", ""section"": ""21"", ""description"": ""Punishment for contravention in relation to manufactured drugs""}]",WALK_IN,USER-00026,USER-00026,2026-03-24T22:53:35.155621,2026-08-31T18:53:35.155642
CASE-000104,FIR/2026/PS-DEL-001/00104,STATION-PS-DEL-001,Connaught Place Police Station,OFFICER-00044,Jitendra Mishra,BADGE-CEN-1044,NON_COGNIZABLE,ASSAULT,LOW,UNDER_INVESTIGATION,2026-07-11T02:53:35.155663,2026-07-09T11:53:35.155663,"{""address"": ""Near Landmark 47, Connaught Place, Central Delhi"", ""latitude"": 28.62854837388699, ""longitude"": 77.21700591044622, ""district"": ""Central Delhi"", ""state"": ""Delhi""}",Incident of assault reported near Central Delhi.,Detailed police incident report regarding ASSAULT under jurisdiction of Connaught Place Police Station. Investigation initiated by Officer Jitendra Mishra (BADGE-CEN-1044). Initial inspection conducted at incident location.,"[{""act"": ""IPC"", ""section"": ""323"", ""description"": ""Punishment for voluntarily causing hurt""}, {""act"": ""IPC"", ""section"": ""325"", ""description"": ""Punishment for voluntarily causing grievous hurt""}, {""act"": ""BNS"", ""section"": ""115"", ""description"": ""Voluntarily causing hurt""}]",WALK_IN,USER-00010,USER-00010,2026-07-11T02:53:35.155663,2026-08-31T18:53:35.155682
CASE-000105,FIR/2025/PS-DEL-002/00105,STATION-PS-DEL-002,Hauz Khas Police Station,OFFICER-00005,Vivek Chatterjee,BADGE-SOU-1005,NON_COGNIZABLE,THEFT,CRITICAL,UNDER_INVESTIGATION,2025-11-05T18:53:35.155703,2025-11-05T08:53:35.155703,"{""address"": ""Near Landmark 60, Hauz Khas, South Delhi"", ""latitude"": 28.530847228253936, ""longitude"": 77.18907329113749, ""district"": ""South Delhi"", ""state"": ""Delhi""}",Incident of theft reported near South Delhi.,Detailed police incident report regarding THEFT under jurisdiction of Hauz Khas Police Station. Investigation initiated by Officer Vivek Chatterjee (BADGE-SOU-1005). Initial inspection conducted at incident location.,"[{""act"": ""IPC"", ""section"": ""378"", ""description"": ""Theft""}, {""act"": ""IPC"", ""section"": ""379"", ""description"": ""Punishment for theft""}, {""act"": ""IPC"", ""section"": ""380"", ""description"": ""Theft in dwelling house""}, {""act"": ""BNS"", ""section"": ""303"", ""description"": ""Theft and aggravated theft""}]",WALK_IN,USER-00044,USER-00044,2025-11-05T18:53:35.155703,2026-08-31T18:53:35.155722
CASE-000106,FIR/2026/PS-BLR-001/00106,STATION-PS-BLR-001,Koramangala Police Station,OFFICER-00036,Tarun Shetty,BADGE-BAN-1036,COGNIZABLE,KIDNAPPING,LOW,UNDER_INVESTIGATION,2025-09-23T05:53:35.155743,2025-09-22T12:53:35.155743,"{""address"": ""Near Landmark 24, Koramangala 1st to 8th Blocks, Bangalore Urban"", ""latitude"": 12.93379153609563, ""longitude"": 77.63822113176026, ""district"": ""Bangalore Urban"", ""state"": ""Karnataka""}",Incident of kidnapping reported near Bangalore Urban.,Detailed police incident report regarding KIDNAPPING under jurisdiction of Koramangala Police Station. Investigation initiated by Officer Tarun Shetty (BADGE-BAN-1036). Initial inspection conducted at incident location.,"[{""act"": ""IPC"", ""section"": ""364"", ""description"": ""Kidnapping or abducting in order to murder""}, {""act"": ""IPC"", ""section"": ""364A"", ""description"": ""Kidnapping for ransom""}, {""act"": ""BNS"", ""section"": ""140"", ""description"": ""Kidnapping or abduction for ransom""}]",WALK_IN,USER-00201,USER-00201,2025-09-23T05:53:35.155743,2026-08-31T18:53:35.155768
CASE-000107,FIR/2024/PS-BLR-002/00107,STATION-PS-BLR-002,Indiranagar Police Station,OFFICER-00007,Ravi Singh,BADGE-BAN-1007,NON_COGNIZABLE,THEFT,LOW,UNDER_INVESTIGATION,2026-03-04T16:53:35.155816,2026-03-03T12:53:35.155816,"{""address"": ""Near Landmark 16, Indiranagar 1st and 2nd Stages, Bangalore Urban"", ""latitude"": 12.990830533467467, ""longitude"": 77.65817142073341, ""district"": ""Bangalore Urban"", ""state"": ""Karnataka""}",Incident of theft reported near Bangalore Urban.,Detailed police incident report regarding THEFT under jurisdiction of Indiranagar Police Station. Investigation initiated by Officer Ravi Singh (BADGE-BAN-1007). Initial inspection conducted at incident location.,"[{""act"": ""IPC"", ""section"": ""378"", ""description"": ""Theft""}, {""act"": ""IPC"", ""section"": ""379"", ""description"": ""Punishment for theft""}, {""act"": ""IPC"", ""section"": ""380"", ""description"": ""Theft in dwelling house""}, {""act"": ""BNS"", ""section"": ""303"", ""description"": ""Theft and aggravated theft""}]",WALK_IN,USER-00238,USER-00238,2026-03-04T16:53:35.155816,2026-08-31T18:53:35.155841
CASE-000108,FIR/2026/PS-CHE-001/00108,STATION-PS-CHE-001,T. Nagar Police Station,OFFICER-00048,Aarti Malik,BADGE-CHE-1048,NON_COGNIZABLE,DRUG_OFFENCE,MEDIUM,COURT_PROCEEDINGS,2026-04-13T11:53:35.155864,2026-04-12T10:53:35.155864,"{""address"": ""Near Landmark 12, T. Nagar, Chennai"", ""latitude"": 13.022150581129642, ""longitude"": 80.24646477095354, ""district"": ""Chennai"", ""state"": ""Tamil Nadu""}",Incident of drug offence reported near Chennai.,Detailed police incident report regarding DRUG_OFFENCE under jurisdiction of T. Nagar Police Station. Investigation initiated by Officer Aarti Malik (BADGE-CHE-1048). Initial inspection conducted at incident location.,"[{""act"": ""NDPS Act"", ""section"": ""20"", ""description"": ""Punishment for contravention in relation to cannabis""}, {""act"": ""NDPS Act"", ""section"": ""21"", ""description"": ""Punishment for contravention in relation to manufactured drugs""}]",WALK_IN,USER-00205,USER-00205,2026-04-13T11:53:35.155864,2026-08-31T18:53:35.155889
CASE-000109,FIR/2026/PS-CHE-002/00109,STATION-PS-CHE-002,Mylapore Police Station,OFFICER-00039,Deepa Saxena,BADGE-CHE-1039,NON_COGNIZABLE,OTHERS,MEDIUM,UNDER_INVESTIGATION,2025-10-14T06:53:35.155910,2025-10-13T16:53:35.155910,"{""address"": ""Near Landmark 93, Mylapore, Chennai"", ""latitude"": 13.029305168929403, ""longitude"": 80.25062109514982, ""district"": ""Chennai"", ""state"": ""Tamil Nadu""}",Incident of others reported near Chennai.,Detailed police incident report regarding OTHERS under jurisdiction of Mylapore Police Station. Investigation initiated by Officer Deepa Saxena (BADGE-CHE-1039). Initial inspection conducted at incident location.,"[{""act"": ""IPC"", ""section"": ""506"", ""description"": ""Punishment for criminal intimidation""}]",WALK_IN,USER-00247,USER-00247,2025-10-14T06:53:35.155910,2026-08-31T18:53:35.155931
CASE-000110,FIR/2026/PS-LKO-001/00110,STATION-PS-LKO-001,Hazratganj Police Station,OFFICER-00030,Yogesh Mishra,BADGE-LUC-1030,NON_COGNIZABLE,FINANCIAL_CRIME,HIGH,CHARGE_SHEET_FILED,2025-06-21T11:53:35.155954,2025-06-19T16:53:35.155954,"{""address"": ""Near Landmark 94, Hazratganj, Lucknow"", ""latitude"": 26.847361493645373, ""longitude"": 80.93018363557785, ""district"": ""Lucknow"", ""state"": ""Uttar Pradesh""}",Incident of financial crime reported near Lucknow.,Detailed police incident report regarding FINANCIAL_CRIME under jurisdiction of Hazratganj Police Station. Investigation initiated by Officer Yogesh Mishra (BADGE-LUC-1030). Initial inspection conducted at incident location.,"[{""act"": ""PMLA"", ""section"": ""3"", ""description"": ""Offence of money-laundering""}, {""act"": ""IPC"", ""section"": ""409"", ""description"": ""Criminal breach of trust by public servant, banker, merchant or agent""}]",WALK_IN,USER-00011,USER-00011,2025-06-21T11:53:35.155954,2026-08-31T18:53:35.155974
CASE-000111,FIR/2024/PS-MUM-001/00111,STATION-PS-MUM-001,Colaba Police Station,OFFICER-00001,Sanjay Bhatt,BADGE-MUM-1001,NON_COGNIZABLE,DRUG_OFFENCE,HIGH,REGISTERED,2026-08-05T18:53:35.155996,2026-08-05T12:53:35.155996,"{""address"": ""Near Landmark 74, Colaba, Mumbai City"", ""latitude"": 18.91911159977372, ""longitude"": 72.80878946271972, ""district"": ""Mumbai City"", ""state"": ""Maharashtra""}",Incident of drug offence reported near Mumbai City.,Detailed police incident report regarding DRUG_OFFENCE under jurisdiction of Colaba Police Station. Investigation initiated by Officer Sanjay Bhatt (BADGE-MUM-1001). Initial inspection conducted at incident location.,"[{""act"": ""NDPS Act"", ""section"": ""20"", ""description"": ""Punishment for contravention in relation to cannabis""}, {""act"": ""NDPS Act"", ""section"": ""21"", ""description"": ""Punishment for contravention in relation to manufactured drugs""}]",WALK_IN,USER-00034,USER-00034,2026-08-05T18:53:35.155996,2026-08-31T18:53:35.156019
CASE-000112,FIR/2024/PS-MUM-002/00112,STATION-PS-MUM-002,Bandra Police Station,OFFICER-00002,Jitendra Tripathi,BADGE-MUM-1002,NON_COGNIZABLE,ASSAULT,HIGH,COURT_PROCEEDINGS,2025-09-05T07:53:35.156041,2025-09-04T09:53:35.156041,"{""address"": ""Near Landmark 89, Bandra West, Mumbai Suburban"", ""latitude"": 19.06626198183887, ""longitude"": 72.83782263942554, ""district"": ""Mumbai Suburban"", ""state"": ""Maharashtra""}",Incident of assault reported near Mumbai Suburban.,Detailed police incident report regarding ASSAULT under jurisdiction of Bandra Police Station. Investigation initiated by Officer Jitendra Tripathi (BADGE-MUM-1002). Initial inspection conducted at incident location.,"[{""act"": ""IPC"", ""section"": ""323"", ""description"": ""Punishment for voluntarily causing hurt""}, {""act"": ""IPC"", ""section"": ""325"", ""description"": ""Punishment for voluntarily causing grievous hurt""}, {""act"": ""BNS"", ""section"": ""115"", ""description"": ""Voluntarily causing hurt""}]",WALK_IN,USER-00231,USER-00231,2025-09-05T07:53:35.156041,2026-08-31T18:53:35.156061
CASE-000113,FIR/2024/PS-PUN-001/00113,STATION-PS-PUN-001,Shivajinagar Police Station,OFFICER-00043,Chandan Chatterjee,BADGE-PUN-1043,COGNIZABLE,MURDER,LOW,REGISTERED,2025-05-14T22:53:35.156083,2025-05-13T11:53:35.156083,"{""address"": ""Near Landmark 76, Shivajinagar, Pune"", ""latitude"": 18.538217744518903, ""longitude"": 73.86324995053461, ""district"": ""Pune"", ""state"": ""Maharashtra""}",Incident of murder reported near Pune.,Detailed police incident report regarding MURDER under jurisdiction of Shivajinagar Police Station. Investigation initiated by Officer Chandan Chatterjee (BADGE-PUN-1043). Initial inspection conducted at incident location.,"[{""act"": ""IPC"", ""section"": ""302"", ""description"": ""Punishment for murder""}, {""act"": ""IPC"", ""section"": ""307"", ""description"": ""Attempt to murder""}, {""act"": ""BNS"", ""section"": ""103"", ""description"": ""Punishment for murder""}]",WALK_IN,USER-00049,USER-00049,2025-05-14T22:53:35.156083,2026-08-31T18:53:35.156116
CASE-000114,FIR/2025/PS-DEL-001/00114,STATION-PS-DEL-001,Connaught Place Police Station,OFFICER-00044,Jitendra Mishra,BADGE-CEN-1044,NON_COGNIZABLE,FRAUD,MEDIUM,UNDER_INVESTIGATION,2026-07-09T05:53:35.156139,2026-07-07T08:53:35.156139,"{""address"": ""Near Landmark 24, Connaught Place, Central Delhi"", ""latitude"": 28.62523854158409, ""longitude"": 77.21605267546813, ""district"": ""Central Delhi"", ""state"": ""Delhi""}",Incident of fraud reported near Central Delhi.,Detailed police incident report regarding FRAUD under jurisdiction of Connaught Place Police Station. Investigation initiated by Officer Jitendra Mishra (BADGE-CEN-1044). Initial inspection conducted at incident location.,"[{""act"": ""IPC"", ""section"": ""420"", ""description"": ""Cheating and dishonestly inducing delivery of property""}, {""act"": ""IPC"", ""section"": ""406"", ""description"": ""Punishment for criminal breach of trust""}, {""act"": ""IPC"", ""section"": ""468"", ""description"": ""Forgery for purpose of cheating""}]",WALK_IN,USER-00237,USER-00237,2026-07-09T05:53:35.156139,2026-08-31T18:53:35.156158
CASE-000115,FIR/2024/PS-DEL-002/00115,STATION-PS-DEL-002,Hauz Khas Police Station,OFFICER-00035,Suresh Mukherjee,BADGE-SOU-1035,COGNIZABLE,MURDER,HIGH,CLOSED_SOLVED,2025-11-22T00:53:35.156179,2025-11-21T17:53:35.156179,"{""address"": ""Near Landmark 70, Hauz Khas, South Delhi"", ""latitude"": 28.5680376911724, ""longitude"": 77.21343316774927, ""district"": ""South Delhi"", ""state"": ""Delhi""}",Incident of murder reported near South Delhi.,Detailed police incident report regarding MURDER under jurisdiction of Hauz Khas Police Station. Investigation initiated by Officer Suresh Mukherjee (BADGE-SOU-1035). Initial inspection conducted at incident location.,"[{""act"": ""IPC"", ""section"": ""302"", ""description"": ""Punishment for murder""}, {""act"": ""IPC"", ""section"": ""307"", ""description"": ""Attempt to murder""}, {""act"": ""BNS"", ""section"": ""103"", ""description"": ""Punishment for murder""}]",WALK_IN,USER-00008,USER-00008,2025-11-22T00:53:35.156179,2026-08-31T18:53:35.156198
CASE-000116,FIR/2026/PS-BLR-001/00116,STATION-PS-BLR-001,Koramangala Police Station,OFFICER-00026,Vandana Chauhan,BADGE-BAN-1026,NON_COGNIZABLE,ACCIDENT,MEDIUM,UNDER_INVESTIGATION,2025-09-09T02:53:35.156219,2025-09-08T17:53:35.156219,"{""address"": ""Near Landmark 35, Koramangala 1st to 8th Blocks, Bangalore Urban"", ""latitude"": 12.940310300227837, ""longitude"": 77.62598797220218, ""district"": ""Bangalore Urban"", ""state"": ""Karnataka""}",Incident of accident reported near Bangalore Urban.,Detailed police incident report regarding ACCIDENT under jurisdiction of Koramangala Police Station. Investigation initiated by Officer Vandana Chauhan (BADGE-BAN-1026). Initial inspection conducted at incident location.,"[{""act"": ""IPC"", ""section"": ""279"", ""description"": ""Rash driving or riding on a public way""}, {""act"": ""IPC"", ""section"": ""304A"", ""description"": ""Causing death by negligence""}, {""act"": ""Motor Vehicles Act"", ""section"": ""184"", ""description"": ""Dangerous driving""}]",WALK_IN,USER-00219,USER-00219,2025-09-09T02:53:35.156219,2026-08-31T18:53:35.156238
CASE-000117,FIR/2024/PS-BLR-002/00117,STATION-PS-BLR-002,Indiranagar Police Station,OFFICER-00027,Tarun Pandey,BADGE-BAN-1027,COGNIZABLE,MURDER,LOW,UNDER_INVESTIGATION,2025-05-29T17:53:35.156259,2025-05-27T17:53:35.156259,"{""address"": ""Near Landmark 77, Indiranagar 1st and 2nd Stages, Bangalore Urban"", ""latitude"": 12.95906197605481, ""longitude"": 77.63396616988352, ""district"": ""Bangalore Urban"", ""state"": ""Karnataka""}",Incident of murder reported near Bangalore Urban.,Detailed police incident report regarding MURDER under jurisdiction of Indiranagar Police Station. Investigation initiated by Officer Tarun Pandey (BADGE-BAN-1027). Initial inspection conducted at incident location.,"[{""act"": ""IPC"", ""section"": ""302"", ""description"": ""Punishment for murder""}, {""act"": ""IPC"", ""section"": ""307"", ""description"": ""Attempt to murder""}, {""act"": ""BNS"", ""section"": ""103"", ""description"": ""Punishment for murder""}]",WALK_IN,USER-00221,USER-00221,2025-05-29T17:53:35.156259,2026-08-31T18:53:35.156278
CASE-000118,FIR/2024/PS-CHE-001/00118,STATION-PS-CHE-001,T. Nagar Police Station,OFFICER-00008,Ajay Bhatt,BADGE-CHE-1008,NON_COGNIZABLE,THEFT,HIGH,CHARGE_SHEET_FILED,2026-04-28T04:53:35.156299,2026-04-26T17:53:35.156299,"{""address"": ""Near Landmark 81, T. Nagar, Chennai"", ""latitude"": 13.049177992848739, ""longitude"": 80.24497937725853, ""district"": ""Chennai"", ""state"": ""Tamil Nadu""}",Incident of theft reported near Chennai.,Detailed police incident report regarding THEFT under jurisdiction of T. Nagar Police Station. Investigation initiated by Officer Ajay Bhatt (BADGE-CHE-1008). Initial inspection conducted at incident location.,"[{""act"": ""IPC"", ""section"": ""378"", ""description"": ""Theft""}, {""act"": ""IPC"", ""section"": ""379"", ""description"": ""Punishment for theft""}, {""act"": ""IPC"", ""section"": ""380"", ""description"": ""Theft in dwelling house""}, {""act"": ""BNS"", ""section"": ""303"", ""description"": ""Theft and aggravated theft""}]",WALK_IN,USER-00050,USER-00050,2026-04-28T04:53:35.156299,2026-08-31T18:53:35.156318
CASE-000119,FIR/2025/PS-CHE-002/00119,STATION-PS-CHE-002,Mylapore Police Station,OFFICER-00029,Vidya Dubey,BADGE-CHE-1029,NON_COGNIZABLE,CYBER_CRIME,LOW,CLOSED_UNSOLVED,2025-05-18T20:53:35.156339,2025-05-18T16:53:35.156339,"{""address"": ""Near Landmark 21, Mylapore, Chennai"", ""latitude"": 13.034637086335135, ""longitude"": 80.2840432696991, ""district"": ""Chennai"", ""state"": ""Tamil Nadu""}",Incident of cyber crime reported near Chennai.,Detailed police incident report regarding CYBER_CRIME under jurisdiction of Mylapore Police Station. Investigation initiated by Officer Vidya Dubey (BADGE-CHE-1029). Initial inspection conducted at incident location.,"[{""act"": ""IT Act"", ""section"": ""66C"", ""description"": ""Punishment for identity theft""}, {""act"": ""IT Act"", ""section"": ""66D"", ""description"": ""Punishment for cheating by personation using computer resource""}, {""act"": ""IPC"", ""section"": ""420"", ""description"": ""Cheating and dishonestly inducing delivery of property""}]",WALK_IN,USER-00221,USER-00221,2025-05-18T20:53:35.156339,2026-08-31T18:53:35.156366
CASE-000120,FIR/2024/PS-LKO-001/00120,STATION-PS-LKO-001,Hazratganj Police Station,OFFICER-00050,Seema Naidu,BADGE-LUC-1050,COGNIZABLE,KIDNAPPING,CRITICAL,UNDER_INVESTIGATION,2025-06-03T23:53:35.156390,2025-06-03T10:53:35.156390,"{""address"": ""Near Landmark 78, Hazratganj, Lucknow"", ""latitude"": 26.847765025677887, ""longitude"": 80.94446615301393, ""district"": ""Lucknow"", ""state"": ""Uttar Pradesh""}",Incident of kidnapping reported near Lucknow.,Detailed police incident report regarding KIDNAPPING under jurisdiction of Hazratganj Police Station. Investigation initiated by Officer Seema Naidu (BADGE-LUC-1050). Initial inspection conducted at incident location.,"[{""act"": ""IPC"", ""section"": ""364"", ""description"": ""Kidnapping or abducting in order to murder""}, {""act"": ""IPC"", ""section"": ""364A"", ""description"": ""Kidnapping for ransom""}, {""act"": ""BNS"", ""section"": ""140"", ""description"": ""Kidnapping or abduction for ransom""}]",WALK_IN,USER-00230,USER-00230,2025-06-03T23:53:35.156390,2026-08-31T18:53:35.156429
CASE-000121,FIR/2026/PS-MUM-001/00121,STATION-PS-MUM-001,Colaba Police Station,OFFICER-00011,Nikhil Patil,BADGE-MUM-1011,NON_COGNIZABLE,THEFT,MEDIUM,UNDER_INVESTIGATION,2026-07-13T18:53:35.156456,2026-07-13T15:53:35.156456,"{""address"": ""Near Landmark 68, Colaba, Mumbai City"", ""latitude"": 18.90241177168082, ""longitude"": 72.83076775658935, ""district"": ""Mumbai City"", ""state"": ""Maharashtra""}",Incident of theft reported near Mumbai City.,Detailed police incident report regarding THEFT under jurisdiction of Colaba Police Station. Investigation initiated by Officer Nikhil Patil (BADGE-MUM-1011). Initial inspection conducted at incident location.,"[{""act"": ""IPC"", ""section"": ""378"", ""description"": ""Theft""}, {""act"": ""IPC"", ""section"": ""379"", ""description"": ""Punishment for theft""}, {""act"": ""IPC"", ""section"": ""380"", ""description"": ""Theft in dwelling house""}, {""act"": ""BNS"", ""section"": ""303"", ""description"": ""Theft and aggravated theft""}]",WALK_IN,USER-00242,USER-00242,2026-07-13T18:53:35.156456,2026-08-31T18:53:35.156480
CASE-000122,FIR/2026/PS-MUM-002/00122,STATION-PS-MUM-002,Bandra Police Station,OFFICER-00042,Radha Patil,BADGE-MUM-1042,NON_COGNIZABLE,DRUG_OFFENCE,MEDIUM,UNDER_INVESTIGATION,2026-07-13T10:53:35.156503,2026-07-11T15:53:35.156503,"{""address"": ""Near Landmark 91, Bandra West, Mumbai Suburban"", ""latitude"": 19.0443846859247, ""longitude"": 72.83048668262091, ""district"": ""Mumbai Suburban"", ""state"": ""Maharashtra""}",Incident of drug offence reported near Mumbai Suburban.,Detailed police incident report regarding DRUG_OFFENCE under jurisdiction of Bandra Police Station. Investigation initiated by Officer Radha Patil (BADGE-MUM-1042). Initial inspection conducted at incident location.,"[{""act"": ""NDPS Act"", ""section"": ""20"", ""description"": ""Punishment for contravention in relation to cannabis""}, {""act"": ""NDPS Act"", ""section"": ""21"", ""description"": ""Punishment for contravention in relation to manufactured drugs""}]",WALK_IN,USER-00206,USER-00206,2026-07-13T10:53:35.156503,2026-08-31T18:53:35.156525
CASE-000123,FIR/2024/PS-PUN-001/00123,STATION-PS-PUN-001,Shivajinagar Police Station,OFFICER-00023,Yashoda Das,BADGE-PUN-1023,NON_COGNIZABLE,FRAUD,MEDIUM,REGISTERED,2026-04-10T08:53:35.156548,2026-04-08T17:53:35.156548,"{""address"": ""Near Landmark 45, Shivajinagar, Pune"", ""latitude"": 18.53140289900591, ""longitude"": 73.85589193669604, ""district"": ""Pune"", ""state"": ""Maharashtra""}",Incident of fraud reported near Pune.,Detailed police incident report regarding FRAUD under jurisdiction of Shivajinagar Police Station. Investigation initiated by Officer Yashoda Das (BADGE-PUN-1023). Initial inspection conducted at incident location.,"[{""act"": ""IPC"", ""section"": ""420"", ""description"": ""Cheating and dishonestly inducing delivery of property""}, {""act"": ""IPC"", ""section"": ""406"", ""description"": ""Punishment for criminal breach of trust""}, {""act"": ""IPC"", ""section"": ""468"", ""description"": ""Forgery for purpose of cheating""}]",WALK_IN,USER-00043,USER-00043,2026-04-10T08:53:35.156548,2026-08-31T18:53:35.156569
CASE-000124,FIR/2026/PS-DEL-001/00124,STATION-PS-DEL-001,Connaught Place Police Station,OFFICER-00044,Jitendra Mishra,BADGE-CEN-1044,COGNIZABLE,ROBBERY,MEDIUM,UNDER_INVESTIGATION,2026-07-26T13:53:35.156591,2026-07-24T17:53:35.156591,"{""address"": ""Near Landmark 18, Connaught Place, Central Delhi"", ""latitude"": 28.614734934474093, ""longitude"": 77.20328798100874, ""district"": ""Central Delhi"", ""state"": ""Delhi""}",Incident of robbery reported near Central Delhi.,Detailed police incident report regarding ROBBERY under jurisdiction of Connaught Place Police Station. Investigation initiated by Officer Jitendra Mishra (BADGE-CEN-1044). Initial inspection conducted at incident location.,"[{""act"": ""IPC"", ""section"": ""392"", ""description"": ""Punishment for robbery""}, {""act"": ""IPC"", ""section"": ""395"", ""description"": ""Punishment for dacoity""}, {""act"": ""BNS"", ""section"": ""309"", ""description"": ""Robbery""}]",WALK_IN,USER-00243,USER-00243,2026-07-26T13:53:35.156591,2026-08-31T18:53:35.156610
CASE-000125,FIR/2025/PS-DEL-002/00125,STATION-PS-DEL-002,Hauz Khas Police Station,OFFICER-00045,Sunil Agarwal,BADGE-SOU-1045,NON_COGNIZABLE,DRUG_OFFENCE,HIGH,REGISTERED,2026-02-06T17:53:35.156632,2026-02-05T06:53:35.156632,"{""address"": ""Near Landmark 93, Hauz Khas, South Delhi"", ""latitude"": 28.54523316252374, ""longitude"": 77.21569796915169, ""district"": ""South Delhi"", ""state"": ""Delhi""}",Incident of drug offence reported near South Delhi.,Detailed police incident report regarding DRUG_OFFENCE under jurisdiction of Hauz Khas Police Station. Investigation initiated by Officer Sunil Agarwal (BADGE-SOU-1045). Initial inspection conducted at incident location.,"[{""act"": ""NDPS Act"", ""section"": ""20"", ""description"": ""Punishment for contravention in relation to cannabis""}, {""act"": ""NDPS Act"", ""section"": ""21"", ""description"": ""Punishment for contravention in relation to manufactured drugs""}]",WALK_IN,USER-00243,USER-00243,2026-02-06T17:53:35.156632,2026-08-31T18:53:35.156652
CASE-000126,FIR/2024/PS-BLR-001/00126,STATION-PS-BLR-001,Koramangala Police Station,OFFICER-00006,Nandini Shah,BADGE-BAN-1006,NON_COGNIZABLE,THEFT,HIGH,COURT_PROCEEDINGS,2026-06-03T11:53:35.156674,2026-06-03T09:53:35.156674,"{""address"": ""Near Landmark 49, Koramangala 1st to 8th Blocks, Bangalore Urban"", ""latitude"": 12.952473474575132, ""longitude"": 77.62853889132329, ""district"": ""Bangalore Urban"", ""state"": ""Karnataka""}",Incident of theft reported near Bangalore Urban.,Detailed police incident report regarding THEFT under jurisdiction of Koramangala Police Station. Investigation initiated by Officer Nandini Shah (BADGE-BAN-1006). Initial inspection conducted at incident location.,"[{""act"": ""IPC"", ""section"": ""378"", ""description"": ""Theft""}, {""act"": ""IPC"", ""section"": ""379"", ""description"": ""Punishment for theft""}, {""act"": ""IPC"", ""section"": ""380"", ""description"": ""Theft in dwelling house""}, {""act"": ""BNS"", ""section"": ""303"", ""description"": ""Theft and aggravated theft""}]",WALK_IN,USER-00022,USER-00022,2026-06-03T11:53:35.156674,2026-08-31T18:53:35.156694
CASE-000127,FIR/2024/PS-BLR-002/00127,STATION-PS-BLR-002,Indiranagar Police Station,OFFICER-00047,Ananya Dutta,BADGE-BAN-1047,NON_COGNIZABLE,OTHERS,MEDIUM,REGISTERED,2026-05-07T05:53:35.156715,2026-05-05T08:53:35.156715,"{""address"": ""Near Landmark 74, Indiranagar 1st and 2nd Stages, Bangalore Urban"", ""latitude"": 12.9916330727537, ""longitude"": 77.64061984115865, ""district"": ""Bangalore Urban"", ""state"": ""Karnataka""}",Incident of others reported near Bangalore Urban.,Detailed police incident report regarding OTHERS under jurisdiction of Indiranagar Police Station. Investigation initiated by Officer Ananya Dutta (BADGE-BAN-1047). Initial inspection conducted at incident location.,"[{""act"": ""IPC"", ""section"": ""506"", ""description"": ""Punishment for criminal intimidation""}]",WALK_IN,USER-00037,USER-00037,2026-05-07T05:53:35.156715,2026-08-31T18:53:35.156740
CASE-000128,FIR/2024/PS-CHE-001/00128,STATION-PS-CHE-001,T. Nagar Police Station,OFFICER-00038,Mohan Mehta,BADGE-CHE-1038,NON_COGNIZABLE,CYBER_CRIME,LOW,UNDER_INVESTIGATION,2026-03-05T15:53:35.156761,2026-03-03T16:53:35.156761,"{""address"": ""Near Landmark 17, T. Nagar, Chennai"", ""latitude"": 13.058030089468042, ""longitude"": 80.23621939560859, ""district"": ""Chennai"", ""state"": ""Tamil Nadu""}",Incident of cyber crime reported near Chennai.,Detailed police incident report regarding CYBER_CRIME under jurisdiction of T. Nagar Police Station. Investigation initiated by Officer Mohan Mehta (BADGE-CHE-1038). Initial inspection conducted at incident location.,"[{""act"": ""IT Act"", ""section"": ""66C"", ""description"": ""Punishment for identity theft""}, {""act"": ""IT Act"", ""section"": ""66D"", ""description"": ""Punishment for cheating by personation using computer resource""}, {""act"": ""IPC"", ""section"": ""420"", ""description"": ""Cheating and dishonestly inducing delivery of property""}]",WALK_IN,USER-00029,USER-00029,2026-03-05T15:53:35.156761,2026-08-31T18:53:35.156781
CASE-000129,FIR/2026/PS-CHE-002/00129,STATION-PS-CHE-002,Mylapore Police Station,OFFICER-00019,Aditya Dubey,BADGE-CHE-1019,COGNIZABLE,ROBBERY,CRITICAL,CLOSED_SOLVED,2026-07-25T03:53:35.156803,2026-07-24T07:53:35.156803,"{""address"": ""Near Landmark 99, Mylapore, Chennai"", ""latitude"": 13.01957525416195, ""longitude"": 80.26105615328224, ""district"": ""Chennai"", ""state"": ""Tamil Nadu""}",Incident of robbery reported near Chennai.,Detailed police incident report regarding ROBBERY under jurisdiction of Mylapore Police Station. Investigation initiated by Officer Aditya Dubey (BADGE-CHE-1019). Initial inspection conducted at incident location.,"[{""act"": ""IPC"", ""section"": ""392"", ""description"": ""Punishment for robbery""}, {""act"": ""IPC"", ""section"": ""395"", ""description"": ""Punishment for dacoity""}, {""act"": ""BNS"", ""section"": ""309"", ""description"": ""Robbery""}]",WALK_IN,USER-00003,USER-00003,2026-07-25T03:53:35.156803,2026-08-31T18:53:35.156824
CASE-000130,FIR/2025/PS-LKO-001/00130,STATION-PS-LKO-001,Hazratganj Police Station,OFFICER-00030,Yogesh Mishra,BADGE-LUC-1030,NON_COGNIZABLE,ASSAULT,LOW,UNDER_INVESTIGATION,2025-07-07T03:53:35.156853,2025-07-06T14:53:35.156853,"{""address"": ""Near Landmark 29, Hazratganj, Lucknow"", ""latitude"": 26.845172423905886, ""longitude"": 80.93698325762647, ""district"": ""Lucknow"", ""state"": ""Uttar Pradesh""}",Incident of assault reported near Lucknow.,Detailed police incident report regarding ASSAULT under jurisdiction of Hazratganj Police Station. Investigation initiated by Officer Yogesh Mishra (BADGE-LUC-1030). Initial inspection conducted at incident location.,"[{""act"": ""IPC"", ""section"": ""323"", ""description"": ""Punishment for voluntarily causing hurt""}, {""act"": ""IPC"", ""section"": ""325"", ""description"": ""Punishment for voluntarily causing grievous hurt""}, {""act"": ""BNS"", ""section"": ""115"", ""description"": ""Voluntarily causing hurt""}]",WALK_IN,USER-00046,USER-00046,2025-07-07T03:53:35.156853,2026-08-31T18:53:35.156877
CASE-000131,FIR/2025/PS-MUM-001/00131,STATION-PS-MUM-001,Colaba Police Station,OFFICER-00001,Sanjay Bhatt,BADGE-MUM-1001,NON_COGNIZABLE,DRUG_OFFENCE,HIGH,REGISTERED,2026-05-28T22:53:35.156901,2026-05-28T17:53:35.156901,"{""address"": ""Near Landmark 44, Colaba, Mumbai City"", ""latitude"": 18.89903876887731, ""longitude"": 72.83257511968476, ""district"": ""Mumbai City"", ""state"": ""Maharashtra""}",Incident of drug offence reported near Mumbai City.,Detailed police incident report regarding DRUG_OFFENCE under jurisdiction of Colaba Police Station. Investigation initiated by Officer Sanjay Bhatt (BADGE-MUM-1001). Initial inspection conducted at incident location.,"[{""act"": ""NDPS Act"", ""section"": ""20"", ""description"": ""Punishment for contravention in relation to cannabis""}, {""act"": ""NDPS Act"", ""section"": ""21"", ""description"": ""Punishment for contravention in relation to manufactured drugs""}]",WALK_IN,USER-00007,USER-00007,2026-05-28T22:53:35.156901,2026-08-31T18:53:35.156924
CASE-000132,FIR/2026/PS-MUM-002/00132,STATION-PS-MUM-002,Bandra Police Station,OFFICER-00032,Umesh Deshmukh,BADGE-MUM-1032,NON_COGNIZABLE,THEFT,MEDIUM,CLOSED_UNSOLVED,2026-03-12T07:53:35.156947,2026-03-10T12:53:35.156947,"{""address"": ""Near Landmark 52, Bandra West, Mumbai Suburban"", ""latitude"": 19.047973604850966, ""longitude"": 72.81799545117225, ""district"": ""Mumbai Suburban"", ""state"": ""Maharashtra""}",Incident of theft reported near Mumbai Suburban.,Detailed police incident report regarding THEFT under jurisdiction of Bandra Police Station. Investigation initiated by Officer Umesh Deshmukh (BADGE-MUM-1032). Initial inspection conducted at incident location.,"[{""act"": ""IPC"", ""section"": ""378"", ""description"": ""Theft""}, {""act"": ""IPC"", ""section"": ""379"", ""description"": ""Punishment for theft""}, {""act"": ""IPC"", ""section"": ""380"", ""description"": ""Theft in dwelling house""}, {""act"": ""BNS"", ""section"": ""303"", ""description"": ""Theft and aggravated theft""}]",WALK_IN,USER-00031,USER-00031,2026-03-12T07:53:35.156947,2026-08-31T18:53:35.156967
CASE-000133,FIR/2025/PS-PUN-001/00133,STATION-PS-PUN-001,Shivajinagar Police Station,OFFICER-00033,Vinod Gowda,BADGE-PUN-1033,NON_COGNIZABLE,ASSAULT,HIGH,UNDER_INVESTIGATION,2026-01-09T20:53:35.156991,2026-01-08T07:53:35.156991,"{""address"": ""Near Landmark 56, Shivajinagar, Pune"", ""latitude"": 18.54628307070517, ""longitude"": 73.82809264570055, ""district"": ""Pune"", ""state"": ""Maharashtra""}",Incident of assault reported near Pune.,Detailed police incident report regarding ASSAULT under jurisdiction of Shivajinagar Police Station. Investigation initiated by Officer Vinod Gowda (BADGE-PUN-1033). Initial inspection conducted at incident location.,"[{""act"": ""IPC"", ""section"": ""323"", ""description"": ""Punishment for voluntarily causing hurt""}, {""act"": ""IPC"", ""section"": ""325"", ""description"": ""Punishment for voluntarily causing grievous hurt""}, {""act"": ""BNS"", ""section"": ""115"", ""description"": ""Voluntarily causing hurt""}]",WALK_IN,USER-00018,USER-00018,2026-01-09T20:53:35.156991,2026-08-31T18:53:35.157011
CASE-000134,FIR/2024/PS-DEL-001/00134,STATION-PS-DEL-001,Connaught Place Police Station,OFFICER-00014,Sachin Bhatt,BADGE-CEN-1014,NON_COGNIZABLE,DOMESTIC_VIOLENCE,HIGH,CHARGE_SHEET_FILED,2025-10-30T13:53:35.157038,2025-10-29T06:53:35.157038,"{""address"": ""Near Landmark 59, Connaught Place, Central Delhi"", ""latitude"": 28.632867883752546, ""longitude"": 77.20904479196926, ""district"": ""Central Delhi"", ""state"": ""Delhi""}",Incident of domestic violence reported near Central Delhi.,Detailed police incident report regarding DOMESTIC_VIOLENCE under jurisdiction of Connaught Place Police Station. Investigation initiated by Officer Sachin Bhatt (BADGE-CEN-1014). Initial inspection conducted at incident location.,"[{""act"": ""IPC"", ""section"": ""498A"", ""description"": ""Husband or relative of husband subjecting woman to cruelty""}, {""act"": ""DV Act"", ""section"": ""12"", ""description"": ""Application to Magistrate for domestic violence relief""}]",WALK_IN,USER-00005,USER-00005,2025-10-30T13:53:35.157038,2026-08-31T18:53:35.157059
CASE-000135,FIR/2025/PS-DEL-002/00135,STATION-PS-DEL-002,Hauz Khas Police Station,OFFICER-00005,Vivek Chatterjee,BADGE-SOU-1005,NON_COGNIZABLE,DRUG_OFFENCE,CRITICAL,REGISTERED,2025-11-27T02:53:35.157081,2025-11-26T08:53:35.157081,"{""address"": ""Near Landmark 99, Hauz Khas, South Delhi"", ""latitude"": 28.552446837190747, ""longitude"": 77.18501109593197, ""district"": ""South Delhi"", ""state"": ""Delhi""}",Incident of drug offence reported near South Delhi.,Detailed police incident report regarding DRUG_OFFENCE under jurisdiction of Hauz Khas Police Station. Investigation initiated by Officer Vivek Chatterjee (BADGE-SOU-1005). Initial inspection conducted at incident location.,"[{""act"": ""NDPS Act"", ""section"": ""20"", ""description"": ""Punishment for contravention in relation to cannabis""}, {""act"": ""NDPS Act"", ""section"": ""21"", ""description"": ""Punishment for contravention in relation to manufactured drugs""}]",WALK_IN,USER-00021,USER-00021,2025-11-27T02:53:35.157081,2026-08-31T18:53:35.157102
CASE-000136,FIR/2025/PS-BLR-001/00136,STATION-PS-BLR-001,Koramangala Police Station,OFFICER-00046,Indu Singh,BADGE-BAN-1046,COGNIZABLE,MURDER,HIGH,COURT_PROCEEDINGS,2025-08-01T02:53:35.157122,2025-07-30T14:53:35.157122,"{""address"": ""Near Landmark 22, Koramangala 1st to 8th Blocks, Bangalore Urban"", ""latitude"": 12.93211118149449, ""longitude"": 77.60860684155152, ""district"": ""Bangalore Urban"", ""state"": ""Karnataka""}",Incident of murder reported near Bangalore Urban.,Detailed police incident report regarding MURDER under jurisdiction of Koramangala Police Station. Investigation initiated by Officer Indu Singh (BADGE-BAN-1046). Initial inspection conducted at incident location.,"[{""act"": ""IPC"", ""section"": ""302"", ""description"": ""Punishment for murder""}, {""act"": ""IPC"", ""section"": ""307"", ""description"": ""Attempt to murder""}, {""act"": ""BNS"", ""section"": ""103"", ""description"": ""Punishment for murder""}]",WALK_IN,USER-00238,USER-00238,2025-08-01T02:53:35.157122,2026-08-31T18:53:35.157142
CASE-000137,FIR/2025/PS-BLR-002/00137,STATION-PS-BLR-002,Indiranagar Police Station,OFFICER-00047,Ananya Dutta,BADGE-BAN-1047,COGNIZABLE,MURDER,LOW,UNDER_INVESTIGATION,2025-12-31T06:53:35.157164,2025-12-29T15:53:35.157164,"{""address"": ""Near Landmark 34, Indiranagar 1st and 2nd Stages, Bangalore Urban"", ""latitude"": 12.961712482030585, ""longitude"": 77.64530130870428, ""district"": ""Bangalore Urban"", ""state"": ""Karnataka""}",Incident of murder reported near Bangalore Urban.,Detailed police incident report regarding MURDER under jurisdiction of Indiranagar Police Station. Investigation initiated by Officer Ananya Dutta (BADGE-BAN-1047). Initial inspection conducted at incident location.,"[{""act"": ""IPC"", ""section"": ""302"", ""description"": ""Punishment for murder""}, {""act"": ""IPC"", ""section"": ""307"", ""description"": ""Attempt to murder""}, {""act"": ""BNS"", ""section"": ""103"", ""description"": ""Punishment for murder""}]",WALK_IN,USER-00240,USER-00240,2025-12-31T06:53:35.157164,2026-08-31T18:53:35.157182
CASE-000138,FIR/2026/PS-CHE-001/00138,STATION-PS-CHE-001,T. Nagar Police Station,OFFICER-00008,Ajay Bhatt,BADGE-CHE-1008,NON_COGNIZABLE,MISSING_PERSON,MEDIUM,UNDER_INVESTIGATION,2025-12-11T01:53:35.157207,2025-12-09T12:53:35.157207,"{""address"": ""Near Landmark 39, T. Nagar, Chennai"", ""latitude"": 13.041499854290008, ""longitude"": 80.23097133213624, ""district"": ""Chennai"", ""state"": ""Tamil Nadu""}",Incident of missing person reported near Chennai.,Detailed police incident report regarding MISSING_PERSON under jurisdiction of T. Nagar Police Station. Investigation initiated by Officer Ajay Bhatt (BADGE-CHE-1008). Initial inspection conducted at incident location.,"[{""act"": ""IPC"", ""section"": ""363"", ""description"": ""Punishment for kidnapping""}, {""act"": ""BNS"", ""section"": ""137"", ""description"": ""Kidnapping""}]",WALK_IN,USER-00021,USER-00021,2025-12-11T01:53:35.157207,2026-08-31T18:53:35.157226
CASE-000139,FIR/2026/PS-CHE-002/00139,STATION-PS-CHE-002,Mylapore Police Station,OFFICER-00019,Aditya Dubey,BADGE-CHE-1019,NON_COGNIZABLE,OTHERS,HIGH,CLOSED_SOLVED,2025-05-25T08:53:35.157250,2025-05-23T12:53:35.157250,"{""address"": ""Near Landmark 16, Mylapore, Chennai"", ""latitude"": 13.033282282834234, ""longitude"": 80.27095617323353, ""district"": ""Chennai"", ""state"": ""Tamil Nadu""}",Incident of others reported near Chennai.,Detailed police incident report regarding OTHERS under jurisdiction of Mylapore Police Station. Investigation initiated by Officer Aditya Dubey (BADGE-CHE-1019). Initial inspection conducted at incident location.,"[{""act"": ""IPC"", ""section"": ""506"", ""description"": ""Punishment for criminal intimidation""}]",WALK_IN,USER-00003,USER-00003,2025-05-25T08:53:35.157250,2026-08-31T18:53:35.157270
CASE-000140,FIR/2025/PS-LKO-001/00140,STATION-PS-LKO-001,Hazratganj Police Station,OFFICER-00030,Yogesh Mishra,BADGE-LUC-1030,NON_COGNIZABLE,DRUG_OFFENCE,HIGH,UNDER_INVESTIGATION,2026-02-07T05:53:35.157291,2026-02-05T10:53:35.157291,"{""address"": ""Near Landmark 34, Hazratganj, Lucknow"", ""latitude"": 26.8507831554168, ""longitude"": 80.94667687870742, ""district"": ""Lucknow"", ""state"": ""Uttar Pradesh""}",Incident of drug offence reported near Lucknow.,Detailed police incident report regarding DRUG_OFFENCE under jurisdiction of Hazratganj Police Station. Investigation initiated by Officer Yogesh Mishra (BADGE-LUC-1030). Initial inspection conducted at incident location.,"[{""act"": ""NDPS Act"", ""section"": ""20"", ""description"": ""Punishment for contravention in relation to cannabis""}, {""act"": ""NDPS Act"", ""section"": ""21"", ""description"": ""Punishment for contravention in relation to manufactured drugs""}]",WALK_IN,USER-00218,USER-00218,2026-02-07T05:53:35.157291,2026-08-31T18:53:35.157310
CASE-000141,FIR/2026/PS-MUM-001/00141,STATION-PS-MUM-001,Colaba Police Station,OFFICER-00011,Nikhil Patil,BADGE-MUM-1011,NON_COGNIZABLE,ACCIDENT,MEDIUM,REGISTERED,2026-06-12T07:53:35.157331,2026-06-10T16:53:35.157331,"{""address"": ""Near Landmark 88, Colaba, Mumbai City"", ""latitude"": 18.907204979750837, ""longitude"": 72.83996522183385, ""district"": ""Mumbai City"", ""state"": ""Maharashtra""}",Incident of accident reported near Mumbai City.,Detailed police incident report regarding ACCIDENT under jurisdiction of Colaba Police Station. Investigation initiated by Officer Nikhil Patil (BADGE-MUM-1011). Initial inspection conducted at incident location.,"[{""act"": ""IPC"", ""section"": ""279"", ""description"": ""Rash driving or riding on a public way""}, {""act"": ""IPC"", ""section"": ""304A"", ""description"": ""Causing death by negligence""}, {""act"": ""Motor Vehicles Act"", ""section"": ""184"", ""description"": ""Dangerous driving""}]",WALK_IN,USER-00238,USER-00238,2026-06-12T07:53:35.157331,2026-08-31T18:53:35.157351
CASE-000142,FIR/2024/PS-MUM-002/00142,STATION-PS-MUM-002,Bandra Police Station,OFFICER-00042,Radha Patil,BADGE-MUM-1042,NON_COGNIZABLE,ACCIDENT,MEDIUM,UNDER_INVESTIGATION,2026-08-03T03:53:35.157372,2026-08-02T11:53:35.157372,"{""address"": ""Near Landmark 17, Bandra West, Mumbai Suburban"", ""latitude"": 19.04874014254494, ""longitude"": 72.81731203366978, ""district"": ""Mumbai Suburban"", ""state"": ""Maharashtra""}",Incident of accident reported near Mumbai Suburban.,Detailed police incident report regarding ACCIDENT under jurisdiction of Bandra Police Station. Investigation initiated by Officer Radha Patil (BADGE-MUM-1042). Initial inspection conducted at incident location.,"[{""act"": ""IPC"", ""section"": ""279"", ""description"": ""Rash driving or riding on a public way""}, {""act"": ""IPC"", ""section"": ""304A"", ""description"": ""Causing death by negligence""}, {""act"": ""Motor Vehicles Act"", ""section"": ""184"", ""description"": ""Dangerous driving""}]",WALK_IN,USER-00245,USER-00245,2026-08-03T03:53:35.157372,2026-08-31T18:53:35.157395
CASE-000143,FIR/2024/PS-PUN-001/00143,STATION-PS-PUN-001,Shivajinagar Police Station,OFFICER-00023,Yashoda Das,BADGE-PUN-1023,NON_COGNIZABLE,ASSAULT,MEDIUM,REGISTERED,2025-05-27T10:53:35.157416,2025-05-26T14:53:35.157416,"{""address"": ""Near Landmark 24, Shivajinagar, Pune"", ""latitude"": 18.54049966696623, ""longitude"": 73.84223919734433, ""district"": ""Pune"", ""state"": ""Maharashtra""}",Incident of assault reported near Pune.,Detailed police incident report regarding ASSAULT under jurisdiction of Shivajinagar Police Station. Investigation initiated by Officer Yashoda Das (BADGE-PUN-1023). Initial inspection conducted at incident location.,"[{""act"": ""IPC"", ""section"": ""323"", ""description"": ""Punishment for voluntarily causing hurt""}, {""act"": ""IPC"", ""section"": ""325"", ""description"": ""Punishment for voluntarily causing grievous hurt""}, {""act"": ""BNS"", ""section"": ""115"", ""description"": ""Voluntarily causing hurt""}]",WALK_IN,USER-00225,USER-00225,2025-05-27T10:53:35.157416,2026-08-31T18:53:35.157436
CASE-000144,FIR/2024/PS-DEL-001/00144,STATION-PS-DEL-001,Connaught Place Police Station,OFFICER-00004,Abhishek Mukherjee,BADGE-CEN-1004,NON_COGNIZABLE,CYBER_CRIME,MEDIUM,CHARGE_SHEET_FILED,2025-07-11T17:53:35.157458,2025-07-10T09:53:35.157458,"{""address"": ""Near Landmark 64, Connaught Place, Central Delhi"", ""latitude"": 28.638964074489024, ""longitude"": 77.2083768708661, ""district"": ""Central Delhi"", ""state"": ""Delhi""}",Incident of cyber crime reported near Central Delhi.,Detailed police incident report regarding CYBER_CRIME under jurisdiction of Connaught Place Police Station. Investigation initiated by Officer Abhishek Mukherjee (BADGE-CEN-1004). Initial inspection conducted at incident location.,"[{""act"": ""IT Act"", ""section"": ""66C"", ""description"": ""Punishment for identity theft""}, {""act"": ""IT Act"", ""section"": ""66D"", ""description"": ""Punishment for cheating by personation using computer resource""}, {""act"": ""IPC"", ""section"": ""420"", ""description"": ""Cheating and dishonestly inducing delivery of property""}]",WALK_IN,USER-00024,USER-00024,2025-07-11T17:53:35.157458,2026-08-31T18:53:35.157480
CASE-000145,FIR/2025/PS-DEL-002/00145,STATION-PS-DEL-002,Hauz Khas Police Station,OFFICER-00045,Sunil Agarwal,BADGE-SOU-1045,NON_COGNIZABLE,OTHERS,HIGH,CHARGE_SHEET_FILED,2026-01-09T11:53:35.157503,2026-01-09T06:53:35.157503,"{""address"": ""Near Landmark 34, Hauz Khas, South Delhi"", ""latitude"": 28.541478794387785, ""longitude"": 77.2089488687955, ""district"": ""South Delhi"", ""state"": ""Delhi""}",Incident of others reported near South Delhi.,Detailed police incident report regarding OTHERS under jurisdiction of Hauz Khas Police Station. Investigation initiated by Officer Sunil Agarwal (BADGE-SOU-1045). Initial inspection conducted at incident location.,"[{""act"": ""IPC"", ""section"": ""506"", ""description"": ""Punishment for criminal intimidation""}]",WALK_IN,USER-00245,USER-00245,2026-01-09T11:53:35.157503,2026-08-31T18:53:35.157523
CASE-000146,FIR/2026/PS-BLR-001/00146,STATION-PS-BLR-001,Koramangala Police Station,OFFICER-00026,Vandana Chauhan,BADGE-BAN-1026,NON_COGNIZABLE,CYBER_CRIME,LOW,CHARGE_SHEET_FILED,2026-02-04T02:53:35.157545,2026-02-03T17:53:35.157545,"{""address"": ""Near Landmark 60, Koramangala 1st to 8th Blocks, Bangalore Urban"", ""latitude"": 12.945317887323355, ""longitude"": 77.6157580725216, ""district"": ""Bangalore Urban"", ""state"": ""Karnataka""}",Incident of cyber crime reported near Bangalore Urban.,Detailed police incident report regarding CYBER_CRIME under jurisdiction of Koramangala Police Station. Investigation initiated by Officer Vandana Chauhan (BADGE-BAN-1026). Initial inspection conducted at incident location.,"[{""act"": ""IT Act"", ""section"": ""66C"", ""description"": ""Punishment for identity theft""}, {""act"": ""IT Act"", ""section"": ""66D"", ""description"": ""Punishment for cheating by personation using computer resource""}, {""act"": ""IPC"", ""section"": ""420"", ""description"": ""Cheating and dishonestly inducing delivery of property""}]",WALK_IN,USER-00049,USER-00049,2026-02-04T02:53:35.157545,2026-08-31T18:53:35.157565
CASE-000147,FIR/2024/PS-BLR-002/00147,STATION-PS-BLR-002,Indiranagar Police Station,OFFICER-00017,Alok Malik,BADGE-BAN-1017,NON_COGNIZABLE,THEFT,HIGH,UNDER_INVESTIGATION,2026-02-10T11:53:35.157587,2026-02-09T12:53:35.157587,"{""address"": ""Near Landmark 90, Indiranagar 1st and 2nd Stages, Bangalore Urban"", ""latitude"": 12.994125423121321, ""longitude"": 77.62492929950186, ""district"": ""Bangalore Urban"", ""state"": ""Karnataka""}",Incident of theft reported near Bangalore Urban.,Detailed police incident report regarding THEFT under jurisdiction of Indiranagar Police Station. Investigation initiated by Officer Alok Malik (BADGE-BAN-1017). Initial inspection conducted at incident location.,"[{""act"": ""IPC"", ""section"": ""378"", ""description"": ""Theft""}, {""act"": ""IPC"", ""section"": ""379"", ""description"": ""Punishment for theft""}, {""act"": ""IPC"", ""section"": ""380"", ""description"": ""Theft in dwelling house""}, {""act"": ""BNS"", ""section"": ""303"", ""description"": ""Theft and aggravated theft""}]",WALK_IN,USER-00202,USER-00202,2026-02-10T11:53:35.157587,2026-08-31T18:53:35.157607
CASE-000148,FIR/2026/PS-CHE-001/00148,STATION-PS-CHE-001,T. Nagar Police Station,OFFICER-00018,Rekha Mishra,BADGE-CHE-1018,NON_COGNIZABLE,OTHERS,CRITICAL,UNDER_INVESTIGATION,2026-04-14T18:53:35.157628,2026-04-13T06:53:35.157628,"{""address"": ""Near Landmark 95, T. Nagar, Chennai"", ""latitude"": 13.040880533975066, ""longitude"": 80.22596043949918, ""district"": ""Chennai"", ""state"": ""Tamil Nadu""}",Incident of others reported near Chennai.,Detailed police incident report regarding OTHERS under jurisdiction of T. Nagar Police Station. Investigation initiated by Officer Rekha Mishra (BADGE-CHE-1018). Initial inspection conducted at incident location.,"[{""act"": ""IPC"", ""section"": ""506"", ""description"": ""Punishment for criminal intimidation""}]",WALK_IN,USER-00204,USER-00204,2026-04-14T18:53:35.157628,2026-08-31T18:53:35.157652
CASE-000149,FIR/2025/PS-CHE-002/00149,STATION-PS-CHE-002,Mylapore Police Station,OFFICER-00039,Deepa Saxena,BADGE-CHE-1039,COGNIZABLE,ROBBERY,MEDIUM,CLOSED_SOLVED,2025-10-05T16:53:35.157673,2025-10-04T06:53:35.157673,"{""address"": ""Near Landmark 18, Mylapore, Chennai"", ""latitude"": 13.045700093990984, ""longitude"": 80.27145656183106, ""district"": ""Chennai"", ""state"": ""Tamil Nadu""}",Incident of robbery reported near Chennai.,Detailed police incident report regarding ROBBERY under jurisdiction of Mylapore Police Station. Investigation initiated by Officer Deepa Saxena (BADGE-CHE-1039). Initial inspection conducted at incident location.,"[{""act"": ""IPC"", ""section"": ""392"", ""description"": ""Punishment for robbery""}, {""act"": ""IPC"", ""section"": ""395"", ""description"": ""Punishment for dacoity""}, {""act"": ""BNS"", ""section"": ""309"", ""description"": ""Robbery""}]",WALK_IN,USER-00006,USER-00006,2025-10-05T16:53:35.157673,2026-08-31T18:53:35.157693
CASE-000150,FIR/2026/PS-LKO-001/00150,STATION-PS-LKO-001,Hazratganj Police Station,OFFICER-00010,Savita Kulkarni,BADGE-LUC-1010,NON_COGNIZABLE,ACCIDENT,MEDIUM,CLOSED_SOLVED,2025-05-03T07:53:35.157717,2025-05-01T16:53:35.157717,"{""address"": ""Near Landmark 77, Hazratganj, Lucknow"", ""latitude"": 26.839327508082206, ""longitude"": 80.9388754868963, ""district"": ""Lucknow"", ""state"": ""Uttar Pradesh""}",Incident of accident reported near Lucknow.,Detailed police incident report regarding ACCIDENT under jurisdiction of Hazratganj Police Station. Investigation initiated by Officer Savita Kulkarni (BADGE-LUC-1010). Initial inspection conducted at incident location.,"[{""act"": ""IPC"", ""section"": ""279"", ""description"": ""Rash driving or riding on a public way""}, {""act"": ""IPC"", ""section"": ""304A"", ""description"": ""Causing death by negligence""}, {""act"": ""Motor Vehicles Act"", ""section"": ""184"", ""description"": ""Dangerous driving""}]",WALK_IN,USER-00201,USER-00201,2025-05-03T07:53:35.157717,2026-08-31T18:53:35.157737
CASE-000151,FIR/2024/PS-MUM-001/00151,STATION-PS-MUM-001,Colaba Police Station,OFFICER-00031,Uma Naidu,BADGE-MUM-1031,NON_COGNIZABLE,ACCIDENT,MEDIUM,CLOSED_SOLVED,2026-05-01T09:53:35.157759,2026-04-29T10:53:35.157759,"{""address"": ""Near Landmark 18, Colaba, Mumbai City"", ""latitude"": 18.90392720360604, ""longitude"": 72.83677253318326, ""district"": ""Mumbai City"", ""state"": ""Maharashtra""}",Incident of accident reported near Mumbai City.,Detailed police incident report regarding ACCIDENT under jurisdiction of Colaba Police Station. Investigation initiated by Officer Uma Naidu (BADGE-MUM-1031). Initial inspection conducted at incident location.,"[{""act"": ""IPC"", ""section"": ""279"", ""description"": ""Rash driving or riding on a public way""}, {""act"": ""IPC"", ""section"": ""304A"", ""description"": ""Causing death by negligence""}, {""act"": ""Motor Vehicles Act"", ""section"": ""184"", ""description"": ""Dangerous driving""}]",WALK_IN,USER-00246,USER-00246,2026-05-01T09:53:35.157759,2026-08-31T18:53:35.157782
CASE-000152,FIR/2024/PS-MUM-002/00152,STATION-PS-MUM-002,Bandra Police Station,OFFICER-00022,Gaurav Tiwari,BADGE-MUM-1022,COGNIZABLE,ROBBERY,MEDIUM,UNDER_INVESTIGATION,2025-10-20T07:53:35.157803,2025-10-18T17:53:35.157803,"{""address"": ""Near Landmark 31, Bandra West, Mumbai Suburban"", ""latitude"": 19.067190386866024, ""longitude"": 72.81480737982527, ""district"": ""Mumbai Suburban"", ""state"": ""Maharashtra""}",Incident of robbery reported near Mumbai Suburban.,Detailed police incident report regarding ROBBERY under jurisdiction of Bandra Police Station. Investigation initiated by Officer Gaurav Tiwari (BADGE-MUM-1022). Initial inspection conducted at incident location.,"[{""act"": ""IPC"", ""section"": ""392"", ""description"": ""Punishment for robbery""}, {""act"": ""IPC"", ""section"": ""395"", ""description"": ""Punishment for dacoity""}, {""act"": ""BNS"", ""section"": ""309"", ""description"": ""Robbery""}]",WALK_IN,USER-00206,USER-00206,2025-10-20T07:53:35.157803,2026-08-31T18:53:35.157822
CASE-000153,FIR/2024/PS-PUN-001/00153,STATION-PS-PUN-001,Shivajinagar Police Station,OFFICER-00023,Yashoda Das,BADGE-PUN-1023,NON_COGNIZABLE,CYBER_CRIME,LOW,UNDER_INVESTIGATION,2026-07-27T20:53:35.157844,2026-07-27T17:53:35.157844,"{""address"": ""Near Landmark 83, Shivajinagar, Pune"", ""latitude"": 18.531289900783886, ""longitude"": 73.84576405671228, ""district"": ""Pune"", ""state"": ""Maharashtra""}",Incident of cyber crime reported near Pune.,Detailed police incident report regarding CYBER_CRIME under jurisdiction of Shivajinagar Police Station. Investigation initiated by Officer Yashoda Das (BADGE-PUN-1023). Initial inspection conducted at incident location.,"[{""act"": ""IT Act"", ""section"": ""66C"", ""description"": ""Punishment for identity theft""}, {""act"": ""IT Act"", ""section"": ""66D"", ""description"": ""Punishment for cheating by personation using computer resource""}, {""act"": ""IPC"", ""section"": ""420"", ""description"": ""Cheating and dishonestly inducing delivery of property""}]",WALK_IN,USER-00045,USER-00045,2026-07-27T20:53:35.157844,2026-08-31T18:53:35.157867
CASE-000154,FIR/2024/PS-DEL-001/00154,STATION-PS-DEL-001,Connaught Place Police Station,OFFICER-00044,Jitendra Mishra,BADGE-CEN-1044,NON_COGNIZABLE,OTHERS,MEDIUM,UNDER_INVESTIGATION,2026-08-16T06:53:35.157888,2026-08-15T09:53:35.157888,"{""address"": ""Near Landmark 70, Connaught Place, Central Delhi"", ""latitude"": 28.640382113688762, ""longitude"": 77.21405906994053, ""district"": ""Central Delhi"", ""state"": ""Delhi""}",Incident of others reported near Central Delhi.,Detailed police incident report regarding OTHERS under jurisdiction of Connaught Place Police Station. Investigation initiated by Officer Jitendra Mishra (BADGE-CEN-1044). Initial inspection conducted at incident location.,"[{""act"": ""IPC"", ""section"": ""506"", ""description"": ""Punishment for criminal intimidation""}]",WALK_IN,USER-00005,USER-00005,2026-08-16T06:53:35.157888,2026-08-31T18:53:35.157907
CASE-000155,FIR/2026/PS-DEL-002/00155,STATION-PS-DEL-002,Hauz Khas Police Station,OFFICER-00015,Nikhil Gowda,BADGE-SOU-1015,NON_COGNIZABLE,THEFT,HIGH,CLOSED_SOLVED,2025-12-05T23:53:35.157927,2025-12-04T11:53:35.157927,"{""address"": ""Near Landmark 52, Hauz Khas, South Delhi"", ""latitude"": 28.55115603348506, ""longitude"": 77.21466828905098, ""district"": ""South Delhi"", ""state"": ""Delhi""}",Incident of theft reported near South Delhi.,Detailed police incident report regarding THEFT under jurisdiction of Hauz Khas Police Station. Investigation initiated by Officer Nikhil Gowda (BADGE-SOU-1015). Initial inspection conducted at incident location.,"[{""act"": ""IPC"", ""section"": ""378"", ""description"": ""Theft""}, {""act"": ""IPC"", ""section"": ""379"", ""description"": ""Punishment for theft""}, {""act"": ""IPC"", ""section"": ""380"", ""description"": ""Theft in dwelling house""}, {""act"": ""BNS"", ""section"": ""303"", ""description"": ""Theft and aggravated theft""}]",WALK_IN,USER-00019,USER-00019,2025-12-05T23:53:35.157927,2026-08-31T18:53:35.157949
CASE-000156,FIR/2024/PS-BLR-001/00156,STATION-PS-BLR-001,Koramangala Police Station,OFFICER-00046,Indu Singh,BADGE-BAN-1046,NON_COGNIZABLE,ASSAULT,LOW,REGISTERED,2026-03-08T17:53:35.157972,2026-03-08T07:53:35.157972,"{""address"": ""Near Landmark 72, Koramangala 1st to 8th Blocks, Bangalore Urban"", ""latitude"": 12.944309744064826, ""longitude"": 77.62074820251661, ""district"": ""Bangalore Urban"", ""state"": ""Karnataka""}",Incident of assault reported near Bangalore Urban.,Detailed police incident report regarding ASSAULT under jurisdiction of Koramangala Police Station. Investigation initiated by Officer Indu Singh (BADGE-BAN-1046). Initial inspection conducted at incident location.,"[{""act"": ""IPC"", ""section"": ""323"", ""description"": ""Punishment for voluntarily causing hurt""}, {""act"": ""IPC"", ""section"": ""325"", ""description"": ""Punishment for voluntarily causing grievous hurt""}, {""act"": ""BNS"", ""section"": ""115"", ""description"": ""Voluntarily causing hurt""}]",WALK_IN,USER-00036,USER-00036,2026-03-08T17:53:35.157972,2026-08-31T18:53:35.157992
CASE-000157,FIR/2025/PS-BLR-002/00157,STATION-PS-BLR-002,Indiranagar Police Station,OFFICER-00017,Alok Malik,BADGE-BAN-1017,COGNIZABLE,ROBBERY,LOW,CLOSED_SOLVED,2026-01-27T15:53:35.158015,2026-01-27T09:53:35.158015,"{""address"": ""Near Landmark 82, Indiranagar 1st and 2nd Stages, Bangalore Urban"", ""latitude"": 12.973405169712219, ""longitude"": 77.63419295648433, ""district"": ""Bangalore Urban"", ""state"": ""Karnataka""}",Incident of robbery reported near Bangalore Urban.,Detailed police incident report regarding ROBBERY under jurisdiction of Indiranagar Police Station. Investigation initiated by Officer Alok Malik (BADGE-BAN-1017). Initial inspection conducted at incident location.,"[{""act"": ""IPC"", ""section"": ""392"", ""description"": ""Punishment for robbery""}, {""act"": ""IPC"", ""section"": ""395"", ""description"": ""Punishment for dacoity""}, {""act"": ""BNS"", ""section"": ""309"", ""description"": ""Robbery""}]",WALK_IN,USER-00033,USER-00033,2026-01-27T15:53:35.158015,2026-08-31T18:53:35.158046
CASE-000158,FIR/2024/PS-CHE-001/00158,STATION-PS-CHE-001,T. Nagar Police Station,OFFICER-00008,Ajay Bhatt,BADGE-CHE-1008,COGNIZABLE,MURDER,MEDIUM,UNDER_INVESTIGATION,2025-10-12T04:53:35.158069,2025-10-11T17:53:35.158069,"{""address"": ""Near Landmark 71, T. Nagar, Chennai"", ""latitude"": 13.041771015477146, ""longitude"": 80.23586399758295, ""district"": ""Chennai"", ""state"": ""Tamil Nadu""}",Incident of murder reported near Chennai.,Detailed police incident report regarding MURDER under jurisdiction of T. Nagar Police Station. Investigation initiated by Officer Ajay Bhatt (BADGE-CHE-1008). Initial inspection conducted at incident location.,"[{""act"": ""IPC"", ""section"": ""302"", ""description"": ""Punishment for murder""}, {""act"": ""IPC"", ""section"": ""307"", ""description"": ""Attempt to murder""}, {""act"": ""BNS"", ""section"": ""103"", ""description"": ""Punishment for murder""}]",WALK_IN,USER-00042,USER-00042,2025-10-12T04:53:35.158069,2026-08-31T18:53:35.158090
CASE-000159,FIR/2025/PS-CHE-002/00159,STATION-PS-CHE-002,Mylapore Police Station,OFFICER-00029,Vidya Dubey,BADGE-CHE-1029,COGNIZABLE,ROBBERY,LOW,UNDER_INVESTIGATION,2026-08-03T04:53:35.158122,2026-08-02T16:53:35.158122,"{""address"": ""Near Landmark 21, Mylapore, Chennai"", ""latitude"": 13.04990023679434, ""longitude"": 80.25108153783474, ""district"": ""Chennai"", ""state"": ""Tamil Nadu""}",Incident of robbery reported near Chennai.,Detailed police incident report regarding ROBBERY under jurisdiction of Mylapore Police Station. Investigation initiated by Officer Vidya Dubey (BADGE-CHE-1029). Initial inspection conducted at incident location.,"[{""act"": ""IPC"", ""section"": ""392"", ""description"": ""Punishment for robbery""}, {""act"": ""IPC"", ""section"": ""395"", ""description"": ""Punishment for dacoity""}, {""act"": ""BNS"", ""section"": ""309"", ""description"": ""Robbery""}]",WALK_IN,USER-00024,USER-00024,2026-08-03T04:53:35.158122,2026-08-31T18:53:35.158142
CASE-000160,FIR/2026/PS-LKO-001/00160,STATION-PS-LKO-001,Hazratganj Police Station,OFFICER-00010,Savita Kulkarni,BADGE-LUC-1010,NON_COGNIZABLE,DRUG_OFFENCE,CRITICAL,UNDER_INVESTIGATION,2026-01-10T22:53:35.158164,2026-01-10T06:53:35.158164,"{""address"": ""Near Landmark 11, Hazratganj, Lucknow"", ""latitude"": 26.837858074141437, ""longitude"": 80.96538638185162, ""district"": ""Lucknow"", ""state"": ""Uttar Pradesh""}",Incident of drug offence reported near Lucknow.,Detailed police incident report regarding DRUG_OFFENCE under jurisdiction of Hazratganj Police Station. Investigation initiated by Officer Savita Kulkarni (BADGE-LUC-1010). Initial inspection conducted at incident location.,"[{""act"": ""NDPS Act"", ""section"": ""20"", ""description"": ""Punishment for contravention in relation to cannabis""}, {""act"": ""NDPS Act"", ""section"": ""21"", ""description"": ""Punishment for contravention in relation to manufactured drugs""}]",WALK_IN,USER-00224,USER-00224,2026-01-10T22:53:35.158164,2026-08-31T18:53:35.158183
CASE-000161,FIR/2026/PS-MUM-001/00161,STATION-PS-MUM-001,Colaba Police Station,OFFICER-00041,Radha Dubey,BADGE-MUM-1041,NON_COGNIZABLE,FINANCIAL_CRIME,HIGH,UNDER_INVESTIGATION,2026-07-20T20:53:35.158204,2026-07-20T17:53:35.158204,"{""address"": ""Near Landmark 76, Colaba, Mumbai City"", ""latitude"": 18.917334725946723, ""longitude"": 72.80626605116761, ""district"": ""Mumbai City"", ""state"": ""Maharashtra""}",Incident of financial crime reported near Mumbai City.,Detailed police incident report regarding FINANCIAL_CRIME under jurisdiction of Colaba Police Station. Investigation initiated by Officer Radha Dubey (BADGE-MUM-1041). Initial inspection conducted at incident location.,"[{""act"": ""PMLA"", ""section"": ""3"", ""description"": ""Offence of money-laundering""}, {""act"": ""IPC"", ""section"": ""409"", ""description"": ""Criminal breach of trust by public servant, banker, merchant or agent""}]",WALK_IN,USER-00210,USER-00210,2026-07-20T20:53:35.158204,2026-08-31T18:53:35.158224
CASE-000162,FIR/2025/PS-MUM-002/00162,STATION-PS-MUM-002,Bandra Police Station,OFFICER-00012,Pankaj Banerjee,BADGE-MUM-1012,NON_COGNIZABLE,DRUG_OFFENCE,MEDIUM,REGISTERED,2026-06-13T07:53:35.158245,2026-06-11T08:53:35.158245,"{""address"": ""Near Landmark 24, Bandra West, Mumbai Suburban"", ""latitude"": 19.076602074475996, ""longitude"": 72.8163543813475, ""district"": ""Mumbai Suburban"", ""state"": ""Maharashtra""}",Incident of drug offence reported near Mumbai Suburban.,Detailed police incident report regarding DRUG_OFFENCE under jurisdiction of Bandra Police Station. Investigation initiated by Officer Pankaj Banerjee (BADGE-MUM-1012). Initial inspection conducted at incident location.,"[{""act"": ""NDPS Act"", ""section"": ""20"", ""description"": ""Punishment for contravention in relation to cannabis""}, {""act"": ""NDPS Act"", ""section"": ""21"", ""description"": ""Punishment for contravention in relation to manufactured drugs""}]",WALK_IN,USER-00212,USER-00212,2026-06-13T07:53:35.158245,2026-08-31T18:53:35.158264
CASE-000163,FIR/2025/PS-PUN-001/00163,STATION-PS-PUN-001,Shivajinagar Police Station,OFFICER-00013,Suman Iyer,BADGE-PUN-1013,NON_COGNIZABLE,FINANCIAL_CRIME,LOW,REGISTERED,2026-08-16T10:53:35.158285,2026-08-14T11:53:35.158285,"{""address"": ""Near Landmark 30, Shivajinagar, Pune"", ""latitude"": 18.534074974096015, ""longitude"": 73.83964589342443, ""district"": ""Pune"", ""state"": ""Maharashtra""}",Incident of financial crime reported near Pune.,Detailed police incident report regarding FINANCIAL_CRIME under jurisdiction of Shivajinagar Police Station. Investigation initiated by Officer Suman Iyer (BADGE-PUN-1013). Initial inspection conducted at incident location.,"[{""act"": ""PMLA"", ""section"": ""3"", ""description"": ""Offence of money-laundering""}, {""act"": ""IPC"", ""section"": ""409"", ""description"": ""Criminal breach of trust by public servant, banker, merchant or agent""}]",WALK_IN,USER-00007,USER-00007,2026-08-16T10:53:35.158285,2026-08-31T18:53:35.158304
CASE-000164,FIR/2025/PS-DEL-001/00164,STATION-PS-DEL-001,Connaught Place Police Station,OFFICER-00044,Jitendra Mishra,BADGE-CEN-1044,NON_COGNIZABLE,FRAUD,MEDIUM,CHARGE_SHEET_FILED,2026-07-21T01:53:35.158325,2026-07-19T14:53:35.158325,"{""address"": ""Near Landmark 21, Connaught Place, Central Delhi"", ""latitude"": 28.63963525749124, ""longitude"": 77.23258400537601, ""district"": ""Central Delhi"", ""state"": ""Delhi""}",Incident of fraud reported near Central Delhi.,Detailed police incident report regarding FRAUD under jurisdiction of Connaught Place Police Station. Investigation initiated by Officer Jitendra Mishra (BADGE-CEN-1044). Initial inspection conducted at incident location.,"[{""act"": ""IPC"", ""section"": ""420"", ""description"": ""Cheating and dishonestly inducing delivery of property""}, {""act"": ""IPC"", ""section"": ""406"", ""description"": ""Punishment for criminal breach of trust""}, {""act"": ""IPC"", ""section"": ""468"", ""description"": ""Forgery for purpose of cheating""}]",WALK_IN,USER-00203,USER-00203,2026-07-21T01:53:35.158325,2026-08-31T18:53:35.158344
CASE-000165,FIR/2025/PS-DEL-002/00165,STATION-PS-DEL-002,Hauz Khas Police Station,OFFICER-00015,Nikhil Gowda,BADGE-SOU-1015,COGNIZABLE,ROBBERY,LOW,CLOSED_UNSOLVED,2026-07-29T06:53:35.158365,2026-07-27T07:53:35.158365,"{""address"": ""Near Landmark 45, Hauz Khas, South Delhi"", ""latitude"": 28.54554465697698, ""longitude"": 77.20243468716471, ""district"": ""South Delhi"", ""state"": ""Delhi""}",Incident of robbery reported near South Delhi.,Detailed police incident report regarding ROBBERY under jurisdiction of Hauz Khas Police Station. Investigation initiated by Officer Nikhil Gowda (BADGE-SOU-1015). Initial inspection conducted at incident location.,"[{""act"": ""IPC"", ""section"": ""392"", ""description"": ""Punishment for robbery""}, {""act"": ""IPC"", ""section"": ""395"", ""description"": ""Punishment for dacoity""}, {""act"": ""BNS"", ""section"": ""309"", ""description"": ""Robbery""}]",WALK_IN,USER-00228,USER-00228,2026-07-29T06:53:35.158365,2026-08-31T18:53:35.158385
CASE-000166,FIR/2026/PS-BLR-001/00166,STATION-PS-BLR-001,Koramangala Police Station,OFFICER-00026,Vandana Chauhan,BADGE-BAN-1026,NON_COGNIZABLE,DOMESTIC_VIOLENCE,HIGH,UNDER_INVESTIGATION,2025-12-11T14:53:35.158405,2025-12-10T16:53:35.158405,"{""address"": ""Near Landmark 20, Koramangala 1st to 8th Blocks, Bangalore Urban"", ""latitude"": 12.941359087567877, ""longitude"": 77.60789067649935, ""district"": ""Bangalore Urban"", ""state"": ""Karnataka""}",Incident of domestic violence reported near Bangalore Urban.,Detailed police incident report regarding DOMESTIC_VIOLENCE under jurisdiction of Koramangala Police Station. Investigation initiated by Officer Vandana Chauhan (BADGE-BAN-1026). Initial inspection conducted at incident location.,"[{""act"": ""IPC"", ""section"": ""498A"", ""description"": ""Husband or relative of husband subjecting woman to cruelty""}, {""act"": ""DV Act"", ""section"": ""12"", ""description"": ""Application to Magistrate for domestic violence relief""}]",WALK_IN,USER-00212,USER-00212,2025-12-11T14:53:35.158405,2026-08-31T18:53:35.158424
CASE-000167,FIR/2025/PS-BLR-002/00167,STATION-PS-BLR-002,Indiranagar Police Station,OFFICER-00037,Sunil Iyer,BADGE-BAN-1037,NON_COGNIZABLE,OTHERS,CRITICAL,UNDER_INVESTIGATION,2025-11-02T16:53:35.158453,2025-11-01T12:53:35.158453,"{""address"": ""Near Landmark 45, Indiranagar 1st and 2nd Stages, Bangalore Urban"", ""latitude"": 12.974200967321114, ""longitude"": 77.63433151294343, ""district"": ""Bangalore Urban"", ""state"": ""Karnataka""}",Incident of others reported near Bangalore Urban.,Detailed police incident report regarding OTHERS under jurisdiction of Indiranagar Police Station. Investigation initiated by Officer Sunil Iyer (BADGE-BAN-1037). Initial inspection conducted at incident location.,"[{""act"": ""IPC"", ""section"": ""506"", ""description"": ""Punishment for criminal intimidation""}]",WALK_IN,USER-00249,USER-00249,2025-11-02T16:53:35.158453,2026-08-31T18:53:35.158474
CASE-000168,FIR/2026/PS-CHE-001/00168,STATION-PS-CHE-001,T. Nagar Police Station,OFFICER-00038,Mohan Mehta,BADGE-CHE-1038,COGNIZABLE,KIDNAPPING,HIGH,UNDER_INVESTIGATION,2025-10-16T20:53:35.158495,2025-10-16T10:53:35.158495,"{""address"": ""Near Landmark 70, T. Nagar, Chennai"", ""latitude"": 13.048733408598201, ""longitude"": 80.21997936836634, ""district"": ""Chennai"", ""state"": ""Tamil Nadu""}",Incident of kidnapping reported near Chennai.,Detailed police incident report regarding KIDNAPPING under jurisdiction of T. Nagar Police Station. Investigation initiated by Officer Mohan Mehta (BADGE-CHE-1038). Initial inspection conducted at incident location.,"[{""act"": ""IPC"", ""section"": ""364"", ""description"": ""Kidnapping or abducting in order to murder""}, {""act"": ""IPC"", ""section"": ""364A"", ""description"": ""Kidnapping for ransom""}, {""act"": ""BNS"", ""section"": ""140"", ""description"": ""Kidnapping or abduction for ransom""}]",WALK_IN,USER-00238,USER-00238,2025-10-16T20:53:35.158495,2026-08-31T18:53:35.158514
CASE-000169,FIR/2025/PS-CHE-002/00169,STATION-PS-CHE-002,Mylapore Police Station,OFFICER-00009,Pradeep Dutta,BADGE-CHE-1009,NON_COGNIZABLE,ASSAULT,HIGH,UNDER_INVESTIGATION,2026-04-14T19:53:35.158535,2026-04-14T13:53:35.158535,"{""address"": ""Near Landmark 10, Mylapore, Chennai"", ""latitude"": 13.032975243296612, ""longitude"": 80.27309495854789, ""district"": ""Chennai"", ""state"": ""Tamil Nadu""}",Incident of assault reported near Chennai.,Detailed police incident report regarding ASSAULT under jurisdiction of Mylapore Police Station. Investigation initiated by Officer Pradeep Dutta (BADGE-CHE-1009). Initial inspection conducted at incident location.,"[{""act"": ""IPC"", ""section"": ""323"", ""description"": ""Punishment for voluntarily causing hurt""}, {""act"": ""IPC"", ""section"": ""325"", ""description"": ""Punishment for voluntarily causing grievous hurt""}, {""act"": ""BNS"", ""section"": ""115"", ""description"": ""Voluntarily causing hurt""}]",WALK_IN,USER-00043,USER-00043,2026-04-14T19:53:35.158535,2026-08-31T18:53:35.158555
CASE-000170,FIR/2026/PS-LKO-001/00170,STATION-PS-LKO-001,Hazratganj Police Station,OFFICER-00010,Savita Kulkarni,BADGE-LUC-1010,NON_COGNIZABLE,DRUG_OFFENCE,MEDIUM,REGISTERED,2026-01-21T09:53:35.158583,2026-01-19T15:53:35.158583,"{""address"": ""Near Landmark 39, Hazratganj, Lucknow"", ""latitude"": 26.85847295152887, ""longitude"": 80.9440408338547, ""district"": ""Lucknow"", ""state"": ""Uttar Pradesh""}",Incident of drug offence reported near Lucknow.,Detailed police incident report regarding DRUG_OFFENCE under jurisdiction of Hazratganj Police Station. Investigation initiated by Officer Savita Kulkarni (BADGE-LUC-1010). Initial inspection conducted at incident location.,"[{""act"": ""NDPS Act"", ""section"": ""20"", ""description"": ""Punishment for contravention in relation to cannabis""}, {""act"": ""NDPS Act"", ""section"": ""21"", ""description"": ""Punishment for contravention in relation to manufactured drugs""}]",WALK_IN,USER-00027,USER-00027,2026-01-21T09:53:35.158583,2026-08-31T18:53:35.158606
CASE-000171,FIR/2024/PS-MUM-001/00171,STATION-PS-MUM-001,Colaba Police Station,OFFICER-00041,Radha Dubey,BADGE-MUM-1041,COGNIZABLE,MURDER,MEDIUM,COURT_PROCEEDINGS,2025-09-26T06:53:35.158631,2025-09-25T11:53:35.158631,"{""address"": ""Near Landmark 36, Colaba, Mumbai City"", ""latitude"": 18.898425233610205, ""longitude"": 72.81349825823503, ""district"": ""Mumbai City"", ""state"": ""Maharashtra""}",Incident of murder reported near Mumbai City.,Detailed police incident report regarding MURDER under jurisdiction of Colaba Police Station. Investigation initiated by Officer Radha Dubey (BADGE-MUM-1041). Initial inspection conducted at incident location.,"[{""act"": ""IPC"", ""section"": ""302"", ""description"": ""Punishment for murder""}, {""act"": ""IPC"", ""section"": ""307"", ""description"": ""Attempt to murder""}, {""act"": ""BNS"", ""section"": ""103"", ""description"": ""Punishment for murder""}]",WALK_IN,USER-00248,USER-00248,2025-09-26T06:53:35.158631,2026-08-31T18:53:35.158654
CASE-000172,FIR/2025/PS-MUM-002/00172,STATION-PS-MUM-002,Bandra Police Station,OFFICER-00032,Umesh Deshmukh,BADGE-MUM-1032,COGNIZABLE,ROBBERY,MEDIUM,UNDER_INVESTIGATION,2025-11-10T11:53:35.158675,2025-11-10T07:53:35.158675,"{""address"": ""Near Landmark 82, Bandra West, Mumbai Suburban"", ""latitude"": 19.044294917381627, ""longitude"": 72.81873514716578, ""district"": ""Mumbai Suburban"", ""state"": ""Maharashtra""}",Incident of robbery reported near Mumbai Suburban.,Detailed police incident report regarding ROBBERY under jurisdiction of Bandra Police Station. Investigation initiated by Officer Umesh Deshmukh (BADGE-MUM-1032). Initial inspection conducted at incident location.,"[{""act"": ""IPC"", ""section"": ""392"", ""description"": ""Punishment for robbery""}, {""act"": ""IPC"", ""section"": ""395"", ""description"": ""Punishment for dacoity""}, {""act"": ""BNS"", ""section"": ""309"", ""description"": ""Robbery""}]",WALK_IN,USER-00202,USER-00202,2025-11-10T11:53:35.158675,2026-08-31T18:53:35.158701
CASE-000173,FIR/2024/PS-PUN-001/00173,STATION-PS-PUN-001,Shivajinagar Police Station,OFFICER-00013,Suman Iyer,BADGE-PUN-1013,NON_COGNIZABLE,FINANCIAL_CRIME,MEDIUM,CHARGE_SHEET_FILED,2025-06-12T06:53:35.158725,2025-06-10T15:53:35.158725,"{""address"": ""Near Landmark 20, Shivajinagar, Pune"", ""latitude"": 18.51141471158787, ""longitude"": 73.82834516228449, ""district"": ""Pune"", ""state"": ""Maharashtra""}",Incident of financial crime reported near Pune.,Detailed police incident report regarding FINANCIAL_CRIME under jurisdiction of Shivajinagar Police Station. Investigation initiated by Officer Suman Iyer (BADGE-PUN-1013). Initial inspection conducted at incident location.,"[{""act"": ""PMLA"", ""section"": ""3"", ""description"": ""Offence of money-laundering""}, {""act"": ""IPC"", ""section"": ""409"", ""description"": ""Criminal breach of trust by public servant, banker, merchant or agent""}]",WALK_IN,USER-00046,USER-00046,2025-06-12T06:53:35.158725,2026-08-31T18:53:35.158747
CASE-000174,FIR/2025/PS-DEL-001/00174,STATION-PS-DEL-001,Connaught Place Police Station,OFFICER-00004,Abhishek Mukherjee,BADGE-CEN-1004,NON_COGNIZABLE,FRAUD,MEDIUM,CHARGE_SHEET_FILED,2025-06-08T05:53:35.158775,2025-06-06T13:53:35.158775,"{""address"": ""Near Landmark 87, Connaught Place, Central Delhi"", ""latitude"": 28.616250353542053, ""longitude"": 77.2007491169702, ""district"": ""Central Delhi"", ""state"": ""Delhi""}",Incident of fraud reported near Central Delhi.,Detailed police incident report regarding FRAUD under jurisdiction of Connaught Place Police Station. Investigation initiated by Officer Abhishek Mukherjee (BADGE-CEN-1004). Initial inspection conducted at incident location.,"[{""act"": ""IPC"", ""section"": ""420"", ""description"": ""Cheating and dishonestly inducing delivery of property""}, {""act"": ""IPC"", ""section"": ""406"", ""description"": ""Punishment for criminal breach of trust""}, {""act"": ""IPC"", ""section"": ""468"", ""description"": ""Forgery for purpose of cheating""}]",WALK_IN,USER-00029,USER-00029,2025-06-08T05:53:35.158775,2026-08-31T18:53:35.158795
CASE-000175,FIR/2025/PS-DEL-002/00175,STATION-PS-DEL-002,Hauz Khas Police Station,OFFICER-00015,Nikhil Gowda,BADGE-SOU-1015,NON_COGNIZABLE,DRUG_OFFENCE,MEDIUM,UNDER_INVESTIGATION,2025-11-02T12:53:35.158819,2025-11-01T08:53:35.158819,"{""address"": ""Near Landmark 82, Hauz Khas, South Delhi"", ""latitude"": 28.56152762850739, ""longitude"": 77.19917341346073, ""district"": ""South Delhi"", ""state"": ""Delhi""}",Incident of drug offence reported near South Delhi.,Detailed police incident report regarding DRUG_OFFENCE under jurisdiction of Hauz Khas Police Station. Investigation initiated by Officer Nikhil Gowda (BADGE-SOU-1015). Initial inspection conducted at incident location.,"[{""act"": ""NDPS Act"", ""section"": ""20"", ""description"": ""Punishment for contravention in relation to cannabis""}, {""act"": ""NDPS Act"", ""section"": ""21"", ""description"": ""Punishment for contravention in relation to manufactured drugs""}]",WALK_IN,USER-00213,USER-00213,2025-11-02T12:53:35.158819,2026-08-31T18:53:35.158840
CASE-000176,FIR/2025/PS-BLR-001/00176,STATION-PS-BLR-001,Koramangala Police Station,OFFICER-00016,Ramesh Reddy,BADGE-BAN-1016,COGNIZABLE,MURDER,MEDIUM,REGISTERED,2025-05-16T21:53:35.158871,2025-05-16T11:53:35.158871,"{""address"": ""Near Landmark 52, Koramangala 1st to 8th Blocks, Bangalore Urban"", ""latitude"": 12.93448221096693, ""longitude"": 77.61208464223733, ""district"": ""Bangalore Urban"", ""state"": ""Karnataka""}",Incident of murder reported near Bangalore Urban.,Detailed police incident report regarding MURDER under jurisdiction of Koramangala Police Station. Investigation initiated by Officer Ramesh Reddy (BADGE-BAN-1016). Initial inspection conducted at incident location.,"[{""act"": ""IPC"", ""section"": ""302"", ""description"": ""Punishment for murder""}, {""act"": ""IPC"", ""section"": ""307"", ""description"": ""Attempt to murder""}, {""act"": ""BNS"", ""section"": ""103"", ""description"": ""Punishment for murder""}]",WALK_IN,USER-00034,USER-00034,2025-05-16T21:53:35.158871,2026-08-31T18:53:35.158897
CASE-000177,FIR/2024/PS-BLR-002/00177,STATION-PS-BLR-002,Indiranagar Police Station,OFFICER-00047,Ananya Dutta,BADGE-BAN-1047,NON_COGNIZABLE,ASSAULT,MEDIUM,REGISTERED,2025-09-12T03:53:35.158922,2025-09-11T16:53:35.158922,"{""address"": ""Near Landmark 84, Indiranagar 1st and 2nd Stages, Bangalore Urban"", ""latitude"": 12.977342737959022, ""longitude"": 77.6308371637756, ""district"": ""Bangalore Urban"", ""state"": ""Karnataka""}",Incident of assault reported near Bangalore Urban.,Detailed police incident report regarding ASSAULT under jurisdiction of Indiranagar Police Station. Investigation initiated by Officer Ananya Dutta (BADGE-BAN-1047). Initial inspection conducted at incident location.,"[{""act"": ""IPC"", ""section"": ""323"", ""description"": ""Punishment for voluntarily causing hurt""}, {""act"": ""IPC"", ""section"": ""325"", ""description"": ""Punishment for voluntarily causing grievous hurt""}, {""act"": ""BNS"", ""section"": ""115"", ""description"": ""Voluntarily causing hurt""}]",WALK_IN,USER-00008,USER-00008,2025-09-12T03:53:35.158922,2026-08-31T18:53:35.158944
CASE-000178,FIR/2026/PS-CHE-001/00178,STATION-PS-CHE-001,T. Nagar Police Station,OFFICER-00018,Rekha Mishra,BADGE-CHE-1018,NON_COGNIZABLE,ACCIDENT,HIGH,CHARGE_SHEET_FILED,2026-07-18T12:53:35.158968,2026-07-17T12:53:35.158968,"{""address"": ""Near Landmark 19, T. Nagar, Chennai"", ""latitude"": 13.041077898631553, ""longitude"": 80.2366517483003, ""district"": ""Chennai"", ""state"": ""Tamil Nadu""}",Incident of accident reported near Chennai.,Detailed police incident report regarding ACCIDENT under jurisdiction of T. Nagar Police Station. Investigation initiated by Officer Rekha Mishra (BADGE-CHE-1018). Initial inspection conducted at incident location.,"[{""act"": ""IPC"", ""section"": ""279"", ""description"": ""Rash driving or riding on a public way""}, {""act"": ""IPC"", ""section"": ""304A"", ""description"": ""Causing death by negligence""}, {""act"": ""Motor Vehicles Act"", ""section"": ""184"", ""description"": ""Dangerous driving""}]",WALK_IN,USER-00249,USER-00249,2026-07-18T12:53:35.158968,2026-08-31T18:53:35.158989
CASE-000179,FIR/2025/PS-CHE-002/00179,STATION-PS-CHE-002,Mylapore Police Station,OFFICER-00029,Vidya Dubey,BADGE-CHE-1029,NON_COGNIZABLE,ACCIDENT,MEDIUM,COURT_PROCEEDINGS,2025-05-18T19:53:35.159011,2025-05-18T15:53:35.159011,"{""address"": ""Near Landmark 86, Mylapore, Chennai"", ""latitude"": 13.022664248362993, ""longitude"": 80.25897032472785, ""district"": ""Chennai"", ""state"": ""Tamil Nadu""}",Incident of accident reported near Chennai.,Detailed police incident report regarding ACCIDENT under jurisdiction of Mylapore Police Station. Investigation initiated by Officer Vidya Dubey (BADGE-CHE-1029). Initial inspection conducted at incident location.,"[{""act"": ""IPC"", ""section"": ""279"", ""description"": ""Rash driving or riding on a public way""}, {""act"": ""IPC"", ""section"": ""304A"", ""description"": ""Causing death by negligence""}, {""act"": ""Motor Vehicles Act"", ""section"": ""184"", ""description"": ""Dangerous driving""}]",WALK_IN,USER-00210,USER-00210,2025-05-18T19:53:35.159011,2026-08-31T18:53:35.159031
CASE-000180,FIR/2024/PS-LKO-001/00180,STATION-PS-LKO-001,Hazratganj Police Station,OFFICER-00030,Yogesh Mishra,BADGE-LUC-1030,COGNIZABLE,ROBBERY,MEDIUM,CLOSED_SOLVED,2025-12-04T14:53:35.159053,2025-12-02T14:53:35.159053,"{""address"": ""Near Landmark 41, Hazratganj, Lucknow"", ""latitude"": 26.857258926873545, ""longitude"": 80.93545360104447, ""district"": ""Lucknow"", ""state"": ""Uttar Pradesh""}",Incident of robbery reported near Lucknow.,Detailed police incident report regarding ROBBERY under jurisdiction of Hazratganj Police Station. Investigation initiated by Officer Yogesh Mishra (BADGE-LUC-1030). Initial inspection conducted at incident location.,"[{""act"": ""IPC"", ""section"": ""392"", ""description"": ""Punishment for robbery""}, {""act"": ""IPC"", ""section"": ""395"", ""description"": ""Punishment for dacoity""}, {""act"": ""BNS"", ""section"": ""309"", ""description"": ""Robbery""}]",WALK_IN,USER-00017,USER-00017,2025-12-04T14:53:35.159053,2026-08-31T18:53:35.159076
CASE-000181,FIR/2026/PS-MUM-001/00181,STATION-PS-MUM-001,Colaba Police Station,OFFICER-00021,Rakesh Tiwari,BADGE-MUM-1021,NON_COGNIZABLE,FRAUD,LOW,CLOSED_SOLVED,2026-06-29T20:53:35.159102,2026-06-28T15:53:35.159102,"{""address"": ""Near Landmark 96, Colaba, Mumbai City"", ""latitude"": 18.932771030220223, ""longitude"": 72.83498915435145, ""district"": ""Mumbai City"", ""state"": ""Maharashtra""}",Incident of fraud reported near Mumbai City.,Detailed police incident report regarding FRAUD under jurisdiction of Colaba Police Station. Investigation initiated by Officer Rakesh Tiwari (BADGE-MUM-1021). Initial inspection conducted at incident location.,"[{""act"": ""IPC"", ""section"": ""420"", ""description"": ""Cheating and dishonestly inducing delivery of property""}, {""act"": ""IPC"", ""section"": ""406"", ""description"": ""Punishment for criminal breach of trust""}, {""act"": ""IPC"", ""section"": ""468"", ""description"": ""Forgery for purpose of cheating""}]",WALK_IN,USER-00018,USER-00018,2026-06-29T20:53:35.159102,2026-08-31T18:53:35.159125
CASE-000182,FIR/2025/PS-MUM-002/00182,STATION-PS-MUM-002,Bandra Police Station,OFFICER-00042,Radha Patil,BADGE-MUM-1042,NON_COGNIZABLE,DOMESTIC_VIOLENCE,MEDIUM,UNDER_INVESTIGATION,2026-03-14T08:53:35.159275,2026-03-13T11:53:35.159275,"{""address"": ""Near Landmark 55, Bandra West, Mumbai Suburban"", ""latitude"": 19.076508307323685, ""longitude"": 72.83042345746549, ""district"": ""Mumbai Suburban"", ""state"": ""Maharashtra""}",Incident of domestic violence reported near Mumbai Suburban.,Detailed police incident report regarding DOMESTIC_VIOLENCE under jurisdiction of Bandra Police Station. Investigation initiated by Officer Radha Patil (BADGE-MUM-1042). Initial inspection conducted at incident location.,"[{""act"": ""IPC"", ""section"": ""498A"", ""description"": ""Husband or relative of husband subjecting woman to cruelty""}, {""act"": ""DV Act"", ""section"": ""12"", ""description"": ""Application to Magistrate for domestic violence relief""}]",WALK_IN,USER-00206,USER-00206,2026-03-14T08:53:35.159275,2026-08-31T18:53:35.159338
CASE-000183,FIR/2025/PS-PUN-001/00183,STATION-PS-PUN-001,Shivajinagar Police Station,OFFICER-00043,Chandan Chatterjee,BADGE-PUN-1043,NON_COGNIZABLE,MISSING_PERSON,HIGH,CLOSED_UNSOLVED,2026-04-22T21:53:35.159382,2026-04-22T11:53:35.159382,"{""address"": ""Near Landmark 33, Shivajinagar, Pune"", ""latitude"": 18.54335446766801, ""longitude"": 73.86128715359781, ""district"": ""Pune"", ""state"": ""Maharashtra""}",Incident of missing person reported near Pune.,Detailed police incident report regarding MISSING_PERSON under jurisdiction of Shivajinagar Police Station. Investigation initiated by Officer Chandan Chatterjee (BADGE-PUN-1043). Initial inspection conducted at incident location.,"[{""act"": ""IPC"", ""section"": ""363"", ""description"": ""Punishment for kidnapping""}, {""act"": ""BNS"", ""section"": ""137"", ""description"": ""Kidnapping""}]",WALK_IN,USER-00041,USER-00041,2026-04-22T21:53:35.159382,2026-08-31T18:53:35.159418
CASE-000184,FIR/2025/PS-DEL-001/00184,STATION-PS-DEL-001,Connaught Place Police Station,OFFICER-00034,Vivek Nair,BADGE-CEN-1034,COGNIZABLE,KIDNAPPING,CRITICAL,REGISTERED,2025-05-26T18:53:35.159449,2025-05-26T08:53:35.159449,"{""address"": ""Near Landmark 34, Connaught Place, Central Delhi"", ""latitude"": 28.62287428494383, ""longitude"": 77.2075704105568, ""district"": ""Central Delhi"", ""state"": ""Delhi""}",Incident of kidnapping reported near Central Delhi.,Detailed police incident report regarding KIDNAPPING under jurisdiction of Connaught Place Police Station. Investigation initiated by Officer Vivek Nair (BADGE-CEN-1034). Initial inspection conducted at incident location.,"[{""act"": ""IPC"", ""section"": ""364"", ""description"": ""Kidnapping or abducting in order to murder""}, {""act"": ""IPC"", ""section"": ""364A"", ""description"": ""Kidnapping for ransom""}, {""act"": ""BNS"", ""section"": ""140"", ""description"": ""Kidnapping or abduction for ransom""}]",WALK_IN,USER-00033,USER-00033,2025-05-26T18:53:35.159449,2026-08-31T18:53:35.159476
CASE-000185,FIR/2024/PS-DEL-002/00185,STATION-PS-DEL-002,Hauz Khas Police Station,OFFICER-00005,Vivek Chatterjee,BADGE-SOU-1005,NON_COGNIZABLE,CYBER_CRIME,MEDIUM,UNDER_INVESTIGATION,2025-04-23T03:53:35.159508,2025-04-22T15:53:35.159508,"{""address"": ""Near Landmark 39, Hauz Khas, South Delhi"", ""latitude"": 28.567174958392958, ""longitude"": 77.2107985550217, ""district"": ""South Delhi"", ""state"": ""Delhi""}",Incident of cyber crime reported near South Delhi.,Detailed police incident report regarding CYBER_CRIME under jurisdiction of Hauz Khas Police Station. Investigation initiated by Officer Vivek Chatterjee (BADGE-SOU-1005). Initial inspection conducted at incident location.,"[{""act"": ""IT Act"", ""section"": ""66C"", ""description"": ""Punishment for identity theft""}, {""act"": ""IT Act"", ""section"": ""66D"", ""description"": ""Punishment for cheating by personation using computer resource""}, {""act"": ""IPC"", ""section"": ""420"", ""description"": ""Cheating and dishonestly inducing delivery of property""}]",WALK_IN,USER-00207,USER-00207,2025-04-23T03:53:35.159508,2026-08-31T18:53:35.159536
CASE-000186,FIR/2025/PS-BLR-001/00186,STATION-PS-BLR-001,Koramangala Police Station,OFFICER-00026,Vandana Chauhan,BADGE-BAN-1026,NON_COGNIZABLE,ASSAULT,LOW,REGISTERED,2026-01-16T02:53:35.159561,2026-01-14T09:53:35.159561,"{""address"": ""Near Landmark 59, Koramangala 1st to 8th Blocks, Bangalore Urban"", ""latitude"": 12.947335665948476, ""longitude"": 77.62211145799054, ""district"": ""Bangalore Urban"", ""state"": ""Karnataka""}",Incident of assault reported near Bangalore Urban.,Detailed police incident report regarding ASSAULT under jurisdiction of Koramangala Police Station. Investigation initiated by Officer Vandana Chauhan (BADGE-BAN-1026). Initial inspection conducted at incident location.,"[{""act"": ""IPC"", ""section"": ""323"", ""description"": ""Punishment for voluntarily causing hurt""}, {""act"": ""IPC"", ""section"": ""325"", ""description"": ""Punishment for voluntarily causing grievous hurt""}, {""act"": ""BNS"", ""section"": ""115"", ""description"": ""Voluntarily causing hurt""}]",WALK_IN,USER-00241,USER-00241,2026-01-16T02:53:35.159561,2026-08-31T18:53:35.159585
CASE-000187,FIR/2024/PS-BLR-002/00187,STATION-PS-BLR-002,Indiranagar Police Station,OFFICER-00027,Tarun Pandey,BADGE-BAN-1027,COGNIZABLE,MURDER,MEDIUM,CHARGE_SHEET_FILED,2025-04-29T11:53:35.159664,2025-04-28T13:53:35.159664,"{""address"": ""Near Landmark 74, Indiranagar 1st and 2nd Stages, Bangalore Urban"", ""latitude"": 12.960161230919466, ""longitude"": 77.64535946721185, ""district"": ""Bangalore Urban"", ""state"": ""Karnataka""}",Incident of murder reported near Bangalore Urban.,Detailed police incident report regarding MURDER under jurisdiction of Indiranagar Police Station. Investigation initiated by Officer Tarun Pandey (BADGE-BAN-1027). Initial inspection conducted at incident location.,"[{""act"": ""IPC"", ""section"": ""302"", ""description"": ""Punishment for murder""}, {""act"": ""IPC"", ""section"": ""307"", ""description"": ""Attempt to murder""}, {""act"": ""BNS"", ""section"": ""103"", ""description"": ""Punishment for murder""}]",WALK_IN,USER-00225,USER-00225,2025-04-29T11:53:35.159664,2026-08-31T18:53:35.159711
CASE-000188,FIR/2025/PS-CHE-001/00188,STATION-PS-CHE-001,T. Nagar Police Station,OFFICER-00028,Nirmala Dutta,BADGE-CHE-1028,NON_COGNIZABLE,ACCIDENT,HIGH,UNDER_INVESTIGATION,2025-05-11T20:53:35.159746,2025-05-11T10:53:35.159746,"{""address"": ""Near Landmark 59, T. Nagar, Chennai"", ""latitude"": 13.035400421324113, ""longitude"": 80.25310568492456, ""district"": ""Chennai"", ""state"": ""Tamil Nadu""}",Incident of accident reported near Chennai.,Detailed police incident report regarding ACCIDENT under jurisdiction of T. Nagar Police Station. Investigation initiated by Officer Nirmala Dutta (BADGE-CHE-1028). Initial inspection conducted at incident location.,"[{""act"": ""IPC"", ""section"": ""279"", ""description"": ""Rash driving or riding on a public way""}, {""act"": ""IPC"", ""section"": ""304A"", ""description"": ""Causing death by negligence""}, {""act"": ""Motor Vehicles Act"", ""section"": ""184"", ""description"": ""Dangerous driving""}]",WALK_IN,USER-00241,USER-00241,2025-05-11T20:53:35.159746,2026-08-31T18:53:35.159767
CASE-000189,FIR/2024/PS-CHE-002/00189,STATION-PS-CHE-002,Mylapore Police Station,OFFICER-00019,Aditya Dubey,BADGE-CHE-1019,NON_COGNIZABLE,CYBER_CRIME,LOW,UNDER_INVESTIGATION,2026-01-07T01:53:35.159786,2026-01-06T13:53:35.159786,"{""address"": ""Near Landmark 59, Mylapore, Chennai"", ""latitude"": 13.0302137963397, ""longitude"": 80.25216195587855, ""district"": ""Chennai"", ""state"": ""Tamil Nadu""}",Incident of cyber crime reported near Chennai.,Detailed police incident report regarding CYBER_CRIME under jurisdiction of Mylapore Police Station. Investigation initiated by Officer Aditya Dubey (BADGE-CHE-1019). Initial inspection conducted at incident location.,"[{""act"": ""IT Act"", ""section"": ""66C"", ""description"": ""Punishment for identity theft""}, {""act"": ""IT Act"", ""section"": ""66D"", ""description"": ""Punishment for cheating by personation using computer resource""}, {""act"": ""IPC"", ""section"": ""420"", ""description"": ""Cheating and dishonestly inducing delivery of property""}]",WALK_IN,USER-00034,USER-00034,2026-01-07T01:53:35.159786,2026-08-31T18:53:35.159802
CASE-000190,FIR/2026/PS-LKO-001/00190,STATION-PS-LKO-001,Hazratganj Police Station,OFFICER-00020,Rajesh Dubey,BADGE-LUC-1020,NON_COGNIZABLE,CYBER_CRIME,LOW,REGISTERED,2026-02-09T11:53:35.159818,2026-02-07T13:53:35.159818,"{""address"": ""Near Landmark 20, Hazratganj, Lucknow"", ""latitude"": 26.859034523307546, ""longitude"": 80.9331311808452, ""district"": ""Lucknow"", ""state"": ""Uttar Pradesh""}",Incident of cyber crime reported near Lucknow.,Detailed police incident report regarding CYBER_CRIME under jurisdiction of Hazratganj Police Station. Investigation initiated by Officer Rajesh Dubey (BADGE-LUC-1020). Initial inspection conducted at incident location.,"[{""act"": ""IT Act"", ""section"": ""66C"", ""description"": ""Punishment for identity theft""}, {""act"": ""IT Act"", ""section"": ""66D"", ""description"": ""Punishment for cheating by personation using computer resource""}, {""act"": ""IPC"", ""section"": ""420"", ""description"": ""Cheating and dishonestly inducing delivery of property""}]",WALK_IN,USER-00202,USER-00202,2026-02-09T11:53:35.159818,2026-08-31T18:53:35.159832
CASE-000191,FIR/2026/PS-MUM-001/00191,STATION-PS-MUM-001,Colaba Police Station,OFFICER-00041,Radha Dubey,BADGE-MUM-1041,NON_COGNIZABLE,THEFT,HIGH,CLOSED_SOLVED,2026-07-19T12:53:35.159846,2026-07-18T12:53:35.159846,"{""address"": ""Near Landmark 51, Colaba, Mumbai City"", ""latitude"": 18.914588297658742, ""longitude"": 72.8106275521743, ""district"": ""Mumbai City"", ""state"": ""Maharashtra""}",Incident of theft reported near Mumbai City.,Detailed police incident report regarding THEFT under jurisdiction of Colaba Police Station. Investigation initiated by Officer Radha Dubey (BADGE-MUM-1041). Initial inspection conducted at incident location.,"[{""act"": ""IPC"", ""section"": ""378"", ""description"": ""Theft""}, {""act"": ""IPC"", ""section"": ""379"", ""description"": ""Punishment for theft""}, {""act"": ""IPC"", ""section"": ""380"", ""description"": ""Theft in dwelling house""}, {""act"": ""BNS"", ""section"": ""303"", ""description"": ""Theft and aggravated theft""}]",WALK_IN,USER-00234,USER-00234,2026-07-19T12:53:35.159846,2026-08-31T18:53:35.159860
CASE-000192,FIR/2025/PS-MUM-002/00192,STATION-PS-MUM-002,Bandra Police Station,OFFICER-00032,Umesh Deshmukh,BADGE-MUM-1032,NON_COGNIZABLE,DRUG_OFFENCE,LOW,CLOSED_SOLVED,2025-08-01T01:53:35.159874,2025-07-30T15:53:35.159874,"{""address"": ""Near Landmark 95, Bandra West, Mumbai Suburban"", ""latitude"": 19.067090675357534, ""longitude"": 72.83574654314847, ""district"": ""Mumbai Suburban"", ""state"": ""Maharashtra""}",Incident of drug offence reported near Mumbai Suburban.,Detailed police incident report regarding DRUG_OFFENCE under jurisdiction of Bandra Police Station. Investigation initiated by Officer Umesh Deshmukh (BADGE-MUM-1032). Initial inspection conducted at incident location.,"[{""act"": ""NDPS Act"", ""section"": ""20"", ""description"": ""Punishment for contravention in relation to cannabis""}, {""act"": ""NDPS Act"", ""section"": ""21"", ""description"": ""Punishment for contravention in relation to manufactured drugs""}]",WALK_IN,USER-00231,USER-00231,2025-08-01T01:53:35.159874,2026-08-31T18:53:35.159888
CASE-000193,FIR/2024/PS-PUN-001/00193,STATION-PS-PUN-001,Shivajinagar Police Station,OFFICER-00033,Vinod Gowda,BADGE-PUN-1033,NON_COGNIZABLE,THEFT,LOW,CHARGE_SHEET_FILED,2025-08-24T08:53:35.159903,2025-08-22T15:53:35.159903,"{""address"": ""Near Landmark 58, Shivajinagar, Pune"", ""latitude"": 18.517497140416154, ""longitude"": 73.84949331213717, ""district"": ""Pune"", ""state"": ""Maharashtra""}",Incident of theft reported near Pune.,Detailed police incident report regarding THEFT under jurisdiction of Shivajinagar Police Station. Investigation initiated by Officer Vinod Gowda (BADGE-PUN-1033). Initial inspection conducted at incident location.,"[{""act"": ""IPC"", ""section"": ""378"", ""description"": ""Theft""}, {""act"": ""IPC"", ""section"": ""379"", ""description"": ""Punishment for theft""}, {""act"": ""IPC"", ""section"": ""380"", ""description"": ""Theft in dwelling house""}, {""act"": ""BNS"", ""section"": ""303"", ""description"": ""Theft and aggravated theft""}]",WALK_IN,USER-00209,USER-00209,2025-08-24T08:53:35.159903,2026-08-31T18:53:35.159929
CASE-000194,FIR/2026/PS-DEL-001/00194,STATION-PS-DEL-001,Connaught Place Police Station,OFFICER-00014,Sachin Bhatt,BADGE-CEN-1014,NON_COGNIZABLE,DRUG_OFFENCE,MEDIUM,UNDER_INVESTIGATION,2025-11-24T18:53:35.159946,2025-11-24T12:53:35.159946,"{""address"": ""Near Landmark 22, Connaught Place, Central Delhi"", ""latitude"": 28.61356690428808, ""longitude"": 77.22587929129924, ""district"": ""Central Delhi"", ""state"": ""Delhi""}",Incident of drug offence reported near Central Delhi.,Detailed police incident report regarding DRUG_OFFENCE under jurisdiction of Connaught Place Police Station. Investigation initiated by Officer Sachin Bhatt (BADGE-CEN-1014). Initial inspection conducted at incident location.,"[{""act"": ""NDPS Act"", ""section"": ""20"", ""description"": ""Punishment for contravention in relation to cannabis""}, {""act"": ""NDPS Act"", ""section"": ""21"", ""description"": ""Punishment for contravention in relation to manufactured drugs""}]",WALK_IN,USER-00049,USER-00049,2025-11-24T18:53:35.159946,2026-08-31T18:53:35.159961
CASE-000195,FIR/2025/PS-DEL-002/00195,STATION-PS-DEL-002,Hauz Khas Police Station,OFFICER-00025,Pankaj Verma,BADGE-SOU-1025,NON_COGNIZABLE,THEFT,HIGH,REGISTERED,2025-12-12T05:53:35.159976,2025-12-10T13:53:35.159976,"{""address"": ""Near Landmark 14, Hauz Khas, South Delhi"", ""latitude"": 28.563682088650218, ""longitude"": 77.21572379005092, ""district"": ""South Delhi"", ""state"": ""Delhi""}",Incident of theft reported near South Delhi.,Detailed police incident report regarding THEFT under jurisdiction of Hauz Khas Police Station. Investigation initiated by Officer Pankaj Verma (BADGE-SOU-1025). Initial inspection conducted at incident location.,"[{""act"": ""IPC"", ""section"": ""378"", ""description"": ""Theft""}, {""act"": ""IPC"", ""section"": ""379"", ""description"": ""Punishment for theft""}, {""act"": ""IPC"", ""section"": ""380"", ""description"": ""Theft in dwelling house""}, {""act"": ""BNS"", ""section"": ""303"", ""description"": ""Theft and aggravated theft""}]",WALK_IN,USER-00049,USER-00049,2025-12-12T05:53:35.159976,2026-08-31T18:53:35.159989
CASE-000196,FIR/2025/PS-BLR-001/00196,STATION-PS-BLR-001,Koramangala Police Station,OFFICER-00016,Ramesh Reddy,BADGE-BAN-1016,NON_COGNIZABLE,THEFT,LOW,REGISTERED,2025-08-30T14:53:35.160003,2025-08-30T08:53:35.160003,"{""address"": ""Near Landmark 23, Koramangala 1st to 8th Blocks, Bangalore Urban"", ""latitude"": 12.92351900355731, ""longitude"": 77.6250270243648, ""district"": ""Bangalore Urban"", ""state"": ""Karnataka""}",Incident of theft reported near Bangalore Urban.,Detailed police incident report regarding THEFT under jurisdiction of Koramangala Police Station. Investigation initiated by Officer Ramesh Reddy (BADGE-BAN-1016). Initial inspection conducted at incident location.,"[{""act"": ""IPC"", ""section"": ""378"", ""description"": ""Theft""}, {""act"": ""IPC"", ""section"": ""379"", ""description"": ""Punishment for theft""}, {""act"": ""IPC"", ""section"": ""380"", ""description"": ""Theft in dwelling house""}, {""act"": ""BNS"", ""section"": ""303"", ""description"": ""Theft and aggravated theft""}]",WALK_IN,USER-00214,USER-00214,2025-08-30T14:53:35.160003,2026-08-31T18:53:35.160016
CASE-000197,FIR/2026/PS-BLR-002/00197,STATION-PS-BLR-002,Indiranagar Police Station,OFFICER-00047,Ananya Dutta,BADGE-BAN-1047,NON_COGNIZABLE,CYBER_CRIME,HIGH,CLOSED_UNSOLVED,2025-11-03T09:53:35.160029,2025-11-01T17:53:35.160029,"{""address"": ""Near Landmark 44, Indiranagar 1st and 2nd Stages, Bangalore Urban"", ""latitude"": 12.967393946177411, ""longitude"": 77.63920627788487, ""district"": ""Bangalore Urban"", ""state"": ""Karnataka""}",Incident of cyber crime reported near Bangalore Urban.,Detailed police incident report regarding CYBER_CRIME under jurisdiction of Indiranagar Police Station. Investigation initiated by Officer Ananya Dutta (BADGE-BAN-1047). Initial inspection conducted at incident location.,"[{""act"": ""IT Act"", ""section"": ""66C"", ""description"": ""Punishment for identity theft""}, {""act"": ""IT Act"", ""section"": ""66D"", ""description"": ""Punishment for cheating by personation using computer resource""}, {""act"": ""IPC"", ""section"": ""420"", ""description"": ""Cheating and dishonestly inducing delivery of property""}]",WALK_IN,USER-00041,USER-00041,2025-11-03T09:53:35.160029,2026-08-31T18:53:35.160043
CASE-000198,FIR/2026/PS-CHE-001/00198,STATION-PS-CHE-001,T. Nagar Police Station,OFFICER-00008,Ajay Bhatt,BADGE-CHE-1008,NON_COGNIZABLE,FRAUD,MEDIUM,CLOSED_UNSOLVED,2025-04-20T13:53:35.160061,2025-04-19T06:53:35.160061,"{""address"": ""Near Landmark 65, T. Nagar, Chennai"", ""latitude"": 13.033637219526263, ""longitude"": 80.24998136406063, ""district"": ""Chennai"", ""state"": ""Tamil Nadu""}",Incident of fraud reported near Chennai.,Detailed police incident report regarding FRAUD under jurisdiction of T. Nagar Police Station. Investigation initiated by Officer Ajay Bhatt (BADGE-CHE-1008). Initial inspection conducted at incident location.,"[{""act"": ""IPC"", ""section"": ""420"", ""description"": ""Cheating and dishonestly inducing delivery of property""}, {""act"": ""IPC"", ""section"": ""406"", ""description"": ""Punishment for criminal breach of trust""}, {""act"": ""IPC"", ""section"": ""468"", ""description"": ""Forgery for purpose of cheating""}]",WALK_IN,USER-00012,USER-00012,2025-04-20T13:53:35.160061,2026-08-31T18:53:35.160074
CASE-000199,FIR/2026/PS-CHE-002/00199,STATION-PS-CHE-002,Mylapore Police Station,OFFICER-00019,Aditya Dubey,BADGE-CHE-1019,NON_COGNIZABLE,DRUG_OFFENCE,MEDIUM,CLOSED_SOLVED,2026-01-02T21:53:35.160088,2026-01-01T07:53:35.160088,"{""address"": ""Near Landmark 44, Mylapore, Chennai"", ""latitude"": 13.042267836055299, ""longitude"": 80.26308689269962, ""district"": ""Chennai"", ""state"": ""Tamil Nadu""}",Incident of drug offence reported near Chennai.,Detailed police incident report regarding DRUG_OFFENCE under jurisdiction of Mylapore Police Station. Investigation initiated by Officer Aditya Dubey (BADGE-CHE-1019). Initial inspection conducted at incident location.,"[{""act"": ""NDPS Act"", ""section"": ""20"", ""description"": ""Punishment for contravention in relation to cannabis""}, {""act"": ""NDPS Act"", ""section"": ""21"", ""description"": ""Punishment for contravention in relation to manufactured drugs""}]",WALK_IN,USER-00214,USER-00214,2026-01-02T21:53:35.160088,2026-08-31T18:53:35.160102
CASE-000200,FIR/2024/PS-LKO-001/00200,STATION-PS-LKO-001,Hazratganj Police Station,OFFICER-00040,Chandan Pandey,BADGE-LUC-1040,NON_COGNIZABLE,MISSING_PERSON,MEDIUM,UNDER_INVESTIGATION,2025-12-01T23:53:35.160117,2025-12-01T17:53:35.160117,"{""address"": ""Near Landmark 80, Hazratganj, Lucknow"", ""latitude"": 26.83934262855631, ""longitude"": 80.95807520673988, ""district"": ""Lucknow"", ""state"": ""Uttar Pradesh""}",Incident of missing person reported near Lucknow.,Detailed police incident report regarding MISSING_PERSON under jurisdiction of Hazratganj Police Station. Investigation initiated by Officer Chandan Pandey (BADGE-LUC-1040). Initial inspection conducted at incident location.,"[{""act"": ""IPC"", ""section"": ""363"", ""description"": ""Punishment for kidnapping""}, {""act"": ""BNS"", ""section"": ""137"", ""description"": ""Kidnapping""}]",WALK_IN,USER-00219,USER-00219,2025-12-01T23:53:35.160117,2026-08-31T18:53:35.160132
