person_id,full_name,gender,date_of_birth,age,address,district,state,phone,email,occupation,nationality,identification_marks,government_ids,created_at,updated_at
PERSON-000001,Pradeep Reddy,MALE,1965-01-18,61,"68, MG Road, Sector 24, Mumbai, Maharashtra - 675518",Mumbai,Maharashtra,+91-9901115386,pradeep.reddy1@mail.com,Lawyer,Indian,"[""Mole on chin"", ""Scar on left knee""]","[{""id_type"": ""AADHAAR"", ""id_number"": ""5159-4044-2223""}, {""id_type"": ""PAN"", ""id_number"": ""RESVF8317Y""}]",2026-08-31T18:53:35.111977,2026-08-31T18:53:35.111982
PERSON-000002,Jyoti Naidu,FEMALE,1978-01-20,48,"893, MG Road, Sector 16, Central Delhi, Delhi - 670033",Central Delhi,Delhi,+91-9418817598,jyoti.naidu2@mail.com,Security Guard,Indian,"[""Mole on forehead"", ""Scar on forehead""]","[{""id_type"": ""AADHAAR"", ""id_number"": ""3422-6620-6866""}, {""id_type"": ""PAN"", ""id_number"": ""UHFGA2226R""}]",2026-08-31T18:53:35.112034,2026-08-31T18:53:35.112037
PERSON-000003,Suman Pandey,FEMALE,1958-11-06,67,"541, MG Road, Sector 30, Mumbai, Maharashtra - 563823",Mumbai,Maharashtra,+91-9162400643,,Mechanic,Indian,[],"[{""id_type"": ""AADHAAR"", ""id_number"": ""9109-6824-3152""}, {""id_type"": ""PAN"", ""id_number"": ""SJRLY6654L""}]",2026-08-31T18:53:35.112173,2026-08-31T18:53:35.112178
PERSON-000004,Aditya Srivastava,MALE,1957-04-12,69,"306, MG Road, Sector 19, Chennai, Tamil Nadu - 647825",Chennai,Tamil Nadu,+91-9701639765,aditya.srivastava4@mail.com,Doctor,Indian,[],"[{""id_type"": ""AADHAAR"", ""id_number"": ""6471-8993-9371""}, {""id_type"": ""PAN"", ""id_number"": ""CFXRA5150J""}]",2026-08-31T18:53:35.112216,2026-08-31T18:53:35.112219
PERSON-000005,Abhishek Gowda,MALE,1964-01-18,62,"615, MG Road, Sector 9, Jaipur, Rajasthan - 463577",Jaipur,Rajasthan,+91-9732794491,,Mechanic,Indian,[],"[{""id_type"": ""AADHAAR"", ""id_number"": ""2628-9128-6050""}, {""id_type"": ""PAN"", ""id_number"": ""CYTIJ7853U""}]",2026-08-31T18:53:35.112252,2026-08-31T18:53:35.112255
PERSON-000006,Pooja Srivastava,FEMALE,2003-06-10,23,"464, MG Road, Sector 25, Pune, Maharashtra - 544672",Pune,Maharashtra,+91-9358783446,pooja.srivastava6@mail.com,Government Servant,Indian,[],"[{""id_type"": ""AADHAAR"", ""id_number"": ""9329-8129-8612""}, {""id_type"": ""PAN"", ""id_number"": ""ZHKFX5764V""}]",2026-08-31T18:53:35.112288,2026-08-31T18:53:35.112296
PERSON-000007,Arjun Dutta,MALE,1992-08-03,34,"53, MG Road, Sector 12, Lucknow, Uttar Pradesh - 677977",Lucknow,Uttar Pradesh,+91-9897209574,arjun.dutta7@mail.com,Journalist,Indian,"[""Mole on chin"", ""Scar on forehead""]","[{""id_type"": ""AADHAAR"", ""id_number"": ""8122-3854-6728""}, {""id_type"": ""PAN"", ""id_number"": ""YAWJZ7246L""}]",2026-08-31T18:53:35.112328,2026-08-31T18:53:35.112331
PERSON-000008,Geeta Tiwari,FEMALE,1980-03-01,46,"25, MG Road, Sector 22, Kolkata, West Bengal - 687869",Kolkata,West Bengal,+91-9313273170,,Journalist,Indian,[],"[{""id_type"": ""AADHAAR"", ""id_number"": ""4634-8617-6435""}, {""id_type"": ""PAN"", ""id_number"": ""IQDTC5071T""}]",2026-08-31T18:53:35.112363,2026-08-31T18:53:35.112366
PERSON-000009,Deepa Banerjee,FEMALE,2005-07-27,21,"236, MG Road, Sector 27, Pune, Maharashtra - 661589",Pune,Maharashtra,+91-9587542806,deepa.banerjee9@mail.com,Student,Indian,"[""Mole on left cheek"", ""Scar on left knee""]","[{""id_type"": ""AADHAAR"", ""id_number"": ""4740-8403-1398""}, {""id_type"": ""PAN"", ""id_number"": ""VAUSN3548L""}]",2026-08-31T18:53:35.112394,2026-08-31T18:53:35.112396
PERSON-000010,Abhishek Reddy,MALE,1979-08-07,47,"590, MG Road, Sector 1, Lucknow, Uttar Pradesh - 467168",Lucknow,Uttar Pradesh,+91-9342803803,abhishek.reddy10@mail.com,Homemaker,Indian,[],"[{""id_type"": ""AADHAAR"", ""id_number"": ""9644-6440-5790""}, {""id_type"": ""PAN"", ""id_number"": ""WILNP7858W""}]",2026-08-31T18:53:35.112440,2026-08-31T18:53:35.112442
PERSON-000011,Ananya Mishra,FEMALE,1971-08-06,55,"620, MG Road, Sector 13, Central Delhi, Delhi - 660239",Central Delhi,Delhi,+91-9272262304,ananya.mishra11@mail.com,Civil Engineer,Indian,"[""Mole on right shoulder"", ""Scar on forehead""]","[{""id_type"": ""AADHAAR"", ""id_number"": ""2745-6822-6654""}, {""id_type"": ""PAN"", ""id_number"": ""QGITQ6421R""}]",2026-08-31T18:53:35.112474,2026-08-31T18:53:35.112476
PERSON-000012,Suman Chatterjee,FEMALE,1988-02-24,38,"533, MG Road, Sector 23, Bangalore, Karnataka - 681802",Bangalore,Karnataka,+91-9748733937,suman.chatterjee12@mail.com,Unemployed,Indian,"[""Mole on left cheek"", ""Scar on left knee""]","[{""id_type"": ""AADHAAR"", ""id_number"": ""6453-3205-5993""}, {""id_type"": ""PAN"", ""id_number"": ""UDAHV7147Z""}]",2026-08-31T18:53:35.112512,2026-08-31T18:53:35.112515
PERSON-000013,Meena Singh,FEMALE,1968-06-09,58,"141, MG Road, Sector 6, Pune, Maharashtra - 545245",Pune,Maharashtra,+91-9437583759,,Shopkeeper,Indian,"[""Mole on right shoulder"", ""Scar on forehead""]","[{""id_type"": ""AADHAAR"", ""id_number"": ""2839-4700-3857""}, {""id_type"": ""PAN"", ""id_number"": ""ETFOP8323A""}]",2026-08-31T18:53:35.112566,2026-08-31T18:53:35.112569
PERSON-000014,Nilesh Deshmukh,MALE,1961-09-15,65,"4, MG Road, Sector 18, Bangalore, Karnataka - 632007",Bangalore,Karnataka,+91-9108408424,nilesh.deshmukh14@mail.com,Student,Indian,"[""Mole on chin"", ""Scar on forehead""]","[{""id_type"": ""AADHAAR"", ""id_number"": ""9928-7671-1106""}, {""id_type"": ""PAN"", ""id_number"": ""XAEIN8479P""}]",2026-08-31T18:53:35.112605,2026-08-31T18:53:35.112607
PERSON-000015,Devendra Tiwari,MALE,1986-07-26,40,"839, MG Road, Sector 26, Ahmedabad, Gujarat - 671523",Ahmedabad,Gujarat,+91-9111580514,,Software Engineer,Indian,[],"[{""id_type"": ""AADHAAR"", ""id_number"": ""8140-3441-3072""}, {""id_type"": ""PAN"", ""id_number"": ""JNXGA2035T""}]",2026-08-31T18:53:35.112638,2026-08-31T18:53:35.112641
PERSON-000016,Devendra Tiwari,MALE,1980-04-17,46,"623, MG Road, Sector 30, Lucknow, Uttar Pradesh - 620827",Lucknow,Uttar Pradesh,+91-9712463152,devendra.tiwari16@mail.com,Doctor,Indian,[],"[{""id_type"": ""AADHAAR"", ""id_number"": ""4430-5452-7610""}, {""id_type"": ""PAN"", ""id_number"": ""VSGDS5799W""}]",2026-08-31T18:53:35.112672,2026-08-31T18:53:35.112675
PERSON-000017,Pravin Singh,MALE,1977-05-19,49,"253, MG Road, Sector 3, Bangalore, Karnataka - 540774",Bangalore,Karnataka,+91-9711729242,,Businessman,Indian,"[""Mole on forehead"", ""Scar on right palm""]","[{""id_type"": ""AADHAAR"", ""id_number"": ""9435-7003-7915""}, {""id_type"": ""PAN"", ""id_number"": ""EBPSJ8021N""}]",2026-08-31T18:53:35.112709,2026-08-31T18:53:35.112712
PERSON-000018,Kiran Chatterjee,FEMALE,2002-12-20,23,"635, MG Road, Sector 20, Thiruvananthapuram, Kerala - 697880",Thiruvananthapuram,Kerala,+91-9223788772,kiran.chatterjee18@mail.com,Contractor,Indian,"[""Mole on left cheek"", ""Scar on right palm""]","[{""id_type"": ""AADHAAR"", ""id_number"": ""5629-9056-9073""}, {""id_type"": ""PAN"", ""id_number"": ""ITJZM9462N""}]",2026-08-31T18:53:35.112747,2026-08-31T18:53:35.112750
PERSON-000019,Tanja Agarwal,FEMALE,1961-10-12,64,"334, MG Road, Sector 4, Ahmedabad, Gujarat - 503076",Ahmedabad,Gujarat,+91-9685310577,tanja.agarwal19@mail.com,Accountant,Indian,[],"[{""id_type"": ""AADHAAR"", ""id_number"": ""8924-3964-9334""}, {""id_type"": ""PAN"", ""id_number"": ""DKFMS3564T""}]",2026-08-31T18:53:35.112781,2026-08-31T18:53:35.112784
PERSON-000020,Pankaj Bhatt,MALE,1956-01-24,70,"868, MG Road, Sector 28, Kolkata, West Bengal - 451665",Kolkata,West Bengal,+91-9329195914,pankaj.bhatt20@mail.com,Government Servant,Indian,[],"[{""id_type"": ""AADHAAR"", ""id_number"": ""3684-5014-8598""}, {""id_type"": ""PAN"", ""id_number"": ""NHPOQ3338C""}]",2026-08-31T18:53:35.112813,2026-08-31T18:53:35.112815
PERSON-000021,Divya Sharma,FEMALE,1964-05-15,62,"995, MG Road, Sector 8, Central Delhi, Delhi - 450322",Central Delhi,Delhi,+91-9189960358,divya.sharma21@mail.com,Driver,Indian,[],"[{""id_type"": ""AADHAAR"", ""id_number"": ""4145-7670-7907""}, {""id_type"": ""PAN"", ""id_number"": ""LNXIN9470V""}]",2026-08-31T18:53:35.112847,2026-08-31T18:53:35.112850
PERSON-000022,Manoj Srivastava,MALE,1952-09-10,74,"711, MG Road, Sector 16, Thiruvananthapuram, Kerala - 419569",Thiruvananthapuram,Kerala,+91-9372290552,manoj.srivastava22@mail.com,Security Guard,Indian,[],"[{""id_type"": ""AADHAAR"", ""id_number"": ""3199-2961-6993""}, {""id_type"": ""PAN"", ""id_number"": ""AVMHG4065Z""}]",2026-08-31T18:53:35.112880,2026-08-31T18:53:35.112883
PERSON-000023,Arjun Malik,MALE,1994-04-19,32,"107, MG Road, Sector 4, Mumbai, Maharashtra - 598826",Mumbai,Maharashtra,+91-9225599891,arjun.malik23@mail.com,Bank Employee,Indian,"[""Mole on forehead"", ""Scar on right palm""]","[{""id_type"": ""AADHAAR"", ""id_number"": ""7555-3628-1226""}, {""id_type"": ""PAN"", ""id_number"": ""IBNIR4855L""}]",2026-08-31T18:53:35.112915,2026-08-31T18:53:35.112918
PERSON-000024,Kavita Patel,FEMALE,1964-04-09,62,"100, MG Road, Sector 18, Pune, Maharashtra - 586588",Pune,Maharashtra,+91-9318983829,kavita.patel24@mail.com,Mechanic,Indian,"[""Mole on forehead"", ""Scar on forehead""]","[{""id_type"": ""AADHAAR"", ""id_number"": ""6455-2849-6080""}, {""id_type"": ""PAN"", ""id_number"": ""AZTUD1479J""}]",2026-08-31T18:53:35.112993,2026-08-31T18:53:35.112997
PERSON-000025,Madhu Dubey,FEMALE,1980-11-21,45,"466, MG Road, Sector 14, Central Delhi, Delhi - 476243",Central Delhi,Delhi,+91-9152677503,madhu.dubey25@mail.com,Homemaker,Indian,"[""Mole on right shoulder"", ""Scar on left knee""]","[{""id_type"": ""AADHAAR"", ""id_number"": ""4043-9199-9248""}, {""id_type"": ""PAN"", ""id_number"": ""AGVQZ1603Q""}]",2026-08-31T18:53:35.113031,2026-08-31T18:53:35.113033
PERSON-000026,Asha Nair,FEMALE,1970-12-08,55,"388, MG Road, Sector 26, Pune, Maharashtra - 661142",Pune,Maharashtra,+91-9998029621,asha.nair26@mail.com,Teacher,Indian,"[""Mole on forehead"", ""Scar on right palm""]","[{""id_type"": ""AADHAAR"", ""id_number"": ""9522-4674-2823""}, {""id_type"": ""PAN"", ""id_number"": ""QBRFJ3209L""}]",2026-08-31T18:53:35.113069,2026-08-31T18:53:35.113072
PERSON-000027,Nirmala Tiwari,FEMALE,2002-04-06,24,"854, MG Road, Sector 23, Chennai, Tamil Nadu - 478047",Chennai,Tamil Nadu,+91-9393178422,nirmala.tiwari27@mail.com,Shopkeeper,Indian,"[""Mole on right shoulder"", ""Scar on forehead""]","[{""id_type"": ""AADHAAR"", ""id_number"": ""3715-8557-9678""}, {""id_type"": ""PAN"", ""id_number"": ""RUGSV7380X""}]",2026-08-31T18:53:35.113108,2026-08-31T18:53:35.113111
PERSON-000028,Nirmala Joshi,FEMALE,1976-05-28,50,"791, MG Road, Sector 30, Mumbai, Maharashtra - 673291",Mumbai,Maharashtra,+91-9299292595,nirmala.joshi28@mail.com,Driver,Indian,[],"[{""id_type"": ""AADHAAR"", ""id_number"": ""8241-2347-5389""}, {""id_type"": ""PAN"", ""id_number"": ""DATQZ5001Z""}]",2026-08-31T18:53:35.113141,2026-08-31T18:53:35.113144
PERSON-000029,Usha Yadav,FEMALE,1987-03-22,39,"582, MG Road, Sector 4, Thiruvananthapuram, Kerala - 664235",Thiruvananthapuram,Kerala,+91-9482826345,,Driver,Indian,[],"[{""id_type"": ""AADHAAR"", ""id_number"": ""4923-8508-8526""}, {""id_type"": ""PAN"", ""id_number"": ""SZEIQ3369L""}]",2026-08-31T18:53:35.113201,2026-08-31T18:53:35.113204
PERSON-000030,Sachin Mukherjee,MALE,1954-07-28,72,"649, MG Road, Sector 29, Pune, Maharashtra - 508801",Pune,Maharashtra,+91-9483948819,sachin.mukherjee30@mail.com,Driver,Indian,"[""Mole on chin"", ""Scar on forehead""]","[{""id_type"": ""AADHAAR"", ""id_number"": ""6631-7282-7998""}, {""id_type"": ""PAN"", ""id_number"": ""SLFIK7264R""}]",2026-08-31T18:53:35.113242,2026-08-31T18:53:35.113245
PERSON-000031,Vikram Dutta,MALE,1961-01-26,65,"549, MG Road, Sector 27, Lucknow, Uttar Pradesh - 459812",Lucknow,Uttar Pradesh,+91-9679979439,vikram.dutta31@mail.com,Software Engineer,Indian,"[""Mole on right shoulder"", ""Scar on right palm""]","[{""id_type"": ""AADHAAR"", ""id_number"": ""3377-1856-5683""}, {""id_type"": ""PAN"", ""id_number"": ""GPPMJ9628Z""}]",2026-08-31T18:53:35.113278,2026-08-31T18:53:35.113282
PERSON-000032,Asha Das,FEMALE,1978-02-14,48,"318, MG Road, Sector 25, Jaipur, Rajasthan - 668198",Jaipur,Rajasthan,+91-9957960274,asha.das32@mail.com,Farmer,Indian,[],"[{""id_type"": ""AADHAAR"", ""id_number"": ""6026-6793-5322""}, {""id_type"": ""PAN"", ""id_number"": ""QRZNJ4752G""}]",2026-08-31T18:53:35.113311,2026-08-31T18:53:35.113314
PERSON-000033,Kavita Patel,FEMALE,1986-12-12,39,"96, MG Road, Sector 15, Jaipur, Rajasthan - 649697",Jaipur,Rajasthan,+91-9258758373,kavita.patel33@mail.com,Homemaker,Indian,"[""Mole on chin"", ""Scar on right palm""]","[{""id_type"": ""AADHAAR"", ""id_number"": ""5345-8959-5666""}, {""id_type"": ""PAN"", ""id_number"": ""ZFQJL6352Z""}]",2026-08-31T18:53:35.113347,2026-08-31T18:53:35.113350
PERSON-000034,Alok Reddy,MALE,1991-06-11,35,"813, MG Road, Sector 2, Thiruvananthapuram, Kerala - 602950",Thiruvananthapuram,Kerala,+91-9963509210,alok.reddy34@mail.com,Businessman,Indian,"[""Mole on right shoulder"", ""Scar on forehead""]","[{""id_type"": ""AADHAAR"", ""id_number"": ""7367-8441-5523""}, {""id_type"": ""PAN"", ""id_number"": ""BEEDI4136P""}]",2026-08-31T18:53:35.113382,2026-08-31T18:53:35.113386
PERSON-000035,Rohan Bhowmick,MALE,1998-08-10,28,"508, MG Road, Sector 29, Ahmedabad, Gujarat - 664324",Ahmedabad,Gujarat,+91-9852403921,rohan.bhowmick35@mail.com,Real Estate Agent,Indian,[],"[{""id_type"": ""AADHAAR"", ""id_number"": ""6568-8875-5520""}, {""id_type"": ""PAN"", ""id_number"": ""JUPIC4927I""}]",2026-08-31T18:53:35.113417,2026-08-31T18:53:35.113419
PERSON-000036,Shanti Agarwal,FEMALE,2000-10-01,25,"367, MG Road, Sector 8, Mumbai, Maharashtra - 446193",Mumbai,Maharashtra,+91-9888155171,shanti.agarwal36@mail.com,Businessman,Indian,[],"[{""id_type"": ""AADHAAR"", ""id_number"": ""9357-2939-7738""}, {""id_type"": ""PAN"", ""id_number"": ""JIKII8490A""}]",2026-08-31T18:53:35.113460,2026-08-31T18:53:35.113463
PERSON-000037,Ganesh Naidu,MALE,2001-03-05,25,"445, MG Road, Sector 30, Kolkata, West Bengal - 648405",Kolkata,West Bengal,+91-9197152194,ganesh.naidu37@mail.com,Journalist,Indian,[],"[{""id_type"": ""AADHAAR"", ""id_number"": ""9766-8649-1927""}, {""id_type"": ""PAN"", ""id_number"": ""FSEXF7505C""}]",2026-08-31T18:53:35.113494,2026-08-31T18:53:35.113497
PERSON-000038,Manju Joshi,FEMALE,1956-05-12,70,"857, MG Road, Sector 28, Thiruvananthapuram, Kerala - 536556",Thiruvananthapuram,Kerala,+91-9683421173,manju.joshi38@mail.com,Electrician,Indian,"[""Mole on left cheek"", ""Scar on forehead""]","[{""id_type"": ""AADHAAR"", ""id_number"": ""9460-5055-2432""}, {""id_type"": ""PAN"", ""id_number"": ""GTFTF1059R""}]",2026-08-31T18:53:35.113524,2026-08-31T18:53:35.113527
PERSON-000039,Pradeep Patel,MALE,1992-07-27,34,"607, MG Road, Sector 16, Kolkata, West Bengal - 640635",Kolkata,West Bengal,+91-9525645342,,Driver,Indian,"[""Mole on left cheek"", ""Scar on forehead""]","[{""id_type"": ""AADHAAR"", ""id_number"": ""9395-1371-5191""}, {""id_type"": ""PAN"", ""id_number"": ""TTPSI9123Q""}]",2026-08-31T18:53:35.113559,2026-08-31T18:53:35.113562
PERSON-000040,Vikram Singh,MALE,2002-08-26,24,"184, MG Road, Sector 15, Pune, Maharashtra - 609092",Pune,Maharashtra,+91-9927206089,vikram.singh40@mail.com,Government Servant,Indian,"[""Mole on forehead"", ""Scar on left knee""]","[{""id_type"": ""AADHAAR"", ""id_number"": ""5655-6204-7187""}, {""id_type"": ""PAN"", ""id_number"": ""JBLWW9849W""}]",2026-08-31T18:53:35.113594,2026-08-31T18:53:35.113597
PERSON-000041,Hitesh Yadav,MALE,1967-08-28,59,"428, MG Road, Sector 16, Thiruvananthapuram, Kerala - 497450",Thiruvananthapuram,Kerala,+91-9523263522,hitesh.yadav41@mail.com,Government Servant,Indian,"[""Mole on left cheek"", ""Scar on left knee""]","[{""id_type"": ""AADHAAR"", ""id_number"": ""5153-5304-4405""}, {""id_type"": ""PAN"", ""id_number"": ""HTEFM9485O""}]",2026-08-31T18:53:35.113626,2026-08-31T18:53:35.113629
PERSON-000042,Sachin Singh,MALE,1958-10-25,67,"677, MG Road, Sector 16, Bangalore, Karnataka - 623417",Bangalore,Karnataka,+91-9194095248,sachin.singh42@mail.com,Real Estate Agent,Indian,[],"[{""id_type"": ""AADHAAR"", ""id_number"": ""4187-3424-5767""}, {""id_type"": ""PAN"", ""id_number"": ""BAMCK5569N""}]",2026-08-31T18:53:35.113693,2026-08-31T18:53:35.113697
PERSON-000043,Seema Nair,FEMALE,2007-11-28,18,"400, MG Road, Sector 28, Central Delhi, Delhi - 536485",Central Delhi,Delhi,+91-9710569575,seema.nair43@mail.com,Lawyer,Indian,"[""Mole on right shoulder"", ""Scar on forehead""]","[{""id_type"": ""AADHAAR"", ""id_number"": ""9870-1952-1441""}, {""id_type"": ""PAN"", ""id_number"": ""OBRAA8489G""}]",2026-08-31T18:53:35.113744,2026-08-31T18:53:35.113747
PERSON-000044,Ganesh Dutta,MALE,1980-07-16,46,"309, MG Road, Sector 18, Mumbai, Maharashtra - 596641",Mumbai,Maharashtra,+91-9313775018,ganesh.dutta44@mail.com,Doctor,Indian,"[""Mole on chin"", ""Scar on right palm""]","[{""id_type"": ""AADHAAR"", ""id_number"": ""3287-6471-5985""}, {""id_type"": ""PAN"", ""id_number"": ""PQAEV5469N""}]",2026-08-31T18:53:35.113780,2026-08-31T18:53:35.113783
PERSON-000045,Bhavna Agarwal,FEMALE,1995-01-15,31,"367, MG Road, Sector 5, Lucknow, Uttar Pradesh - 663797",Lucknow,Uttar Pradesh,+91-9671742874,bhavna.agarwal45@mail.com,Farmer,Indian,"[""Mole on left cheek"", ""Scar on forehead""]","[{""id_type"": ""AADHAAR"", ""id_number"": ""8598-9325-5344""}, {""id_type"": ""PAN"", ""id_number"": ""PAUJO1675T""}]",2026-08-31T18:53:35.113816,2026-08-31T18:53:35.113819
PERSON-000046,Ramesh Malik,MALE,1978-01-18,48,"94, MG Road, Sector 16, Bangalore, Karnataka - 480779",Bangalore,Karnataka,+91-9151866393,,Businessman,Indian,"[""Mole on left cheek"", ""Scar on right palm""]","[{""id_type"": ""AADHAAR"", ""id_number"": ""7384-3981-6312""}, {""id_type"": ""PAN"", ""id_number"": ""ABMWW1972T""}]",2026-08-31T18:53:35.113850,2026-08-31T18:53:35.113853
PERSON-000047,Jyoti Pillai,FEMALE,1999-07-07,27,"356, MG Road, Sector 26, Bangalore, Karnataka - 493117",Bangalore,Karnataka,+91-9641256004,jyoti.pillai47@mail.com,Unemployed,Indian,"[""Mole on right shoulder"", ""Scar on right palm""]","[{""id_type"": ""AADHAAR"", ""id_number"": ""5742-2000-6743""}, {""id_type"": ""PAN"", ""id_number"": ""FILSU2336K""}]",2026-08-31T18:53:35.113886,2026-08-31T18:53:35.113889
PERSON-000048,Vidya Bansal,FEMALE,1950-10-11,75,"473, MG Road, Sector 19, Kolkata, West Bengal - 479846",Kolkata,West Bengal,+91-9907874834,vidya.bansal48@mail.com,Journalist,Indian,[],"[{""id_type"": ""AADHAAR"", ""id_number"": ""5675-2995-1613""}, {""id_type"": ""PAN"", ""id_number"": ""FQOQZ1202D""}]",2026-08-31T18:53:35.113920,2026-08-31T18:53:35.113923
PERSON-000049,Manish Mukherjee,MALE,1956-11-29,69,"130, MG Road, Sector 8, Jaipur, Rajasthan - 405049",Jaipur,Rajasthan,+91-9838147590,manish.mukherjee49@mail.com,Mechanic,Indian,"[""Mole on chin"", ""Scar on right palm""]","[{""id_type"": ""AADHAAR"", ""id_number"": ""7804-7792-6256""}, {""id_type"": ""PAN"", ""id_number"": ""VDJFC9822U""}]",2026-08-31T18:53:35.113955,2026-08-31T18:53:35.113958
PERSON-000050,Lata Srivastava,FEMALE,1973-12-02,52,"435, MG Road, Sector 30, Thiruvananthapuram, Kerala - 483342",Thiruvananthapuram,Kerala,+91-9211714437,lata.srivastava50@mail.com,Doctor,Indian,[],"[{""id_type"": ""AADHAAR"", ""id_number"": ""3856-2194-5512""}, {""id_type"": ""PAN"", ""id_number"": ""RIDOQ2865B""}]",2026-08-31T18:53:35.113986,2026-08-31T18:53:35.113989
PERSON-000051,Nandini Gupta,FEMALE,2001-03-21,25,"663, MG Road, Sector 15, Pune, Maharashtra - 697180",Pune,Maharashtra,+91-9607959636,,Student,Indian,"[""Mole on right shoulder"", ""Scar on forehead""]","[{""id_type"": ""AADHAAR"", ""id_number"": ""3944-9805-2478""}, {""id_type"": ""PAN"", ""id_number"": ""BTUBW5522L""}]",2026-08-31T18:53:35.114018,2026-08-31T18:53:35.114021
PERSON-000052,Chandan Bhatt,MALE,1966-03-08,60,"199, MG Road, Sector 15, Mumbai, Maharashtra - 470801",Mumbai,Maharashtra,+91-9726971517,,Accountant,Indian,"[""Mole on chin"", ""Scar on right palm""]","[{""id_type"": ""AADHAAR"", ""id_number"": ""9417-2917-7460""}, {""id_type"": ""PAN"", ""id_number"": ""CCJBZ1715J""}]",2026-08-31T18:53:35.114053,2026-08-31T18:53:35.114056
PERSON-000053,Vinod Chauhan,MALE,1971-07-15,55,"15, MG Road, Sector 11, Jaipur, Rajasthan - 428320",Jaipur,Rajasthan,+91-9320221819,vinod.chauhan53@mail.com,Accountant,Indian,[],"[{""id_type"": ""AADHAAR"", ""id_number"": ""7877-3513-7220""}, {""id_type"": ""PAN"", ""id_number"": ""HEZPS2259W""}]",2026-08-31T18:53:35.114087,2026-08-31T18:53:35.114090
PERSON-000054,Vishal Pillai,MALE,1952-07-21,74,"330, MG Road, Sector 23, Thiruvananthapuram, Kerala - 548029",Thiruvananthapuram,Kerala,+91-9325146075,vishal.pillai54@mail.com,Businessman,Indian,[],"[{""id_type"": ""AADHAAR"", ""id_number"": ""6207-4316-6445""}, {""id_type"": ""PAN"", ""id_number"": ""FOSLD8319G""}]",2026-08-31T18:53:35.114123,2026-08-31T18:53:35.114126
PERSON-000055,Vidya Gupta,FEMALE,1978-08-27,48,"534, MG Road, Sector 6, Central Delhi, Delhi - 415894",Central Delhi,Delhi,+91-9446260894,vidya.gupta55@mail.com,Security Guard,Indian,"[""Mole on forehead"", ""Scar on forehead""]","[{""id_type"": ""AADHAAR"", ""id_number"": ""3730-8978-8894""}, {""id_type"": ""PAN"", ""id_number"": ""GPEEH7497L""}]",2026-08-31T18:53:35.114157,2026-08-31T18:53:35.114160
PERSON-000056,Anil Iyer,MALE,1982-12-27,43,"79, MG Road, Sector 2, Thiruvananthapuram, Kerala - 533612",Thiruvananthapuram,Kerala,+91-9262267533,anil.iyer56@mail.com,Real Estate Agent,Indian,[],"[{""id_type"": ""AADHAAR"", ""id_number"": ""6939-4060-3742""}, {""id_type"": ""PAN"", ""id_number"": ""RLAJW5680J""}]",2026-08-31T18:53:35.114190,2026-08-31T18:53:35.114193
PERSON-000057,Satish Patil,MALE,1953-03-29,73,"552, MG Road, Sector 9, Jaipur, Rajasthan - 694861",Jaipur,Rajasthan,+91-9243584704,satish.patil57@mail.com,Homemaker,Indian,"[""Mole on chin"", ""Scar on forehead""]","[{""id_type"": ""AADHAAR"", ""id_number"": ""5763-8038-2361""}, {""id_type"": ""PAN"", ""id_number"": ""FNGVQ4530X""}]",2026-08-31T18:53:35.114264,2026-08-31T18:53:35.114268
PERSON-000058,Pravin Chatterjee,MALE,1969-05-30,57,"459, MG Road, Sector 3, Ahmedabad, Gujarat - 651103",Ahmedabad,Gujarat,+91-9989803440,pravin.chatterjee58@mail.com,Civil Engineer,Indian,"[""Mole on right shoulder"", ""Scar on forehead""]","[{""id_type"": ""AADHAAR"", ""id_number"": ""9323-4949-9948""}, {""id_type"": ""PAN"", ""id_number"": ""EHWNT5961B""}]",2026-08-31T18:53:35.114309,2026-08-31T18:53:35.114312
PERSON-000059,Sanjay Agarwal,MALE,1964-11-04,61,"31, MG Road, Sector 19, Ahmedabad, Gujarat - 642652",Ahmedabad,Gujarat,+91-9369242451,sanjay.agarwal59@mail.com,Software Engineer,Indian,"[""Mole on forehead"", ""Scar on left knee""]","[{""id_type"": ""AADHAAR"", ""id_number"": ""5562-5867-6889""}, {""id_type"": ""PAN"", ""id_number"": ""QTZQM1484I""}]",2026-08-31T18:53:35.114344,2026-08-31T18:53:35.114346
PERSON-000060,Satish Srivastava,MALE,1973-10-28,52,"451, MG Road, Sector 14, Lucknow, Uttar Pradesh - 467432",Lucknow,Uttar Pradesh,+91-9251308187,,Teacher,Indian,[],"[{""id_type"": ""AADHAAR"", ""id_number"": ""9855-3476-6187""}, {""id_type"": ""PAN"", ""id_number"": ""QSWJV8934M""}]",2026-08-31T18:53:35.114372,2026-08-31T18:53:35.114375
PERSON-000061,Aarti Mishra,FEMALE,1984-10-18,41,"783, MG Road, Sector 30, Bangalore, Karnataka - 473329",Bangalore,Karnataka,+91-9118502904,aarti.mishra61@mail.com,Unemployed,Indian,"[""Mole on chin"", ""Scar on right palm""]","[{""id_type"": ""AADHAAR"", ""id_number"": ""7669-2345-9270""}, {""id_type"": ""PAN"", ""id_number"": ""RPURU3935B""}]",2026-08-31T18:53:35.114408,2026-08-31T18:53:35.114411
PERSON-000062,Yogesh Chatterjee,MALE,1983-08-06,43,"640, MG Road, Sector 6, Pune, Maharashtra - 504740",Pune,Maharashtra,+91-9110420415,,Real Estate Agent,Indian,"[""Mole on chin"", ""Scar on left knee""]","[{""id_type"": ""AADHAAR"", ""id_number"": ""4925-6240-1955""}, {""id_type"": ""PAN"", ""id_number"": ""OZINK8010E""}]",2026-08-31T18:53:35.114442,2026-08-31T18:53:35.114446
PERSON-000063,Sachin Yadav,MALE,1981-08-25,45,"955, MG Road, Sector 11, Central Delhi, Delhi - 494409",Central Delhi,Delhi,+91-9712156968,sachin.yadav63@mail.com,Teacher,Indian,"[""Mole on forehead"", ""Scar on left knee""]","[{""id_type"": ""AADHAAR"", ""id_number"": ""9663-3903-7384""}, {""id_type"": ""PAN"", ""id_number"": ""ZZMWR6873K""}]",2026-08-31T18:53:35.114475,2026-08-31T18:53:35.114478
PERSON-000064,Kavita Dutta,FEMALE,2002-09-03,24,"286, MG Road, Sector 15, Lucknow, Uttar Pradesh - 412168",Lucknow,Uttar Pradesh,+91-9600178974,,Government Servant,Indian,"[""Mole on left cheek"", ""Scar on forehead""]","[{""id_type"": ""AADHAAR"", ""id_number"": ""9042-2165-6598""}, {""id_type"": ""PAN"", ""id_number"": ""ONTSX6275W""}]",2026-08-31T18:53:35.114510,2026-08-31T18:53:35.114513
PERSON-000065,Mohan Chauhan,MALE,1988-06-08,38,"545, MG Road, Sector 22, Central Delhi, Delhi - 507062",Central Delhi,Delhi,+91-9721290127,mohan.chauhan65@mail.com,Teacher,Indian,[],"[{""id_type"": ""AADHAAR"", ""id_number"": ""4929-9628-6382""}, {""id_type"": ""PAN"", ""id_number"": ""MNVFR7905A""}]",2026-08-31T18:53:35.114544,2026-08-31T18:53:35.114547
PERSON-000066,Anil Pandey,MALE,1999-10-17,26,"927, MG Road, Sector 3, Bangalore, Karnataka - 486000",Bangalore,Karnataka,+91-9664242055,,Real Estate Agent,Indian,[],"[{""id_type"": ""AADHAAR"", ""id_number"": ""2857-2297-7711""}, {""id_type"": ""PAN"", ""id_number"": ""SJQNE4018C""}]",2026-08-31T18:53:35.114580,2026-08-31T18:53:35.114583
PERSON-000067,Aditya Das,MALE,1990-12-01,35,"939, MG Road, Sector 29, Thiruvananthapuram, Kerala - 407279",Thiruvananthapuram,Kerala,+91-9684044421,aditya.das67@mail.com,Electrician,Indian,"[""Mole on left cheek"", ""Scar on right palm""]","[{""id_type"": ""AADHAAR"", ""id_number"": ""9138-3490-9772""}, {""id_type"": ""PAN"", ""id_number"": ""PHSVV8883D""}]",2026-08-31T18:53:35.114616,2026-08-31T18:53:35.114619
PERSON-000068,Rakesh Dutta,MALE,1951-09-17,75,"108, MG Road, Sector 23, Central Delhi, Delhi - 527079",Central Delhi,Delhi,+91-9879694905,rakesh.dutta68@mail.com,Student,Indian,[],"[{""id_type"": ""AADHAAR"", ""id_number"": ""7817-9412-4545""}, {""id_type"": ""PAN"", ""id_number"": ""KSQBH7684F""}]",2026-08-31T18:53:35.114651,2026-08-31T18:53:35.114654
PERSON-000069,Vishal Malik,MALE,1979-03-29,47,"623, MG Road, Sector 24, Thiruvananthapuram, Kerala - 681910",Thiruvananthapuram,Kerala,+91-9231148044,vishal.malik69@mail.com,Accountant,Indian,[],"[{""id_type"": ""AADHAAR"", ""id_number"": ""5112-5410-2209""}, {""id_type"": ""PAN"", ""id_number"": ""WYXWT4989X""}]",2026-08-31T18:53:35.114691,2026-08-31T18:53:35.114693
PERSON-000070,Ganesh Patel,MALE,1951-01-05,75,"954, MG Road, Sector 23, Pune, Maharashtra - 421674",Pune,Maharashtra,+91-9304670524,ganesh.patel70@mail.com,Teacher,Indian,[],"[{""id_type"": ""AADHAAR"", ""id_number"": ""4851-6652-7259""}, {""id_type"": ""PAN"", ""id_number"": ""BQPEW9704C""}]",2026-08-31T18:53:35.114725,2026-08-31T18:53:35.114728
PERSON-000071,Madhu Bhatt,FEMALE,1972-03-14,54,"9, MG Road, Sector 13, Thiruvananthapuram, Kerala - 420052",Thiruvananthapuram,Kerala,+91-9794033525,madhu.bhatt71@mail.com,Electrician,Indian,"[""Mole on left cheek"", ""Scar on left knee""]","[{""id_type"": ""AADHAAR"", ""id_number"": ""2727-5010-5956""}, {""id_type"": ""PAN"", ""id_number"": ""AMXYU8900R""}]",2026-08-31T18:53:35.114791,2026-08-31T18:53:35.114794
PERSON-000072,Nisha Deshmukh,FEMALE,1976-09-17,49,"21, MG Road, Sector 7, Bangalore, Karnataka - 430837",Bangalore,Karnataka,+91-9309957444,,Software Engineer,Indian,"[""Mole on chin"", ""Scar on left knee""]","[{""id_type"": ""AADHAAR"", ""id_number"": ""9945-6182-3952""}, {""id_type"": ""PAN"", ""id_number"": ""CCMOB7858I""}]",2026-08-31T18:53:35.114838,2026-08-31T18:53:35.114841
PERSON-000073,Anil Nair,MALE,1955-03-10,71,"624, MG Road, Sector 7, Chennai, Tamil Nadu - 670767",Chennai,Tamil Nadu,+91-9890421227,anil.nair73@mail.com,Mechanic,Indian,[],"[{""id_type"": ""AADHAAR"", ""id_number"": ""9293-5227-7243""}, {""id_type"": ""PAN"", ""id_number"": ""WOKDW4787L""}]",2026-08-31T18:53:35.114872,2026-08-31T18:53:35.114875
PERSON-000074,Shweta Naidu,FEMALE,1959-07-13,67,"611, MG Road, Sector 14, Kolkata, West Bengal - 617728",Kolkata,West Bengal,+91-9592427491,,Bank Employee,Indian,"[""Mole on left cheek"", ""Scar on right palm""]","[{""id_type"": ""AADHAAR"", ""id_number"": ""9114-6038-5793""}, {""id_type"": ""PAN"", ""id_number"": ""GVKTB5748L""}]",2026-08-31T18:53:35.114909,2026-08-31T18:53:35.114912
PERSON-000075,Dinesh Dutta,MALE,1987-05-13,39,"372, MG Road, Sector 4, Pune, Maharashtra - 642029",Pune,Maharashtra,+91-9690229409,dinesh.dutta75@mail.com,Student,Indian,"[""Mole on chin"", ""Scar on right palm""]","[{""id_type"": ""AADHAAR"", ""id_number"": ""8838-6116-9743""}, {""id_type"": ""PAN"", ""id_number"": ""WEDDF3627Z""}]",2026-08-31T18:53:35.114944,2026-08-31T18:53:35.114947
PERSON-000076,Dinesh Mehta,MALE,1951-02-25,75,"392, MG Road, Sector 12, Ahmedabad, Gujarat - 445680",Ahmedabad,Gujarat,+91-9999422565,dinesh.mehta76@mail.com,Journalist,Indian,"[""Mole on right shoulder"", ""Scar on left knee""]","[{""id_type"": ""AADHAAR"", ""id_number"": ""8591-1156-5495""}, {""id_type"": ""PAN"", ""id_number"": ""LOPVM1704Z""}]",2026-08-31T18:53:35.114979,2026-08-31T18:53:35.114982
PERSON-000077,Nisha Dutta,FEMALE,2000-11-30,25,"646, MG Road, Sector 6, Thiruvananthapuram, Kerala - 500998",Thiruvananthapuram,Kerala,+91-9592572439,nisha.dutta77@mail.com,Contractor,Indian,[],"[{""id_type"": ""AADHAAR"", ""id_number"": ""2823-5711-5067""}, {""id_type"": ""PAN"", ""id_number"": ""HXOUI9596H""}]",2026-08-31T18:53:35.115012,2026-08-31T18:53:35.115014
PERSON-000078,Krutika Banerjee,FEMALE,1955-09-15,71,"750, MG Road, Sector 28, Pune, Maharashtra - 490824",Pune,Maharashtra,+91-9296247956,,Businessman,Indian,[],"[{""id_type"": ""AADHAAR"", ""id_number"": ""3098-6646-7825""}, {""id_type"": ""PAN"", ""id_number"": ""OIAAD6766I""}]",2026-08-31T18:53:35.115047,2026-08-31T18:53:35.115049
PERSON-000079,Rekha Verma,FEMALE,1960-03-25,66,"403, MG Road, Sector 24, Mumbai, Maharashtra - 401449",Mumbai,Maharashtra,+91-9248293328,rekha.verma79@mail.com,Contractor,Indian,"[""Mole on right shoulder"", ""Scar on right palm""]","[{""id_type"": ""AADHAAR"", ""id_number"": ""5837-3424-3143""}, {""id_type"": ""PAN"", ""id_number"": ""JGGOH4914D""}]",2026-08-31T18:53:35.115081,2026-08-31T18:53:35.115084
PERSON-000080,Ramesh Nair,MALE,1987-07-30,39,"478, MG Road, Sector 30, Mumbai, Maharashtra - 624812",Mumbai,Maharashtra,+91-9710578044,ramesh.nair80@mail.com,Shopkeeper,Indian,"[""Mole on chin"", ""Scar on forehead""]","[{""id_type"": ""AADHAAR"", ""id_number"": ""5414-9118-5421""}, {""id_type"": ""PAN"", ""id_number"": ""LTXHO9226A""}]",2026-08-31T18:53:35.115114,2026-08-31T18:53:35.115118
PERSON-000081,Neha Dutta,FEMALE,1984-01-10,42,"660, MG Road, Sector 16, Chennai, Tamil Nadu - 599816",Chennai,Tamil Nadu,+91-9757767058,neha.dutta81@mail.com,Businessman,Indian,[],"[{""id_type"": ""AADHAAR"", ""id_number"": ""9379-6120-4721""}, {""id_type"": ""PAN"", ""id_number"": ""IIJZI3898L""}]",2026-08-31T18:53:35.115147,2026-08-31T18:53:35.115150
PERSON-000082,Ramesh Deshmukh,MALE,1978-07-15,48,"118, MG Road, Sector 30, Mumbai, Maharashtra - 653293",Mumbai,Maharashtra,+91-9302442827,ramesh.deshmukh82@mail.com,Driver,Indian,"[""Mole on chin"", ""Scar on left knee""]","[{""id_type"": ""AADHAAR"", ""id_number"": ""3221-9621-9840""}, {""id_type"": ""PAN"", ""id_number"": ""DAVQJ4052V""}]",2026-08-31T18:53:35.115180,2026-08-31T18:53:35.115183
PERSON-000083,Deepa Sharma,FEMALE,1976-05-11,50,"664, MG Road, Sector 19, Central Delhi, Delhi - 441477",Central Delhi,Delhi,+91-9257932772,,Software Engineer,Indian,[],"[{""id_type"": ""AADHAAR"", ""id_number"": ""6266-4287-4979""}, {""id_type"": ""PAN"", ""id_number"": ""SDZJX3903I""}]",2026-08-31T18:53:35.115209,2026-08-31T18:53:35.115212
PERSON-000084,Mukesh Malik,MALE,2008-06-07,18,"253, MG Road, Sector 26, Pune, Maharashtra - 665785",Pune,Maharashtra,+91-9594310221,,Mechanic,Indian,"[""Mole on left cheek"", ""Scar on forehead""]","[{""id_type"": ""AADHAAR"", ""id_number"": ""3560-9896-7177""}, {""id_type"": ""PAN"", ""id_number"": ""CMMBC1590B""}]",2026-08-31T18:53:35.115242,2026-08-31T18:53:35.115245
PERSON-000085,Meena Reddy,FEMALE,1954-02-20,72,"560, MG Road, Sector 15, Kolkata, West Bengal - 429474",Kolkata,West Bengal,+91-9617240629,,Homemaker,Indian,"[""Mole on chin"", ""Scar on right palm""]","[{""id_type"": ""AADHAAR"", ""id_number"": ""8768-4856-4391""}, {""id_type"": ""PAN"", ""id_number"": ""SPPJI8004B""}]",2026-08-31T18:53:35.115270,2026-08-31T18:53:35.115272
PERSON-000086,Chandan Deshmukh,MALE,1997-11-13,28,"335, MG Road, Sector 22, Jaipur, Rajasthan - 565630",Jaipur,Rajasthan,+91-9867365914,,Teacher,Indian,[],"[{""id_type"": ""AADHAAR"", ""id_number"": ""2475-1700-5857""}, {""id_type"": ""PAN"", ""id_number"": ""KWZGK3199Q""}]",2026-08-31T18:53:35.115296,2026-08-31T18:53:35.115299
PERSON-000087,Vandana Das,FEMALE,1984-06-19,42,"854, MG Road, Sector 18, Lucknow, Uttar Pradesh - 450524",Lucknow,Uttar Pradesh,+91-9913882979,,Farmer,Indian,"[""Mole on left cheek"", ""Scar on right palm""]","[{""id_type"": ""AADHAAR"", ""id_number"": ""8015-1568-3516""}, {""id_type"": ""PAN"", ""id_number"": ""OSGTV4884G""}]",2026-08-31T18:53:35.115377,2026-08-31T18:53:35.115380
PERSON-000088,Nilesh Chauhan,MALE,1986-08-03,40,"929, MG Road, Sector 19, Ahmedabad, Gujarat - 513831",Ahmedabad,Gujarat,+91-9159750184,nilesh.chauhan88@mail.com,Real Estate Agent,Indian,[],"[{""id_type"": ""AADHAAR"", ""id_number"": ""3897-2904-2367""}, {""id_type"": ""PAN"", ""id_number"": ""BHEGJ1836A""}]",2026-08-31T18:53:35.115412,2026-08-31T18:53:35.115415
PERSON-000089,Vidya Pandey,FEMALE,1961-05-26,65,"625, MG Road, Sector 30, Central Delhi, Delhi - 472964",Central Delhi,Delhi,+91-9939396584,,Real Estate Agent,Indian,"[""Mole on forehead"", ""Scar on left knee""]","[{""id_type"": ""AADHAAR"", ""id_number"": ""8339-7591-6726""}, {""id_type"": ""PAN"", ""id_number"": ""QOSPA9284R""}]",2026-08-31T18:53:35.115449,2026-08-31T18:53:35.115451
PERSON-000090,Anand Shukla,MALE,1952-07-05,74,"766, MG Road, Sector 11, Pune, Maharashtra - 691464",Pune,Maharashtra,+91-9643944236,,Civil Engineer,Indian,[],"[{""id_type"": ""AADHAAR"", ""id_number"": ""3121-8798-9703""}, {""id_type"": ""PAN"", ""id_number"": ""ACYLX7303M""}]",2026-08-31T18:53:35.115482,2026-08-31T18:53:35.115485
PERSON-000091,Usha Mishra,FEMALE,1962-08-25,64,"870, MG Road, Sector 11, Mumbai, Maharashtra - 573501",Mumbai,Maharashtra,+91-9956753108,usha.mishra91@mail.com,Teacher,Indian,"[""Mole on forehead"", ""Scar on left knee""]","[{""id_type"": ""AADHAAR"", ""id_number"": ""7570-5858-5952""}, {""id_type"": ""PAN"", ""id_number"": ""JABDZ8104H""}]",2026-08-31T18:53:35.115524,2026-08-31T18:53:35.115527
PERSON-000092,Umesh Banerjee,MALE,1972-02-29,54,"143, MG Road, Sector 29, Chennai, Tamil Nadu - 461546",Chennai,Tamil Nadu,+91-9992170669,umesh.banerjee92@mail.com,Civil Engineer,Indian,[],"[{""id_type"": ""AADHAAR"", ""id_number"": ""5201-3726-7840""}, {""id_type"": ""PAN"", ""id_number"": ""WKLLK5956D""}]",2026-08-31T18:53:35.115560,2026-08-31T18:53:35.115563
PERSON-000093,Indu Singh,FEMALE,2005-05-01,21,"161, MG Road, Sector 1, Central Delhi, Delhi - 460846",Central Delhi,Delhi,+91-9216297874,indu.singh93@mail.com,Student,Indian,[],"[{""id_type"": ""AADHAAR"", ""id_number"": ""9525-2200-9799""}, {""id_type"": ""PAN"", ""id_number"": ""FUIGW1208M""}]",2026-08-31T18:53:35.115596,2026-08-31T18:53:35.115598
PERSON-000094,Asha Tiwari,FEMALE,1951-08-10,75,"823, MG Road, Sector 2, Lucknow, Uttar Pradesh - 555710",Lucknow,Uttar Pradesh,+91-9646225886,asha.tiwari94@mail.com,Teacher,Indian,[],"[{""id_type"": ""AADHAAR"", ""id_number"": ""4383-8377-9281""}, {""id_type"": ""PAN"", ""id_number"": ""SKTCM3654R""}]",2026-08-31T18:53:35.115632,2026-08-31T18:53:35.115635
PERSON-000095,Lata Sharma,FEMALE,1953-05-17,73,"126, MG Road, Sector 3, Lucknow, Uttar Pradesh - 541083",Lucknow,Uttar Pradesh,+91-9330873214,lata.sharma95@mail.com,Lawyer,Indian,[],"[{""id_type"": ""AADHAAR"", ""id_number"": ""2293-2582-6315""}, {""id_type"": ""PAN"", ""id_number"": ""VOWJH4890Y""}]",2026-08-31T18:53:35.115665,2026-08-31T18:53:35.115669
PERSON-000096,Aditya Dubey,MALE,1975-05-25,51,"801, MG Road, Sector 4, Lucknow, Uttar Pradesh - 633528",Lucknow,Uttar Pradesh,+91-9392125568,,Unemployed,Indian,"[""Mole on chin"", ""Scar on forehead""]","[{""id_type"": ""AADHAAR"", ""id_number"": ""7218-8082-4579""}, {""id_type"": ""PAN"", ""id_number"": ""ZQXYN6840L""}]",2026-08-31T18:53:35.115702,2026-08-31T18:53:35.115704
PERSON-000097,Nandini Bhatt,FEMALE,1972-11-26,53,"788, MG Road, Sector 14, Thiruvananthapuram, Kerala - 610133",Thiruvananthapuram,Kerala,+91-9480058400,nandini.bhatt97@mail.com,Lawyer,Indian,"[""Mole on chin"", ""Scar on right palm""]","[{""id_type"": ""AADHAAR"", ""id_number"": ""8458-3774-9293""}, {""id_type"": ""PAN"", ""id_number"": ""DGQMS4000U""}]",2026-08-31T18:53:35.115741,2026-08-31T18:53:35.115744
PERSON-000098,Rajesh Tripathi,MALE,1984-06-08,42,"383, MG Road, Sector 4, Pune, Maharashtra - 499683",Pune,Maharashtra,+91-9118458391,,Doctor,Indian,[],"[{""id_type"": ""AADHAAR"", ""id_number"": ""5536-6288-1886""}, {""id_type"": ""PAN"", ""id_number"": ""OMGZH7262M""}]",2026-08-31T18:53:35.115773,2026-08-31T18:53:35.115776
PERSON-000099,Swati Pillai,FEMALE,1973-10-14,52,"7, MG Road, Sector 22, Lucknow, Uttar Pradesh - 527325",Lucknow,Uttar Pradesh,+91-9896960199,swati.pillai99@mail.com,Teacher,Indian,"[""Mole on chin"", ""Scar on right palm""]","[{""id_type"": ""AADHAAR"", ""id_number"": ""7840-5921-9388""}, {""id_type"": ""PAN"", ""id_number"": ""LQAQU5960V""}]",2026-08-31T18:53:35.115808,2026-08-31T18:53:35.115811
PERSON-000100,Manoj Patel,MALE,1999-11-22,26,"40, MG Road, Sector 13, Bangalore, Karnataka - 549054",Bangalore,Karnataka,+91-9178429277,,Shopkeeper,Indian,"[""Mole on chin"", ""Scar on forehead""]","[{""id_type"": ""AADHAAR"", ""id_number"": ""3717-1979-1540""}, {""id_type"": ""PAN"", ""id_number"": ""MBUHB9819G""}]",2026-08-31T18:53:35.115842,2026-08-31T18:53:35.115845
PERSON-000101,Manish Bansal,MALE,1984-08-10,42,"344, MG Road, Sector 20, Jaipur, Rajasthan - 610508",Jaipur,Rajasthan,+91-9598454009,manish.bansal101@mail.com,Driver,Indian,[],"[{""id_type"": ""AADHAAR"", ""id_number"": ""8918-9541-9875""}, {""id_type"": ""PAN"", ""id_number"": ""MWLSR1104A""}]",2026-08-31T18:53:35.115910,2026-08-31T18:53:35.115913
PERSON-000102,Sachin Dutta,MALE,1986-07-09,40,"984, MG Road, Sector 20, Jaipur, Rajasthan - 587901",Jaipur,Rajasthan,+91-9240595927,sachin.dutta102@mail.com,Businessman,Indian,"[""Mole on right shoulder"", ""Scar on left knee""]","[{""id_type"": ""AADHAAR"", ""id_number"": ""2421-9104-5767""}, {""id_type"": ""PAN"", ""id_number"": ""YWHUJ5866K""}]",2026-08-31T18:53:35.115951,2026-08-31T18:53:35.115953
PERSON-000103,Ashok Bhowmick,MALE,1962-04-30,64,"130, MG Road, Sector 20, Ahmedabad, Gujarat - 486915",Ahmedabad,Gujarat,+91-9616189754,ashok.bhowmick103@mail.com,Journalist,Indian,"[""Mole on chin"", ""Scar on forehead""]","[{""id_type"": ""AADHAAR"", ""id_number"": ""3891-4465-7665""}, {""id_type"": ""PAN"", ""id_number"": ""BARYY5288M""}]",2026-08-31T18:53:35.115987,2026-08-31T18:53:35.115990
PERSON-000104,Prachi Bhowmick,FEMALE,2003-05-02,23,"36, MG Road, Sector 4, Thiruvananthapuram, Kerala - 455958",Thiruvananthapuram,Kerala,+91-9124429496,prachi.bhowmick104@mail.com,Electrician,Indian,"[""Mole on left cheek"", ""Scar on left knee""]","[{""id_type"": ""AADHAAR"", ""id_number"": ""8727-7595-5952""}, {""id_type"": ""PAN"", ""id_number"": ""UZITI9392Q""}]",2026-08-31T18:53:35.116022,2026-08-31T18:53:35.116025
PERSON-000105,Anita Mehta,FEMALE,1984-03-06,42,"345, MG Road, Sector 19, Jaipur, Rajasthan - 417498",Jaipur,Rajasthan,+91-9710370186,,Homemaker,Indian,"[""Mole on forehead"", ""Scar on right palm""]","[{""id_type"": ""AADHAAR"", ""id_number"": ""3887-8057-8312""}, {""id_type"": ""PAN"", ""id_number"": ""JSQYT7277Y""}]",2026-08-31T18:53:35.116056,2026-08-31T18:53:35.116059
PERSON-000106,Deepak Das,MALE,1974-01-02,52,"442, MG Road, Sector 19, Ahmedabad, Gujarat - 696710",Ahmedabad,Gujarat,+91-9768571806,deepak.das106@mail.com,Government Servant,Indian,"[""Mole on forehead"", ""Scar on left knee""]","[{""id_type"": ""AADHAAR"", ""id_number"": ""5888-8099-7485""}, {""id_type"": ""PAN"", ""id_number"": ""SYUMN2394J""}]",2026-08-31T18:53:35.116091,2026-08-31T18:53:35.116094
PERSON-000107,Tejal Patil,FEMALE,2004-02-17,22,"77, MG Road, Sector 4, Bangalore, Karnataka - 515658",Bangalore,Karnataka,+91-9493791891,,Farmer,Indian,[],"[{""id_type"": ""AADHAAR"", ""id_number"": ""3102-6441-7703""}, {""id_type"": ""PAN"", ""id_number"": ""JSXLF8960I""}]",2026-08-31T18:53:35.116129,2026-08-31T18:53:35.116132
PERSON-000108,Meera Shukla,FEMALE,1955-12-07,70,"907, MG Road, Sector 18, Jaipur, Rajasthan - 658847",Jaipur,Rajasthan,+91-9946175850,meera.shukla108@mail.com,Businessman,Indian,[],"[{""id_type"": ""AADHAAR"", ""id_number"": ""7190-2578-6260""}, {""id_type"": ""PAN"", ""id_number"": ""VMNDR5644O""}]",2026-08-31T18:53:35.116164,2026-08-31T18:53:35.116166
PERSON-000109,Deepak Kulkarni,MALE,1977-03-01,49,"23, MG Road, Sector 1, Kolkata, West Bengal - 541677",Kolkata,West Bengal,+91-9654596581,deepak.kulkarni109@mail.com,Government Servant,Indian,[],"[{""id_type"": ""AADHAAR"", ""id_number"": ""2023-5082-7232""}, {""id_type"": ""PAN"", ""id_number"": ""RVSDT4603K""}]",2026-08-31T18:53:35.116197,2026-08-31T18:53:35.116200
PERSON-000110,Vishal Saxena,MALE,1968-09-30,57,"76, MG Road, Sector 16, Bangalore, Karnataka - 589958",Bangalore,Karnataka,+91-9114617218,,Teacher,Indian,[],"[{""id_type"": ""AADHAAR"", ""id_number"": ""7771-8412-5689""}, {""id_type"": ""PAN"", ""id_number"": ""IZZEH8661A""}]",2026-08-31T18:53:35.116232,2026-08-31T18:53:35.116235
PERSON-000111,Kiran Agarwal,FEMALE,2001-11-02,24,"518, MG Road, Sector 20, Central Delhi, Delhi - 644482",Central Delhi,Delhi,+91-9244330164,kiran.agarwal111@mail.com,Mechanic,Indian,"[""Mole on right shoulder"", ""Scar on left knee""]","[{""id_type"": ""AADHAAR"", ""id_number"": ""7141-9273-8024""}, {""id_type"": ""PAN"", ""id_number"": ""AHOCF1686I""}]",2026-08-31T18:53:35.116267,2026-08-31T18:53:35.116270
PERSON-000112,Madhu Banerjee,FEMALE,1963-02-18,63,"269, MG Road, Sector 5, Kolkata, West Bengal - 595500",Kolkata,West Bengal,+91-9217893880,,Farmer,Indian,"[""Mole on chin"", ""Scar on right palm""]","[{""id_type"": ""AADHAAR"", ""id_number"": ""2251-9101-1794""}, {""id_type"": ""PAN"", ""id_number"": ""YDLAF5555K""}]",2026-08-31T18:53:35.116308,2026-08-31T18:53:35.116311
PERSON-000113,Sunil Joshi,MALE,1990-09-06,36,"492, MG Road, Sector 10, Central Delhi, Delhi - 641076",Central Delhi,Delhi,+91-9950611481,sunil.joshi113@mail.com,Software Engineer,Indian,[],"[{""id_type"": ""AADHAAR"", ""id_number"": ""6432-4178-2429""}, {""id_type"": ""PAN"", ""id_number"": ""KHNCF6877W""}]",2026-08-31T18:53:35.116346,2026-08-31T18:53:35.116349
PERSON-000114,Priya Chauhan,FEMALE,1963-03-11,63,"991, MG Road, Sector 2, Lucknow, Uttar Pradesh - 622949",Lucknow,Uttar Pradesh,+91-9908149866,priya.chauhan114@mail.com,Journalist,Indian,[],"[{""id_type"": ""AADHAAR"", ""id_number"": ""2298-6131-3445""}, {""id_type"": ""PAN"", ""id_number"": ""TBMIC3043N""}]",2026-08-31T18:53:35.116429,2026-08-31T18:53:35.116433
PERSON-000115,Mahesh Chauhan,MALE,1982-03-03,44,"389, MG Road, Sector 10, Mumbai, Maharashtra - 452590",Mumbai,Maharashtra,+91-9309901616,,Student,Indian,[],"[{""id_type"": ""AADHAAR"", ""id_number"": ""6087-5888-4562""}, {""id_type"": ""PAN"", ""id_number"": ""JQGUU1762J""}]",2026-08-31T18:53:35.116465,2026-08-31T18:53:35.116468
PERSON-000116,Tanja Rao,FEMALE,1960-04-24,66,"301, MG Road, Sector 29, Lucknow, Uttar Pradesh - 610753",Lucknow,Uttar Pradesh,+91-9463812718,tanja.rao116@mail.com,Student,Indian,"[""Mole on right shoulder"", ""Scar on right palm""]","[{""id_type"": ""AADHAAR"", ""id_number"": ""6477-2480-5435""}, {""id_type"": ""PAN"", ""id_number"": ""PQXFY8215O""}]",2026-08-31T18:53:35.116500,2026-08-31T18:53:35.116503
PERSON-000117,Sneha Agarwal,FEMALE,1988-04-16,38,"333, MG Road, Sector 29, Kolkata, West Bengal - 560299",Kolkata,West Bengal,+91-9460983914,sneha.agarwal117@mail.com,Accountant,Indian,"[""Mole on chin"", ""Scar on right palm""]","[{""id_type"": ""AADHAAR"", ""id_number"": ""8933-9392-9810""}, {""id_type"": ""PAN"", ""id_number"": ""UFMVA4949B""}]",2026-08-31T18:53:35.116546,2026-08-31T18:53:35.116549
PERSON-000118,Ananya Bansal,FEMALE,2006-10-06,19,"484, MG Road, Sector 2, Jaipur, Rajasthan - 538383",Jaipur,Rajasthan,+91-9583604125,ananya.bansal118@mail.com,Civil Engineer,Indian,[],"[{""id_type"": ""AADHAAR"", ""id_number"": ""3409-1451-1287""}, {""id_type"": ""PAN"", ""id_number"": ""FSUXP7964N""}]",2026-08-31T18:53:35.116579,2026-08-31T18:53:35.116582
PERSON-000119,Rajesh Patil,MALE,1959-12-30,66,"758, MG Road, Sector 11, Kolkata, West Bengal - 627778",Kolkata,West Bengal,+91-9682953355,rajesh.patil119@mail.com,Software Engineer,Indian,[],"[{""id_type"": ""AADHAAR"", ""id_number"": ""5768-7240-2599""}, {""id_type"": ""PAN"", ""id_number"": ""HRKWL1995A""}]",2026-08-31T18:53:35.116610,2026-08-31T18:53:35.116612
PERSON-000120,Uma Agarwal,FEMALE,1977-03-25,49,"543, MG Road, Sector 1, Jaipur, Rajasthan - 542377",Jaipur,Rajasthan,+91-9669499143,uma.agarwal120@mail.com,Unemployed,Indian,"[""Mole on chin"", ""Scar on right palm""]","[{""id_type"": ""AADHAAR"", ""id_number"": ""4026-8805-4050""}, {""id_type"": ""PAN"", ""id_number"": ""HNADM5241Y""}]",2026-08-31T18:53:35.116643,2026-08-31T18:53:35.116646
PERSON-000121,Dinesh Naidu,MALE,1994-10-08,31,"711, MG Road, Sector 25, Central Delhi, Delhi - 674353",Central Delhi,Delhi,+91-9816070154,dinesh.naidu121@mail.com,Businessman,Indian,"[""Mole on left cheek"", ""Scar on forehead""]","[{""id_type"": ""AADHAAR"", ""id_number"": ""3583-9658-8227""}, {""id_type"": ""PAN"", ""id_number"": ""ZMPHX9008S""}]",2026-08-31T18:53:35.116680,2026-08-31T18:53:35.116684
PERSON-000122,Geeta Joshi,FEMALE,1962-01-07,64,"410, MG Road, Sector 25, Bangalore, Karnataka - 577301",Bangalore,Karnataka,+91-9593400418,geeta.joshi122@mail.com,Driver,Indian,[],"[{""id_type"": ""AADHAAR"", ""id_number"": ""2613-4978-2434""}, {""id_type"": ""PAN"", ""id_number"": ""NFJDW3725L""}]",2026-08-31T18:53:35.116721,2026-08-31T18:53:35.116724
PERSON-000123,Rohan Rao,MALE,1961-08-19,65,"744, MG Road, Sector 10, Ahmedabad, Gujarat - 615969",Ahmedabad,Gujarat,+91-9170644987,rohan.rao123@mail.com,Bank Employee,Indian,"[""Mole on right shoulder"", ""Scar on forehead""]","[{""id_type"": ""AADHAAR"", ""id_number"": ""5584-2876-3802""}, {""id_type"": ""PAN"", ""id_number"": ""GYTCJ4151L""}]",2026-08-31T18:53:35.116759,2026-08-31T18:53:35.116762
PERSON-000124,Deepa Dubey,FEMALE,1978-02-28,48,"408, MG Road, Sector 29, Bangalore, Karnataka - 696087",Bangalore,Karnataka,+91-9447894214,deepa.dubey124@mail.com,Accountant,Indian,[],"[{""id_type"": ""AADHAAR"", ""id_number"": ""4891-5606-5532""}, {""id_type"": ""PAN"", ""id_number"": ""OJKCI8245Y""}]",2026-08-31T18:53:35.116792,2026-08-31T18:53:35.116796
PERSON-000125,Vandana Srivastava,FEMALE,2003-10-13,22,"460, MG Road, Sector 2, Lucknow, Uttar Pradesh - 632413",Lucknow,Uttar Pradesh,+91-9390206290,,Accountant,Indian,"[""Mole on right shoulder"", ""Scar on forehead""]","[{""id_type"": ""AADHAAR"", ""id_number"": ""8656-4864-3939""}, {""id_type"": ""PAN"", ""id_number"": ""BYIQZ8687G""}]",2026-08-31T18:53:35.116830,2026-08-31T18:53:35.116833
PERSON-000126,Ganesh Banerjee,MALE,1973-03-16,53,"505, MG Road, Sector 24, Jaipur, Rajasthan - 587111",Jaipur,Rajasthan,+91-9667322075,ganesh.banerjee126@mail.com,Bank Employee,Indian,[],"[{""id_type"": ""AADHAAR"", ""id_number"": ""7300-5872-4252""}, {""id_type"": ""PAN"", ""id_number"": ""KYVNQ3070G""}]",2026-08-31T18:53:35.116863,2026-08-31T18:53:35.116866
PERSON-000127,Mohan Shetty,MALE,1965-06-06,61,"54, MG Road, Sector 26, Central Delhi, Delhi - 526708",Central Delhi,Delhi,+91-9493118618,mohan.shetty127@mail.com,Teacher,Indian,[],"[{""id_type"": ""AADHAAR"", ""id_number"": ""5030-8141-6093""}, {""id_type"": ""PAN"", ""id_number"": ""AGTNO1006A""}]",2026-08-31T18:53:35.116897,2026-08-31T18:53:35.116899
PERSON-000128,Vijay Tiwari,MALE,1968-10-07,57,"833, MG Road, Sector 17, Bangalore, Karnataka - 678758",Bangalore,Karnataka,+91-9208458372,vijay.tiwari128@mail.com,Driver,Indian,[],"[{""id_type"": ""AADHAAR"", ""id_number"": ""3266-6453-5089""}, {""id_type"": ""PAN"", ""id_number"": ""SROWA6192Q""}]",2026-08-31T18:53:35.116969,2026-08-31T18:53:35.116981
PERSON-000129,Asha Deshmukh,FEMALE,1968-01-20,58,"122, MG Road, Sector 1, Jaipur, Rajasthan - 594487",Jaipur,Rajasthan,+91-9721969614,asha.deshmukh129@mail.com,Civil Engineer,Indian,[],"[{""id_type"": ""AADHAAR"", ""id_number"": ""7898-9579-3011""}, {""id_type"": ""PAN"", ""id_number"": ""WYXCO8037A""}]",2026-08-31T18:53:35.117013,2026-08-31T18:53:35.117016
PERSON-000130,Manoj Banerjee,MALE,1963-03-08,63,"80, MG Road, Sector 30, Jaipur, Rajasthan - 653098",Jaipur,Rajasthan,+91-9950523273,,Software Engineer,Indian,"[""Mole on forehead"", ""Scar on right palm""]","[{""id_type"": ""AADHAAR"", ""id_number"": ""6810-3539-5209""}, {""id_type"": ""PAN"", ""id_number"": ""YJKCO3279V""}]",2026-08-31T18:53:35.117051,2026-08-31T18:53:35.117054
PERSON-000131,Jitendra Dubey,MALE,1970-10-06,55,"799, MG Road, Sector 23, Pune, Maharashtra - 619700",Pune,Maharashtra,+91-9130034328,jitendra.dubey131@mail.com,Teacher,Indian,"[""Mole on right shoulder"", ""Scar on forehead""]","[{""id_type"": ""AADHAAR"", ""id_number"": ""3083-4114-6151""}, {""id_type"": ""PAN"", ""id_number"": ""NOPJI7113Q""}]",2026-08-31T18:53:35.117085,2026-08-31T18:53:35.117088
PERSON-000132,Vijay Patil,MALE,1978-04-19,48,"829, MG Road, Sector 26, Jaipur, Rajasthan - 601956",Jaipur,Rajasthan,+91-9113624303,vijay.patil132@mail.com,Security Guard,Indian,[],"[{""id_type"": ""AADHAAR"", ""id_number"": ""2375-5981-7425""}, {""id_type"": ""PAN"", ""id_number"": ""AKVKF4411X""}]",2026-08-31T18:53:35.117117,2026-08-31T18:53:35.117120
PERSON-000133,Asha Nair,FEMALE,2002-10-31,23,"892, MG Road, Sector 26, Pune, Maharashtra - 584650",Pune,Maharashtra,+91-9346113885,asha.nair133@mail.com,Mechanic,Indian,"[""Mole on chin"", ""Scar on right palm""]","[{""id_type"": ""AADHAAR"", ""id_number"": ""2597-2746-8952""}, {""id_type"": ""PAN"", ""id_number"": ""UDAZH3416B""}]",2026-08-31T18:53:35.117160,2026-08-31T18:53:35.117162
PERSON-000134,Bhavna Bansal,FEMALE,1968-10-07,57,"254, MG Road, Sector 8, Lucknow, Uttar Pradesh - 479970",Lucknow,Uttar Pradesh,+91-9204694017,bhavna.bansal134@mail.com,Journalist,Indian,[],"[{""id_type"": ""AADHAAR"", ""id_number"": ""7286-5096-5150""}, {""id_type"": ""PAN"", ""id_number"": ""SRDLU3262N""}]",2026-08-31T18:53:35.117197,2026-08-31T18:53:35.117200
PERSON-000135,Aditya Shetty,MALE,1960-03-30,66,"787, MG Road, Sector 23, Thiruvananthapuram, Kerala - 494259",Thiruvananthapuram,Kerala,+91-9771406474,aditya.shetty135@mail.com,Teacher,Indian,"[""Mole on chin"", ""Scar on right palm""]","[{""id_type"": ""AADHAAR"", ""id_number"": ""9906-7309-6116""}, {""id_type"": ""PAN"", ""id_number"": ""YIWJO7503F""}]",2026-08-31T18:53:35.117232,2026-08-31T18:53:35.117235
PERSON-000136,Varun Naidu,MALE,2000-11-12,25,"799, MG Road, Sector 4, Pune, Maharashtra - 485187",Pune,Maharashtra,+91-9422420556,varun.naidu136@mail.com,Civil Engineer,Indian,"[""Mole on forehead"", ""Scar on forehead""]","[{""id_type"": ""AADHAAR"", ""id_number"": ""3061-9187-9644""}, {""id_type"": ""PAN"", ""id_number"": ""JZBBM8999A""}]",2026-08-31T18:53:35.117268,2026-08-31T18:53:35.117271
PERSON-000137,Vandana Tiwari,FEMALE,1975-04-03,51,"887, MG Road, Sector 26, Ahmedabad, Gujarat - 533030",Ahmedabad,Gujarat,+91-9694416518,vandana.tiwari137@mail.com,Contractor,Indian,[],"[{""id_type"": ""AADHAAR"", ""id_number"": ""4022-9222-8351""}, {""id_type"": ""PAN"", ""id_number"": ""IYLLZ2072U""}]",2026-08-31T18:53:35.117313,2026-08-31T18:53:35.117316
PERSON-000138,Ritu Bansal,FEMALE,2005-04-04,21,"258, MG Road, Sector 23, Bangalore, Karnataka - 469523",Bangalore,Karnataka,+91-9403862630,ritu.bansal138@mail.com,Mechanic,Indian,"[""Mole on chin"", ""Scar on left knee""]","[{""id_type"": ""AADHAAR"", ""id_number"": ""4614-9948-3545""}, {""id_type"": ""PAN"", ""id_number"": ""WGYMH4513O""}]",2026-08-31T18:53:35.117356,2026-08-31T18:53:35.117359
PERSON-000139,Hitesh Pandey,MALE,1968-06-18,58,"204, MG Road, Sector 14, Lucknow, Uttar Pradesh - 448289",Lucknow,Uttar Pradesh,+91-9518303858,hitesh.pandey139@mail.com,Bank Employee,Indian,"[""Mole on right shoulder"", ""Scar on right palm""]","[{""id_type"": ""AADHAAR"", ""id_number"": ""9047-2284-9859""}, {""id_type"": ""PAN"", ""id_number"": ""PQPVU4598U""}]",2026-08-31T18:53:35.117391,2026-08-31T18:53:35.117393
PERSON-000140,Bhaskar Dubey,MALE,1952-01-23,74,"907, MG Road, Sector 29, Chennai, Tamil Nadu - 436672",Chennai,Tamil Nadu,+91-9923159649,bhaskar.dubey140@mail.com,Government Servant,Indian,"[""Mole on chin"", ""Scar on right palm""]","[{""id_type"": ""AADHAAR"", ""id_number"": ""8128-3276-4884""}, {""id_type"": ""PAN"", ""id_number"": ""IGAYD8566R""}]",2026-08-31T18:53:35.117424,2026-08-31T18:53:35.117426
PERSON-000141,Tarun Shetty,MALE,1957-03-27,69,"750, MG Road, Sector 29, Mumbai, Maharashtra - 619669",Mumbai,Maharashtra,+91-9172357162,tarun.shetty141@mail.com,Journalist,Indian,[],"[{""id_type"": ""AADHAAR"", ""id_number"": ""9749-4214-6245""}, {""id_type"": ""PAN"", ""id_number"": ""CDDEH2268K""}]",2026-08-31T18:53:35.117879,2026-08-31T18:53:35.117885
PERSON-000142,Ramesh Patil,MALE,1979-07-11,47,"406, MG Road, Sector 10, Thiruvananthapuram, Kerala - 426792",Thiruvananthapuram,Kerala,+91-9197168309,ramesh.patil142@mail.com,Student,Indian,[],"[{""id_type"": ""AADHAAR"", ""id_number"": ""8081-1887-9678""}, {""id_type"": ""PAN"", ""id_number"": ""KGEYP8645J""}]",2026-08-31T18:53:35.117992,2026-08-31T18:53:35.117998
PERSON-000143,Swati Singh,FEMALE,1951-04-26,75,"482, MG Road, Sector 19, Jaipur, Rajasthan - 434673",Jaipur,Rajasthan,+91-9128147002,,Unemployed,Indian,"[""Mole on right shoulder"", ""Scar on left knee""]","[{""id_type"": ""AADHAAR"", ""id_number"": ""8647-1612-8330""}, {""id_type"": ""PAN"", ""id_number"": ""NXZZS1203Z""}]",2026-08-31T18:53:35.118065,2026-08-31T18:53:35.118069
PERSON-000144,Meena Rao,FEMALE,1971-11-18,54,"820, MG Road, Sector 25, Jaipur, Rajasthan - 478742",Jaipur,Rajasthan,+91-9418272821,meena.rao144@mail.com,Electrician,Indian,[],"[{""id_type"": ""AADHAAR"", ""id_number"": ""9035-9801-8235""}, {""id_type"": ""PAN"", ""id_number"": ""ZFEUI9203D""}]",2026-08-31T18:53:35.118114,2026-08-31T18:53:35.118118
PERSON-000145,Rahul Reddy,MALE,1970-06-01,56,"852, MG Road, Sector 25, Jaipur, Rajasthan - 497235",Jaipur,Rajasthan,+91-9767280474,rahul.reddy145@mail.com,Bank Employee,Indian,"[""Mole on right shoulder"", ""Scar on forehead""]","[{""id_type"": ""AADHAAR"", ""id_number"": ""9796-5355-8750""}, {""id_type"": ""PAN"", ""id_number"": ""VQSYF8615I""}]",2026-08-31T18:53:35.118161,2026-08-31T18:53:35.118165
PERSON-000146,Kiran Naidu,FEMALE,1981-11-16,44,"778, MG Road, Sector 5, Chennai, Tamil Nadu - 433298",Chennai,Tamil Nadu,+91-9395832110,,Civil Engineer,Indian,[],"[{""id_type"": ""AADHAAR"", ""id_number"": ""4588-5296-4547""}, {""id_type"": ""PAN"", ""id_number"": ""FIOOA5616F""}]",2026-08-31T18:53:35.118202,2026-08-31T18:53:35.118206
PERSON-000147,Prachi Patil,FEMALE,1970-09-21,55,"627, MG Road, Sector 28, Kolkata, West Bengal - 598740",Kolkata,West Bengal,+91-9241267435,,Unemployed,Indian,"[""Mole on chin"", ""Scar on left knee""]","[{""id_type"": ""AADHAAR"", ""id_number"": ""6904-6041-1337""}, {""id_type"": ""PAN"", ""id_number"": ""KCTCN7555Y""}]",2026-08-31T18:53:35.118245,2026-08-31T18:53:35.118250
PERSON-000148,Arjun Kumar,MALE,1951-03-23,75,"841, MG Road, Sector 5, Bangalore, Karnataka - 400166",Bangalore,Karnataka,+91-9551318490,arjun.kumar148@mail.com,Software Engineer,Indian,"[""Mole on right shoulder"", ""Scar on right palm""]","[{""id_type"": ""AADHAAR"", ""id_number"": ""4154-5936-2455""}, {""id_type"": ""PAN"", ""id_number"": ""GREYR4147H""}]",2026-08-31T18:53:35.118301,2026-08-31T18:53:35.118305
PERSON-000149,Anita Bhatt,FEMALE,1971-01-15,55,"954, MG Road, Sector 14, Lucknow, Uttar Pradesh - 459701",Lucknow,Uttar Pradesh,+91-9645136495,,Unemployed,Indian,"[""Mole on left cheek"", ""Scar on left knee""]","[{""id_type"": ""AADHAAR"", ""id_number"": ""4490-8563-5103""}, {""id_type"": ""PAN"", ""id_number"": ""QRTNJ3433W""}]",2026-08-31T18:53:35.118348,2026-08-31T18:53:35.118352
PERSON-000150,Krutika Mehta,FEMALE,1958-09-10,68,"558, MG Road, Sector 3, Chennai, Tamil Nadu - 492775",Chennai,Tamil Nadu,+91-9935146843,,Student,Indian,"[""Mole on chin"", ""Scar on right palm""]","[{""id_type"": ""AADHAAR"", ""id_number"": ""7858-7774-2937""}, {""id_type"": ""PAN"", ""id_number"": ""QSYXK4604N""}]",2026-08-31T18:53:35.118397,2026-08-31T18:53:35.118401
PERSON-000151,Geeta Das,FEMALE,1954-08-23,72,"998, MG Road, Sector 30, Pune, Maharashtra - 558539",Pune,Maharashtra,+91-9483094048,,Farmer,Indian,[],"[{""id_type"": ""AADHAAR"", ""id_number"": ""6583-9950-6098""}, {""id_type"": ""PAN"", ""id_number"": ""HLBIP4358N""}]",2026-08-31T18:53:35.118437,2026-08-31T18:53:35.118614
PERSON-000152,Lata Pillai,FEMALE,1995-01-21,31,"389, MG Road, Sector 5, Jaipur, Rajasthan - 499470",Jaipur,Rajasthan,+91-9480700473,lata.pillai152@mail.com,Electrician,Indian,[],"[{""id_type"": ""AADHAAR"", ""id_number"": ""5603-9960-7070""}, {""id_type"": ""PAN"", ""id_number"": ""NNKQW7986H""}]",2026-08-31T18:53:35.118680,2026-08-31T18:53:35.118684
PERSON-000153,Manju Naidu,FEMALE,1988-04-29,38,"755, MG Road, Sector 10, Ahmedabad, Gujarat - 565076",Ahmedabad,Gujarat,+91-9398935816,manju.naidu153@mail.com,Doctor,Indian,[],"[{""id_type"": ""AADHAAR"", ""id_number"": ""6900-3092-9536""}, {""id_type"": ""PAN"", ""id_number"": ""AVWKP3118U""}]",2026-08-31T18:53:35.118732,2026-08-31T18:53:35.118735
PERSON-000154,Vishal Mishra,MALE,1952-12-25,73,"364, MG Road, Sector 15, Kolkata, West Bengal - 692230",Kolkata,West Bengal,+91-9369569593,vishal.mishra154@mail.com,Journalist,Indian,[],"[{""id_type"": ""AADHAAR"", ""id_number"": ""4932-5312-4519""}, {""id_type"": ""PAN"", ""id_number"": ""XKKPP6240M""}]",2026-08-31T18:53:35.118771,2026-08-31T18:53:35.118774
PERSON-000155,Asha Gupta,FEMALE,1983-01-14,43,"836, MG Road, Sector 24, Chennai, Tamil Nadu - 484924",Chennai,Tamil Nadu,+91-9792167392,,Student,Indian,"[""Mole on right shoulder"", ""Scar on forehead""]","[{""id_type"": ""AADHAAR"", ""id_number"": ""8446-6697-3277""}, {""id_type"": ""PAN"", ""id_number"": ""LDDZM9667D""}]",2026-08-31T18:53:35.118808,2026-08-31T18:53:35.118811
PERSON-000156,Vinod Gowda,MALE,1973-03-27,53,"360, MG Road, Sector 29, Lucknow, Uttar Pradesh - 554503",Lucknow,Uttar Pradesh,+91-9972903941,vinod.gowda156@mail.com,Mechanic,Indian,[],"[{""id_type"": ""AADHAAR"", ""id_number"": ""5895-1484-8739""}, {""id_type"": ""PAN"", ""id_number"": ""XRRQX2162T""}]",2026-08-31T18:53:35.118841,2026-08-31T18:53:35.118843
PERSON-000157,Sneha Mishra,FEMALE,2002-05-16,24,"573, MG Road, Sector 17, Pune, Maharashtra - 699687",Pune,Maharashtra,+91-9681682444,sneha.mishra157@mail.com,Farmer,Indian,"[""Mole on chin"", ""Scar on right palm""]","[{""id_type"": ""AADHAAR"", ""id_number"": ""2425-7236-3059""}, {""id_type"": ""PAN"", ""id_number"": ""CEPEX8594X""}]",2026-08-31T18:53:35.118877,2026-08-31T18:53:35.118880
PERSON-000158,Geeta Rao,FEMALE,1970-01-19,56,"534, MG Road, Sector 18, Central Delhi, Delhi - 515904",Central Delhi,Delhi,+91-9780761108,geeta.rao158@mail.com,Electrician,Indian,[],"[{""id_type"": ""AADHAAR"", ""id_number"": ""5597-1759-4505""}, {""id_type"": ""PAN"", ""id_number"": ""TSEHU6468B""}]",2026-08-31T18:53:35.118908,2026-08-31T18:53:35.118933
PERSON-000159,Jyoti Pandey,FEMALE,1970-04-08,56,"686, MG Road, Sector 14, Lucknow, Uttar Pradesh - 640080",Lucknow,Uttar Pradesh,+91-9418938583,jyoti.pandey159@mail.com,Lawyer,Indian,[],"[{""id_type"": ""AADHAAR"", ""id_number"": ""8152-2407-6933""}, {""id_type"": ""PAN"", ""id_number"": ""WFGVB3365U""}]",2026-08-31T18:53:35.118977,2026-08-31T18:53:35.118981
PERSON-000160,Suresh Singh,MALE,1984-03-16,42,"19, MG Road, Sector 14, Jaipur, Rajasthan - 659908",Jaipur,Rajasthan,+91-9184167891,suresh.singh160@mail.com,Electrician,Indian,"[""Mole on chin"", ""Scar on right palm""]","[{""id_type"": ""AADHAAR"", ""id_number"": ""2612-6002-5478""}, {""id_type"": ""PAN"", ""id_number"": ""JONSF3285U""}]",2026-08-31T18:53:35.119014,2026-08-31T18:53:35.119017
PERSON-000161,Hitesh Bansal,MALE,1990-10-20,35,"533, MG Road, Sector 21, Pune, Maharashtra - 678427",Pune,Maharashtra,+91-9971170730,hitesh.bansal161@mail.com,Farmer,Indian,[],"[{""id_type"": ""AADHAAR"", ""id_number"": ""4582-5944-7902""}, {""id_type"": ""PAN"", ""id_number"": ""LRMUG1228F""}]",2026-08-31T18:53:35.119047,2026-08-31T18:53:35.119049
PERSON-000162,Aarti Chauhan,FEMALE,1980-04-09,46,"787, MG Road, Sector 4, Pune, Maharashtra - 460629",Pune,Maharashtra,+91-9631505612,,Bank Employee,Indian,[],"[{""id_type"": ""AADHAAR"", ""id_number"": ""4606-7514-7453""}, {""id_type"": ""PAN"", ""id_number"": ""FYPZK3886S""}]",2026-08-31T18:53:35.119080,2026-08-31T18:53:35.119083
PERSON-000163,Yogesh Nair,MALE,1969-08-02,57,"143, MG Road, Sector 2, Jaipur, Rajasthan - 687060",Jaipur,Rajasthan,+91-9532484461,,Civil Engineer,Indian,[],"[{""id_type"": ""AADHAAR"", ""id_number"": ""2739-4707-9658""}, {""id_type"": ""PAN"", ""id_number"": ""AKAPQ2218E""}]",2026-08-31T18:53:35.119119,2026-08-31T18:53:35.119122
PERSON-000164,Suman Iyer,FEMALE,1999-04-25,27,"956, MG Road, Sector 16, Kolkata, West Bengal - 647518",Kolkata,West Bengal,+91-9433585850,suman.iyer164@mail.com,Doctor,Indian,"[""Mole on left cheek"", ""Scar on left knee""]","[{""id_type"": ""AADHAAR"", ""id_number"": ""5237-4474-8421""}, {""id_type"": ""PAN"", ""id_number"": ""LXAGJ9796I""}]",2026-08-31T18:53:35.119161,2026-08-31T18:53:35.119163
PERSON-000165,Manju Singh,FEMALE,1956-04-07,70,"639, MG Road, Sector 13, Central Delhi, Delhi - 446235",Central Delhi,Delhi,+91-9877824887,,Accountant,Indian,"[""Mole on left cheek"", ""Scar on forehead""]","[{""id_type"": ""AADHAAR"", ""id_number"": ""7088-4175-6063""}, {""id_type"": ""PAN"", ""id_number"": ""HQXJW9465A""}]",2026-08-31T18:53:35.119196,2026-08-31T18:53:35.119199
PERSON-000166,Satish Chatterjee,MALE,1985-09-09,41,"875, MG Road, Sector 1, Mumbai, Maharashtra - 515403",Mumbai,Maharashtra,+91-9951615799,satish.chatterjee166@mail.com,Accountant,Indian,"[""Mole on chin"", ""Scar on left knee""]","[{""id_type"": ""AADHAAR"", ""id_number"": ""6745-3132-4978""}, {""id_type"": ""PAN"", ""id_number"": ""TMUWH9045G""}]",2026-08-31T18:53:35.119230,2026-08-31T18:53:35.119233
PERSON-000167,Ashok Kulkarni,MALE,2003-06-04,23,"979, MG Road, Sector 5, Bangalore, Karnataka - 522245",Bangalore,Karnataka,+91-9896144219,ashok.kulkarni167@mail.com,Shopkeeper,Indian,[],"[{""id_type"": ""AADHAAR"", ""id_number"": ""2992-4628-5199""}, {""id_type"": ""PAN"", ""id_number"": ""CUFHG6330Y""}]",2026-08-31T18:53:35.119266,2026-08-31T18:53:35.119269
PERSON-000168,Mahesh Iyer,MALE,1961-12-11,64,"235, MG Road, Sector 10, Thiruvananthapuram, Kerala - 542427",Thiruvananthapuram,Kerala,+91-9266941548,mahesh.iyer168@mail.com,Student,Indian,[],"[{""id_type"": ""AADHAAR"", ""id_number"": ""9892-8641-1725""}, {""id_type"": ""PAN"", ""id_number"": ""ZGUKH2463F""}]",2026-08-31T18:53:35.119301,2026-08-31T18:53:35.119304
PERSON-000169,Geeta Banerjee,FEMALE,1959-07-14,67,"911, MG Road, Sector 2, Pune, Maharashtra - 520601",Pune,Maharashtra,+91-9518497565,,Journalist,Indian,"[""Mole on chin"", ""Scar on right palm""]","[{""id_type"": ""AADHAAR"", ""id_number"": ""9748-6403-9240""}, {""id_type"": ""PAN"", ""id_number"": ""XKYAK6229I""}]",2026-08-31T18:53:35.119341,2026-08-31T18:53:35.119344
PERSON-000170,Vikram Shukla,MALE,1976-12-30,49,"385, MG Road, Sector 20, Central Delhi, Delhi - 586099",Central Delhi,Delhi,+91-9218027304,vikram.shukla170@mail.com,Accountant,Indian,[],"[{""id_type"": ""AADHAAR"", ""id_number"": ""2230-9405-5391""}, {""id_type"": ""PAN"", ""id_number"": ""CDNBT1730W""}]",2026-08-31T18:53:35.119379,2026-08-31T18:53:35.119382
PERSON-000171,Ramesh Kumar,MALE,1952-07-27,74,"230, MG Road, Sector 2, Pune, Maharashtra - 456949",Pune,Maharashtra,+91-9460259983,,Software Engineer,Indian,[],"[{""id_type"": ""AADHAAR"", ""id_number"": ""3943-2627-2434""}, {""id_type"": ""PAN"", ""id_number"": ""MXSSQ7897G""}]",2026-08-31T18:53:35.119412,2026-08-31T18:53:35.119415
PERSON-000172,Yogesh Shah,MALE,1963-04-13,63,"371, MG Road, Sector 17, Thiruvananthapuram, Kerala - 430609",Thiruvananthapuram,Kerala,+91-9892027809,,Doctor,Indian,[],"[{""id_type"": ""AADHAAR"", ""id_number"": ""3004-9310-6841""}, {""id_type"": ""PAN"", ""id_number"": ""FQECI9861G""}]",2026-08-31T18:53:35.119493,2026-08-31T18:53:35.119497
PERSON-000173,Lata Das,FEMALE,1976-08-25,50,"730, MG Road, Sector 27, Chennai, Tamil Nadu - 619357",Chennai,Tamil Nadu,+91-9118719521,lata.das173@mail.com,Driver,Indian,"[""Mole on right shoulder"", ""Scar on left knee""]","[{""id_type"": ""AADHAAR"", ""id_number"": ""2503-3775-7383""}, {""id_type"": ""PAN"", ""id_number"": ""CFYCM6951X""}]",2026-08-31T18:53:35.119538,2026-08-31T18:53:35.119541
PERSON-000174,Ganesh Iyer,MALE,1983-11-09,42,"885, MG Road, Sector 28, Mumbai, Maharashtra - 598527",Mumbai,Maharashtra,+91-9813523799,ganesh.iyer174@mail.com,Farmer,Indian,"[""Mole on chin"", ""Scar on forehead""]","[{""id_type"": ""AADHAAR"", ""id_number"": ""8359-1694-8154""}, {""id_type"": ""PAN"", ""id_number"": ""KEYTF2829C""}]",2026-08-31T18:53:35.119581,2026-08-31T18:53:35.119584
PERSON-000175,Krutika Shah,FEMALE,1955-11-05,70,"937, MG Road, Sector 27, Pune, Maharashtra - 502125",Pune,Maharashtra,+91-9616075780,,Unemployed,Indian,"[""Mole on right shoulder"", ""Scar on left knee""]","[{""id_type"": ""AADHAAR"", ""id_number"": ""4417-3697-8708""}, {""id_type"": ""PAN"", ""id_number"": ""GJNYM1364I""}]",2026-08-31T18:53:35.119616,2026-08-31T18:53:35.119619
PERSON-000176,Nirmala Banerjee,FEMALE,1977-02-14,49,"147, MG Road, Sector 2, Pune, Maharashtra - 499642",Pune,Maharashtra,+91-9320783896,nirmala.banerjee176@mail.com,Student,Indian,[],"[{""id_type"": ""AADHAAR"", ""id_number"": ""6631-1880-3859""}, {""id_type"": ""PAN"", ""id_number"": ""JTTDF1631Q""}]",2026-08-31T18:53:35.119651,2026-08-31T18:53:35.119654
PERSON-000177,Sneha Mehta,FEMALE,1954-03-15,72,"424, MG Road, Sector 27, Chennai, Tamil Nadu - 582361",Chennai,Tamil Nadu,+91-9145707983,sneha.mehta177@mail.com,Teacher,Indian,[],"[{""id_type"": ""AADHAAR"", ""id_number"": ""8103-9363-2608""}, {""id_type"": ""PAN"", ""id_number"": ""QTEAE2852C""}]",2026-08-31T18:53:35.119686,2026-08-31T18:53:35.119689
PERSON-000178,Vishal Chauhan,MALE,1981-10-16,44,"617, MG Road, Sector 1, Chennai, Tamil Nadu - 451715",Chennai,Tamil Nadu,+91-9925544135,vishal.chauhan178@mail.com,Electrician,Indian,"[""Mole on chin"", ""Scar on forehead""]","[{""id_type"": ""AADHAAR"", ""id_number"": ""7985-8990-8234""}, {""id_type"": ""PAN"", ""id_number"": ""JFAXE9197W""}]",2026-08-31T18:53:35.119721,2026-08-31T18:53:35.119724
PERSON-000179,Yogesh Gupta,MALE,1967-04-07,59,"682, MG Road, Sector 20, Bangalore, Karnataka - 572699",Bangalore,Karnataka,+91-9993651528,yogesh.gupta179@mail.com,Mechanic,Indian,[],"[{""id_type"": ""AADHAAR"", ""id_number"": ""3069-6088-3747""}, {""id_type"": ""PAN"", ""id_number"": ""ZXRKX2538S""}]",2026-08-31T18:53:35.119755,2026-08-31T18:53:35.119757
PERSON-000180,Bhaskar Saxena,MALE,1963-11-15,62,"493, MG Road, Sector 16, Kolkata, West Bengal - 693769",Kolkata,West Bengal,+91-9825915161,,Doctor,Indian,[],"[{""id_type"": ""AADHAAR"", ""id_number"": ""4752-5205-9310""}, {""id_type"": ""PAN"", ""id_number"": ""VLKGQ1420G""}]",2026-08-31T18:53:35.119800,2026-08-31T18:53:35.119803
PERSON-000181,Chandan Patil,MALE,1969-12-21,56,"155, MG Road, Sector 28, Chennai, Tamil Nadu - 410170",Chennai,Tamil Nadu,+91-9524109878,chandan.patil181@mail.com,Journalist,Indian,"[""Mole on forehead"", ""Scar on forehead""]","[{""id_type"": ""AADHAAR"", ""id_number"": ""4138-6886-7099""}, {""id_type"": ""PAN"", ""id_number"": ""DEOOM5540M""}]",2026-08-31T18:53:35.119837,2026-08-31T18:53:35.119841
PERSON-000182,Vivek Patel,MALE,1996-01-01,30,"949, MG Road, Sector 20, Chennai, Tamil Nadu - 666796",Chennai,Tamil Nadu,+91-9701116756,vivek.patel182@mail.com,Accountant,Indian,"[""Mole on right shoulder"", ""Scar on left knee""]","[{""id_type"": ""AADHAAR"", ""id_number"": ""7032-7491-4087""}, {""id_type"": ""PAN"", ""id_number"": ""MFBQA3465I""}]",2026-08-31T18:53:35.119874,2026-08-31T18:53:35.119877
PERSON-000183,Jyoti Shetty,FEMALE,2004-01-15,22,"374, MG Road, Sector 26, Ahmedabad, Gujarat - 419741",Ahmedabad,Gujarat,+91-9450932916,jyoti.shetty183@mail.com,Security Guard,Indian,[],"[{""id_type"": ""AADHAAR"", ""id_number"": ""9045-5260-5034""}, {""id_type"": ""PAN"", ""id_number"": ""DDFVB2793L""}]",2026-08-31T18:53:35.119912,2026-08-31T18:53:35.119915
PERSON-000184,Pooja Dubey,FEMALE,2000-11-08,25,"703, MG Road, Sector 12, Chennai, Tamil Nadu - 491235",Chennai,Tamil Nadu,+91-9610031091,pooja.dubey184@mail.com,Lawyer,Indian,"[""Mole on chin"", ""Scar on forehead""]","[{""id_type"": ""AADHAAR"", ""id_number"": ""9267-4135-5298""}, {""id_type"": ""PAN"", ""id_number"": ""CYTEQ7131F""}]",2026-08-31T18:53:35.119948,2026-08-31T18:53:35.119951
PERSON-000185,Hitesh Rao,MALE,1980-12-14,45,"487, MG Road, Sector 16, Central Delhi, Delhi - 687345",Central Delhi,Delhi,+91-9520152246,hitesh.rao185@mail.com,Shopkeeper,Indian,[],"[{""id_type"": ""AADHAAR"", ""id_number"": ""2182-6653-2675""}, {""id_type"": ""PAN"", ""id_number"": ""KQHZQ7689J""}]",2026-08-31T18:53:35.120026,2026-08-31T18:53:35.120030
PERSON-000186,Aditya Mishra,MALE,1953-06-23,73,"160, MG Road, Sector 20, Kolkata, West Bengal - 416605",Kolkata,West Bengal,+91-9363052411,aditya.mishra186@mail.com,Civil Engineer,Indian,[],"[{""id_type"": ""AADHAAR"", ""id_number"": ""3231-9585-3635""}, {""id_type"": ""PAN"", ""id_number"": ""JXJNT6075C""}]",2026-08-31T18:53:35.120071,2026-08-31T18:53:35.120074
PERSON-000187,Neha Rao,FEMALE,2005-11-10,20,"762, MG Road, Sector 15, Chennai, Tamil Nadu - 494508",Chennai,Tamil Nadu,+91-9326308651,,Real Estate Agent,Indian,[],"[{""id_type"": ""AADHAAR"", ""id_number"": ""5655-6739-1873""}, {""id_type"": ""PAN"", ""id_number"": ""ZWIVK3958V""}]",2026-08-31T18:53:35.120103,2026-08-31T18:53:35.120106
PERSON-000188,Vikram Kulkarni,MALE,1951-07-29,75,"459, MG Road, Sector 30, Bangalore, Karnataka - 400148",Bangalore,Karnataka,+91-9400848613,,Civil Engineer,Indian,"[""Mole on left cheek"", ""Scar on left knee""]","[{""id_type"": ""AADHAAR"", ""id_number"": ""5357-7997-4358""}, {""id_type"": ""PAN"", ""id_number"": ""FDJZK1367Y""}]",2026-08-31T18:53:35.120137,2026-08-31T18:53:35.120140
PERSON-000189,Tarun Bhowmick,MALE,1996-01-04,30,"910, MG Road, Sector 12, Central Delhi, Delhi - 526236",Central Delhi,Delhi,+91-9510809639,tarun.bhowmick189@mail.com,Journalist,Indian,"[""Mole on right shoulder"", ""Scar on forehead""]","[{""id_type"": ""AADHAAR"", ""id_number"": ""8011-9592-7231""}, {""id_type"": ""PAN"", ""id_number"": ""OKHWO8445X""}]",2026-08-31T18:53:35.120175,2026-08-31T18:53:35.120178
PERSON-000190,Nilesh Banerjee,MALE,1985-04-27,41,"176, MG Road, Sector 27, Ahmedabad, Gujarat - 585836",Ahmedabad,Gujarat,+91-9942320573,nilesh.banerjee190@mail.com,Government Servant,Indian,[],"[{""id_type"": ""AADHAAR"", ""id_number"": ""5440-4731-2602""}, {""id_type"": ""PAN"", ""id_number"": ""UGRSS4741N""}]",2026-08-31T18:53:35.120216,2026-08-31T18:53:35.120219
PERSON-000191,Sunita Chauhan,FEMALE,1963-10-19,62,"228, MG Road, Sector 26, Lucknow, Uttar Pradesh - 417048",Lucknow,Uttar Pradesh,+91-9996159344,sunita.chauhan191@mail.com,Mechanic,Indian,[],"[{""id_type"": ""AADHAAR"", ""id_number"": ""5282-3342-8993""}, {""id_type"": ""PAN"", ""id_number"": ""NYQGR5238S""}]",2026-08-31T18:53:35.120251,2026-08-31T18:53:35.120255
PERSON-000192,Divya Mishra,FEMALE,1959-12-05,66,"355, MG Road, Sector 12, Jaipur, Rajasthan - 462843",Jaipur,Rajasthan,+91-9523535269,divya.mishra192@mail.com,Security Guard,Indian,"[""Mole on forehead"", ""Scar on right palm""]","[{""id_type"": ""AADHAAR"", ""id_number"": ""2032-3482-6107""}, {""id_type"": ""PAN"", ""id_number"": ""FFFRQ5465Q""}]",2026-08-31T18:53:35.120288,2026-08-31T18:53:35.120291
PERSON-000193,Jyoti Das,FEMALE,2008-03-07,18,"900, MG Road, Sector 1, Jaipur, Rajasthan - 464452",Jaipur,Rajasthan,+91-9160251199,jyoti.das193@mail.com,Security Guard,Indian,"[""Mole on chin"", ""Scar on left knee""]","[{""id_type"": ""AADHAAR"", ""id_number"": ""3908-4421-8719""}, {""id_type"": ""PAN"", ""id_number"": ""HKQJJ4119Y""}]",2026-08-31T18:53:35.120333,2026-08-31T18:53:35.120335
PERSON-000194,Sneha Bhowmick,FEMALE,1956-09-10,70,"803, MG Road, Sector 3, Bangalore, Karnataka - 470455",Bangalore,Karnataka,+91-9735016866,,Accountant,Indian,"[""Mole on right shoulder"", ""Scar on right palm""]","[{""id_type"": ""AADHAAR"", ""id_number"": ""7400-4248-9578""}, {""id_type"": ""PAN"", ""id_number"": ""YYIWE4970V""}]",2026-08-31T18:53:35.120369,2026-08-31T18:53:35.120372
PERSON-000195,Shweta Mishra,FEMALE,1993-01-27,33,"523, MG Road, Sector 2, Pune, Maharashtra - 625246",Pune,Maharashtra,+91-9953670385,shweta.mishra195@mail.com,Contractor,Indian,"[""Mole on left cheek"", ""Scar on right palm""]","[{""id_type"": ""AADHAAR"", ""id_number"": ""5500-8985-1433""}, {""id_type"": ""PAN"", ""id_number"": ""EGTIY9368L""}]",2026-08-31T18:53:35.120407,2026-08-31T18:53:35.120410
PERSON-000196,Bhavna Rao,FEMALE,1951-06-16,75,"422, MG Road, Sector 3, Kolkata, West Bengal - 562766",Kolkata,West Bengal,+91-9937044779,bhavna.rao196@mail.com,Electrician,Indian,"[""Mole on forehead"", ""Scar on right palm""]","[{""id_type"": ""AADHAAR"", ""id_number"": ""6519-1108-5542""}, {""id_type"": ""PAN"", ""id_number"": ""VMEEZ7331R""}]",2026-08-31T18:53:35.120441,2026-08-31T18:53:35.120444
PERSON-000197,Nilesh Shah,MALE,1991-03-13,35,"669, MG Road, Sector 10, Bangalore, Karnataka - 590350",Bangalore,Karnataka,+91-9310017833,nilesh.shah197@mail.com,Bank Employee,Indian,[],"[{""id_type"": ""AADHAAR"", ""id_number"": ""2394-6158-9056""}, {""id_type"": ""PAN"", ""id_number"": ""IEHTR6598O""}]",2026-08-31T18:53:35.120472,2026-08-31T18:53:35.120474
PERSON-000198,Geeta Joshi,FEMALE,1950-12-21,75,"884, MG Road, Sector 1, Pune, Maharashtra - 589131",Pune,Maharashtra,+91-9447317454,geeta.joshi198@mail.com,Teacher,Indian,[],"[{""id_type"": ""AADHAAR"", ""id_number"": ""8516-6991-2640""}, {""id_type"": ""PAN"", ""id_number"": ""AZQCZ1993B""}]",2026-08-31T18:53:35.120503,2026-08-31T18:53:35.120506
PERSON-000199,Mukesh Sharma,MALE,1979-10-17,46,"19, MG Road, Sector 24, Chennai, Tamil Nadu - 477676",Chennai,Tamil Nadu,+91-9560707200,mukesh.sharma199@mail.com,Government Servant,Indian,"[""Mole on forehead"", ""Scar on left knee""]","[{""id_type"": ""AADHAAR"", ""id_number"": ""6780-7710-1298""}, {""id_type"": ""PAN"", ""id_number"": ""PNOFH1815Q""}]",2026-08-31T18:53:35.120579,2026-08-31T18:53:35.120583
PERSON-000200,Pooja Mehta,FEMALE,1954-04-20,72,"464, MG Road, Sector 15, Kolkata, West Bengal - 442069",Kolkata,West Bengal,+91-9569408715,pooja.mehta200@mail.com,Teacher,Indian,[],"[{""id_type"": ""AADHAAR"", ""id_number"": ""7159-8968-3021""}, {""id_type"": ""PAN"", ""id_number"": ""BBWOP7826W""}]",2026-08-31T18:53:35.120621,2026-08-31T18:53:35.120624
PERSON-000201,Aditya Deshmukh,MALE,2004-07-17,22,"454, MG Road, Sector 14, Lucknow, Uttar Pradesh - 515891",Lucknow,Uttar Pradesh,+91-9620589793,aditya.deshmukh201@mail.com,Teacher,Indian,[],"[{""id_type"": ""AADHAAR"", ""id_number"": ""6029-6589-4102""}, {""id_type"": ""PAN"", ""id_number"": ""JIZSB5759F""}]",2026-08-31T18:53:35.120664,2026-08-31T18:53:35.120667
PERSON-000202,Pooja Iyer,FEMALE,1957-03-14,69,"884, MG Road, Sector 5, Lucknow, Uttar Pradesh - 434140",Lucknow,Uttar Pradesh,+91-9262705012,pooja.iyer202@mail.com,Civil Engineer,Indian,[],"[{""id_type"": ""AADHAAR"", ""id_number"": ""5258-4460-5377""}, {""id_type"": ""PAN"", ""id_number"": ""JZWOP6539Z""}]",2026-08-31T18:53:35.120703,2026-08-31T18:53:35.120706
PERSON-000203,Renu Dubey,FEMALE,1963-05-05,63,"385, MG Road, Sector 19, Ahmedabad, Gujarat - 413612",Ahmedabad,Gujarat,+91-9742631595,,Mechanic,Indian,"[""Mole on left cheek"", ""Scar on right palm""]","[{""id_type"": ""AADHAAR"", ""id_number"": ""5028-3600-5736""}, {""id_type"": ""PAN"", ""id_number"": ""DYNHY6877L""}]",2026-08-31T18:53:35.120744,2026-08-31T18:53:35.120747
PERSON-000204,Varun Joshi,MALE,1990-03-23,36,"732, MG Road, Sector 15, Chennai, Tamil Nadu - 696087",Chennai,Tamil Nadu,+91-9308356552,,Civil Engineer,Indian,"[""Mole on forehead"", ""Scar on right palm""]","[{""id_type"": ""AADHAAR"", ""id_number"": ""5159-8905-2767""}, {""id_type"": ""PAN"", ""id_number"": ""FAVLT7060A""}]",2026-08-31T18:53:35.120781,2026-08-31T18:53:35.120784
PERSON-000205,Siddharth Naidu,MALE,1962-11-09,63,"279, MG Road, Sector 4, Chennai, Tamil Nadu - 650144",Chennai,Tamil Nadu,+91-9900411892,siddharth.naidu205@mail.com,Homemaker,Indian,[],"[{""id_type"": ""AADHAAR"", ""id_number"": ""5819-8322-6234""}, {""id_type"": ""PAN"", ""id_number"": ""GWOXF9951I""}]",2026-08-31T18:53:35.120821,2026-08-31T18:53:35.120824
PERSON-000206,Rekha Kulkarni,FEMALE,2004-11-08,21,"865, MG Road, Sector 10, Pune, Maharashtra - 462266",Pune,Maharashtra,+91-9388211208,rekha.kulkarni206@mail.com,Contractor,Indian,[],"[{""id_type"": ""AADHAAR"", ""id_number"": ""7377-5460-7074""}, {""id_type"": ""PAN"", ""id_number"": ""HLJWL6521M""}]",2026-08-31T18:53:35.120855,2026-08-31T18:53:35.120858
PERSON-000207,Nilesh Mukherjee,MALE,1958-06-05,68,"983, MG Road, Sector 24, Mumbai, Maharashtra - 651575",Mumbai,Maharashtra,+91-9125138966,nilesh.mukherjee207@mail.com,Real Estate Agent,Indian,[],"[{""id_type"": ""AADHAAR"", ""id_number"": ""7239-7569-8958""}, {""id_type"": ""PAN"", ""id_number"": ""QYGIA1245W""}]",2026-08-31T18:53:35.120886,2026-08-31T18:53:35.120889
PERSON-000208,Vidya Kulkarni,FEMALE,1988-05-10,38,"258, MG Road, Sector 24, Central Delhi, Delhi - 645042",Central Delhi,Delhi,+91-9873625590,,Mechanic,Indian,[],"[{""id_type"": ""AADHAAR"", ""id_number"": ""9876-7298-1798""}, {""id_type"": ""PAN"", ""id_number"": ""XKJBA1485F""}]",2026-08-31T18:53:35.120917,2026-08-31T18:53:35.120920
PERSON-000209,Nirmala Bansal,FEMALE,1966-08-18,60,"223, MG Road, Sector 9, Lucknow, Uttar Pradesh - 488047",Lucknow,Uttar Pradesh,+91-9744450364,,Government Servant,Indian,[],"[{""id_type"": ""AADHAAR"", ""id_number"": ""5980-5615-8667""}, {""id_type"": ""PAN"", ""id_number"": ""AEOQZ9280P""}]",2026-08-31T18:53:35.120947,2026-08-31T18:53:35.120949
PERSON-000210,Anand Chatterjee,MALE,1950-12-04,75,"566, MG Road, Sector 26, Jaipur, Rajasthan - 639919",Jaipur,Rajasthan,+91-9138901626,anand.chatterjee210@mail.com,Security Guard,Indian,[],"[{""id_type"": ""AADHAAR"", ""id_number"": ""5993-9579-2651""}, {""id_type"": ""PAN"", ""id_number"": ""QBBLN8962S""}]",2026-08-31T18:53:35.120979,2026-08-31T18:53:35.120982
PERSON-000211,Pooja Patel,FEMALE,1994-08-04,32,"905, MG Road, Sector 16, Lucknow, Uttar Pradesh - 511220",Lucknow,Uttar Pradesh,+91-9112644133,,Teacher,Indian,"[""Mole on forehead"", ""Scar on forehead""]","[{""id_type"": ""AADHAAR"", ""id_number"": ""8227-7463-2055""}, {""id_type"": ""PAN"", ""id_number"": ""AMFZE8263C""}]",2026-08-31T18:53:35.121017,2026-08-31T18:53:35.121020
PERSON-000212,Ritu Shah,FEMALE,1987-03-11,39,"763, MG Road, Sector 3, Thiruvananthapuram, Kerala - 517702",Thiruvananthapuram,Kerala,+91-9498411170,ritu.shah212@mail.com,Contractor,Indian,"[""Mole on left cheek"", ""Scar on right palm""]","[{""id_type"": ""AADHAAR"", ""id_number"": ""8452-3336-5720""}, {""id_type"": ""PAN"", ""id_number"": ""IZSCT1252E""}]",2026-08-31T18:53:35.121052,2026-08-31T18:53:35.121054
PERSON-000213,Deepa Nair,FEMALE,1978-08-07,48,"447, MG Road, Sector 16, Central Delhi, Delhi - 596953",Central Delhi,Delhi,+91-9157790585,deepa.nair213@mail.com,Electrician,Indian,"[""Mole on left cheek"", ""Scar on right palm""]","[{""id_type"": ""AADHAAR"", ""id_number"": ""4768-6663-9365""}, {""id_type"": ""PAN"", ""id_number"": ""OESGA2499C""}]",2026-08-31T18:53:35.121140,2026-08-31T18:53:35.121144
PERSON-000214,Vivek Bhowmick,MALE,1979-03-28,47,"162, MG Road, Sector 27, Lucknow, Uttar Pradesh - 675497",Lucknow,Uttar Pradesh,+91-9119598476,vivek.bhowmick214@mail.com,Lawyer,Indian,[],"[{""id_type"": ""AADHAAR"", ""id_number"": ""6262-6301-1614""}, {""id_type"": ""PAN"", ""id_number"": ""HCYMY2094R""}]",2026-08-31T18:53:35.121180,2026-08-31T18:53:35.121183
PERSON-000215,Aarti Tiwari,FEMALE,1975-01-08,51,"222, MG Road, Sector 6, Bangalore, Karnataka - 551954",Bangalore,Karnataka,+91-9757013327,,Unemployed,Indian,"[""Mole on right shoulder"", ""Scar on left knee""]","[{""id_type"": ""AADHAAR"", ""id_number"": ""2584-6242-3591""}, {""id_type"": ""PAN"", ""id_number"": ""SWHUA7349P""}]",2026-08-31T18:53:35.121213,2026-08-31T18:53:35.121216
PERSON-000216,Vivek Rao,MALE,1974-10-17,51,"166, MG Road, Sector 9, Lucknow, Uttar Pradesh - 616012",Lucknow,Uttar Pradesh,+91-9712917263,,Unemployed,Indian,[],"[{""id_type"": ""AADHAAR"", ""id_number"": ""2936-9285-7553""}, {""id_type"": ""PAN"", ""id_number"": ""XDHZV4502N""}]",2026-08-31T18:53:35.121254,2026-08-31T18:53:35.121256
PERSON-000217,Dinesh Saxena,MALE,1993-09-08,33,"633, MG Road, Sector 27, Thiruvananthapuram, Kerala - 434302",Thiruvananthapuram,Kerala,+91-9843410080,dinesh.saxena217@mail.com,Software Engineer,Indian,"[""Mole on chin"", ""Scar on left knee""]","[{""id_type"": ""AADHAAR"", ""id_number"": ""9755-8138-9075""}, {""id_type"": ""PAN"", ""id_number"": ""ASGAJ1251C""}]",2026-08-31T18:53:35.121292,2026-08-31T18:53:35.121295
PERSON-000218,Rekha Tiwari,FEMALE,1968-12-01,57,"53, MG Road, Sector 4, Bangalore, Karnataka - 509348",Bangalore,Karnataka,+91-9671932035,,Real Estate Agent,Indian,"[""Mole on chin"", ""Scar on right palm""]","[{""id_type"": ""AADHAAR"", ""id_number"": ""9725-5740-9358""}, {""id_type"": ""PAN"", ""id_number"": ""MFEFK9907C""}]",2026-08-31T18:53:35.121329,2026-08-31T18:53:35.121332
PERSON-000219,Seema Kumar,FEMALE,1990-11-05,35,"712, MG Road, Sector 28, Pune, Maharashtra - 560409",Pune,Maharashtra,+91-9243863571,seema.kumar219@mail.com,Student,Indian,[],"[{""id_type"": ""AADHAAR"", ""id_number"": ""2607-2452-9575""}, {""id_type"": ""PAN"", ""id_number"": ""SSBJO6230L""}]",2026-08-31T18:53:35.121363,2026-08-31T18:53:35.121366
PERSON-000220,Deepa Malik,FEMALE,1964-11-12,61,"960, MG Road, Sector 2, Lucknow, Uttar Pradesh - 490802",Lucknow,Uttar Pradesh,+91-9101101524,,Unemployed,Indian,[],"[{""id_type"": ""AADHAAR"", ""id_number"": ""2199-9366-1816""}, {""id_type"": ""PAN"", ""id_number"": ""VEFMY7243G""}]",2026-08-31T18:53:35.121393,2026-08-31T18:53:35.121395
PERSON-000221,Mukesh Chatterjee,MALE,1971-02-24,55,"839, MG Road, Sector 9, Lucknow, Uttar Pradesh - 552621",Lucknow,Uttar Pradesh,+91-9897434198,mukesh.chatterjee221@mail.com,Unemployed,Indian,[],"[{""id_type"": ""AADHAAR"", ""id_number"": ""3407-6092-7084""}, {""id_type"": ""PAN"", ""id_number"": ""TRLFZ6726G""}]",2026-08-31T18:53:35.121430,2026-08-31T18:53:35.121433
PERSON-000222,Dinesh Mehta,MALE,1950-11-05,75,"624, MG Road, Sector 12, Jaipur, Rajasthan - 518160",Jaipur,Rajasthan,+91-9176143899,dinesh.mehta222@mail.com,Shopkeeper,Indian,"[""Mole on chin"", ""Scar on left knee""]","[{""id_type"": ""AADHAAR"", ""id_number"": ""3598-2312-1628""}, {""id_type"": ""PAN"", ""id_number"": ""KUNCZ3715T""}]",2026-08-31T18:53:35.121469,2026-08-31T18:53:35.121472
PERSON-000223,Anand Menon,MALE,1996-01-31,30,"878, MG Road, Sector 18, Mumbai, Maharashtra - 698711",Mumbai,Maharashtra,+91-9958856733,,Software Engineer,Indian,[],"[{""id_type"": ""AADHAAR"", ""id_number"": ""5979-2281-3335""}, {""id_type"": ""PAN"", ""id_number"": ""YMRLD7091G""}]",2026-08-31T18:53:35.121505,2026-08-31T18:53:35.121507
PERSON-000224,Nandini Rao,FEMALE,1991-11-25,34,"732, MG Road, Sector 11, Thiruvananthapuram, Kerala - 539974",Thiruvananthapuram,Kerala,+91-9170051175,,Journalist,Indian,"[""Mole on right shoulder"", ""Scar on right palm""]","[{""id_type"": ""AADHAAR"", ""id_number"": ""2309-6595-8726""}, {""id_type"": ""PAN"", ""id_number"": ""PPCGZ4586R""}]",2026-08-31T18:53:35.121536,2026-08-31T18:53:35.121539
PERSON-000225,Ashok Shah,MALE,1968-10-27,57,"397, MG Road, Sector 23, Lucknow, Uttar Pradesh - 676226",Lucknow,Uttar Pradesh,+91-9895913188,,Farmer,Indian,"[""Mole on chin"", ""Scar on right palm""]","[{""id_type"": ""AADHAAR"", ""id_number"": ""4961-2961-2356""}, {""id_type"": ""PAN"", ""id_number"": ""UJYHD9519X""}]",2026-08-31T18:53:35.121571,2026-08-31T18:53:35.121574
PERSON-000226,Sunil Kumar,MALE,1991-10-25,34,"121, MG Road, Sector 12, Pune, Maharashtra - 578958",Pune,Maharashtra,+91-9758587417,sunil.kumar226@mail.com,Contractor,Indian,[],"[{""id_type"": ""AADHAAR"", ""id_number"": ""6073-3967-7278""}, {""id_type"": ""PAN"", ""id_number"": ""AUPMU2220Q""}]",2026-08-31T18:53:35.121634,2026-08-31T18:53:35.121639
PERSON-000227,Sunil Das,MALE,1957-01-30,69,"806, MG Road, Sector 4, Kolkata, West Bengal - 434851",Kolkata,West Bengal,+91-9180930281,sunil.das227@mail.com,Electrician,Indian,"[""Mole on right shoulder"", ""Scar on left knee""]","[{""id_type"": ""AADHAAR"", ""id_number"": ""4471-3067-2516""}, {""id_type"": ""PAN"", ""id_number"": ""EQSMM2285T""}]",2026-08-31T18:53:35.121696,2026-08-31T18:53:35.121700
PERSON-000228,Manju Singh,FEMALE,2002-04-03,24,"963, MG Road, Sector 24, Kolkata, West Bengal - 656545",Kolkata,West Bengal,+91-9796253537,manju.singh228@mail.com,Government Servant,Indian,[],"[{""id_type"": ""AADHAAR"", ""id_number"": ""3202-1753-8742""}, {""id_type"": ""PAN"", ""id_number"": ""PHDHT4998U""}]",2026-08-31T18:53:35.121733,2026-08-31T18:53:35.121736
PERSON-000229,Ajay Naidu,MALE,1968-03-28,58,"81, MG Road, Sector 14, Kolkata, West Bengal - 417411",Kolkata,West Bengal,+91-9463595168,ajay.naidu229@mail.com,Bank Employee,Indian,"[""Mole on left cheek"", ""Scar on left knee""]","[{""id_type"": ""AADHAAR"", ""id_number"": ""8853-6411-8942""}, {""id_type"": ""PAN"", ""id_number"": ""ZPDHI8977W""}]",2026-08-31T18:53:35.121767,2026-08-31T18:53:35.121771
PERSON-000230,Jitendra Gupta,MALE,1982-11-04,43,"505, MG Road, Sector 14, Lucknow, Uttar Pradesh - 458436",Lucknow,Uttar Pradesh,+91-9920331987,jitendra.gupta230@mail.com,Student,Indian,[],"[{""id_type"": ""AADHAAR"", ""id_number"": ""2118-9820-7947""}, {""id_type"": ""PAN"", ""id_number"": ""ZTHNQ8639N""}]",2026-08-31T18:53:35.121801,2026-08-31T18:53:35.121803
PERSON-000231,Manju Kumar,FEMALE,1968-06-13,58,"34, MG Road, Sector 23, Jaipur, Rajasthan - 536684",Jaipur,Rajasthan,+91-9981558446,manju.kumar231@mail.com,Contractor,Indian,[],"[{""id_type"": ""AADHAAR"", ""id_number"": ""7561-2423-2427""}, {""id_type"": ""PAN"", ""id_number"": ""AEYZT1449I""}]",2026-08-31T18:53:35.121833,2026-08-31T18:53:35.121836
PERSON-000232,Anil Singh,MALE,1975-07-29,51,"957, MG Road, Sector 1, Bangalore, Karnataka - 678847",Bangalore,Karnataka,+91-9145505114,anil.singh232@mail.com,Government Servant,Indian,[],"[{""id_type"": ""AADHAAR"", ""id_number"": ""8521-7276-3824""}, {""id_type"": ""PAN"", ""id_number"": ""JEBEC8098B""}]",2026-08-31T18:53:35.121878,2026-08-31T18:53:35.121881
PERSON-000233,Sneha Gowda,FEMALE,1982-10-08,43,"401, MG Road, Sector 4, Chennai, Tamil Nadu - 493586",Chennai,Tamil Nadu,+91-9291471492,sneha.gowda233@mail.com,Shopkeeper,Indian,"[""Mole on right shoulder"", ""Scar on right palm""]","[{""id_type"": ""AADHAAR"", ""id_number"": ""7385-6026-4568""}, {""id_type"": ""PAN"", ""id_number"": ""TOHXV2823Z""}]",2026-08-31T18:53:35.121919,2026-08-31T18:53:35.121922
PERSON-000234,Renu Chatterjee,FEMALE,1973-12-20,52,"972, MG Road, Sector 24, Chennai, Tamil Nadu - 425203",Chennai,Tamil Nadu,+91-9813756563,renu.chatterjee234@mail.com,Student,Indian,[],"[{""id_type"": ""AADHAAR"", ""id_number"": ""7246-5129-9246""}, {""id_type"": ""PAN"", ""id_number"": ""FOGGK5518I""}]",2026-08-31T18:53:35.121958,2026-08-31T18:53:35.121961
PERSON-000235,Rahul Chauhan,MALE,1998-05-05,28,"823, MG Road, Sector 13, Thiruvananthapuram, Kerala - 414312",Thiruvananthapuram,Kerala,+91-9119516972,rahul.chauhan235@mail.com,Teacher,Indian,"[""Mole on left cheek"", ""Scar on forehead""]","[{""id_type"": ""AADHAAR"", ""id_number"": ""3922-9107-4879""}, {""id_type"": ""PAN"", ""id_number"": ""PUUAU4321A""}]",2026-08-31T18:53:35.121992,2026-08-31T18:53:35.121995
PERSON-000236,Devendra Menon,MALE,1974-02-14,52,"276, MG Road, Sector 28, Kolkata, West Bengal - 652448",Kolkata,West Bengal,+91-9902350896,,Software Engineer,Indian,[],"[{""id_type"": ""AADHAAR"", ""id_number"": ""2758-2453-5475""}, {""id_type"": ""PAN"", ""id_number"": ""MJGYX2819Q""}]",2026-08-31T18:53:35.122022,2026-08-31T18:53:35.122025
PERSON-000237,Gaurav Shukla,MALE,1965-11-25,60,"65, MG Road, Sector 10, Bangalore, Karnataka - 559023",Bangalore,Karnataka,+91-9168357514,,Electrician,Indian,[],"[{""id_type"": ""AADHAAR"", ""id_number"": ""4017-8349-6971""}, {""id_type"": ""PAN"", ""id_number"": ""NCHES8989S""}]",2026-08-31T18:53:35.122060,2026-08-31T18:53:35.122063
PERSON-000238,Sneha Bansal,FEMALE,1977-03-29,49,"711, MG Road, Sector 15, Jaipur, Rajasthan - 477417",Jaipur,Rajasthan,+91-9386264044,sneha.bansal238@mail.com,Lawyer,Indian,[],"[{""id_type"": ""AADHAAR"", ""id_number"": ""9534-2522-6948""}, {""id_type"": ""PAN"", ""id_number"": ""ZENLX2972P""}]",2026-08-31T18:53:35.122091,2026-08-31T18:53:35.122093
PERSON-000239,Ashok Mukherjee,MALE,1979-01-18,47,"485, MG Road, Sector 17, Kolkata, West Bengal - 672080",Kolkata,West Bengal,+91-9280921781,ashok.mukherjee239@mail.com,Contractor,Indian,[],"[{""id_type"": ""AADHAAR"", ""id_number"": ""9258-5561-7749""}, {""id_type"": ""PAN"", ""id_number"": ""ANVCW7373H""}]",2026-08-31T18:53:35.122128,2026-08-31T18:53:35.122131
PERSON-000240,Sneha Dubey,FEMALE,1989-06-19,37,"283, MG Road, Sector 19, Bangalore, Karnataka - 600604",Bangalore,Karnataka,+91-9717957756,,Civil Engineer,Indian,[],"[{""id_type"": ""AADHAAR"", ""id_number"": ""7987-1357-9754""}, {""id_type"": ""PAN"", ""id_number"": ""KDYIB6824S""}]",2026-08-31T18:53:35.122210,2026-08-31T18:53:35.122213
PERSON-000241,Savita Pandey,FEMALE,1960-10-23,65,"549, MG Road, Sector 20, Chennai, Tamil Nadu - 694270",Chennai,Tamil Nadu,+91-9641376130,,Student,Indian,[],"[{""id_type"": ""AADHAAR"", ""id_number"": ""4862-1043-3994""}, {""id_type"": ""PAN"", ""id_number"": ""WNSGV8789C""}]",2026-08-31T18:53:35.122244,2026-08-31T18:53:35.122247
PERSON-000242,Rakesh Shah,MALE,1984-07-13,42,"119, MG Road, Sector 27, Lucknow, Uttar Pradesh - 408172",Lucknow,Uttar Pradesh,+91-9482942298,rakesh.shah242@mail.com,Lawyer,Indian,[],"[{""id_type"": ""AADHAAR"", ""id_number"": ""8963-7218-3503""}, {""id_type"": ""PAN"", ""id_number"": ""OYKJZ8318G""}]",2026-08-31T18:53:35.122279,2026-08-31T18:53:35.122282
PERSON-000243,Bhaskar Tiwari,MALE,1971-08-14,55,"468, MG Road, Sector 8, Lucknow, Uttar Pradesh - 684215",Lucknow,Uttar Pradesh,+91-9347319233,bhaskar.tiwari243@mail.com,Security Guard,Indian,"[""Mole on chin"", ""Scar on right palm""]","[{""id_type"": ""AADHAAR"", ""id_number"": ""2597-7108-3854""}, {""id_type"": ""PAN"", ""id_number"": ""FHERF6700K""}]",2026-08-31T18:53:35.122328,2026-08-31T18:53:35.122331
PERSON-000244,Meena Banerjee,FEMALE,1976-05-09,50,"790, MG Road, Sector 13, Mumbai, Maharashtra - 466439",Mumbai,Maharashtra,+91-9556090890,,Shopkeeper,Indian,"[""Mole on left cheek"", ""Scar on left knee""]","[{""id_type"": ""AADHAAR"", ""id_number"": ""6855-3335-6193""}, {""id_type"": ""PAN"", ""id_number"": ""PGAIM1874C""}]",2026-08-31T18:53:35.122364,2026-08-31T18:53:35.122372
PERSON-000245,Gaurav Reddy,MALE,1966-02-25,60,"769, MG Road, Sector 19, Central Delhi, Delhi - 459193",Central Delhi,Delhi,+91-9416365105,gaurav.reddy245@mail.com,Contractor,Indian,"[""Mole on right shoulder"", ""Scar on right palm""]","[{""id_type"": ""AADHAAR"", ""id_number"": ""8890-4028-4164""}, {""id_type"": ""PAN"", ""id_number"": ""REDDF4621M""}]",2026-08-31T18:53:35.122403,2026-08-31T18:53:35.122406
PERSON-000246,Ravi Bansal,MALE,2005-03-25,21,"149, MG Road, Sector 25, Ahmedabad, Gujarat - 655487",Ahmedabad,Gujarat,+91-9216963279,,Doctor,Indian,[],"[{""id_type"": ""AADHAAR"", ""id_number"": ""7407-7302-3586""}, {""id_type"": ""PAN"", ""id_number"": ""ORYZB8422L""}]",2026-08-31T18:53:35.122435,2026-08-31T18:53:35.122438
PERSON-000247,Vidya Mukherjee,FEMALE,1964-02-29,62,"298, MG Road, Sector 19, Pune, Maharashtra - 622454",Pune,Maharashtra,+91-9311688799,vidya.mukherjee247@mail.com,Contractor,Indian,[],"[{""id_type"": ""AADHAAR"", ""id_number"": ""6365-6281-7682""}, {""id_type"": ""PAN"", ""id_number"": ""QUZCG5846X""}]",2026-08-31T18:53:35.122469,2026-08-31T18:53:35.122472
PERSON-000248,Ajay Shukla,MALE,2001-03-06,25,"672, MG Road, Sector 20, Mumbai, Maharashtra - 541978",Mumbai,Maharashtra,+91-9680714481,ajay.shukla248@mail.com,Homemaker,Indian,"[""Mole on left cheek"", ""Scar on left knee""]","[{""id_type"": ""AADHAAR"", ""id_number"": ""4144-5881-6339""}, {""id_type"": ""PAN"", ""id_number"": ""UCAQZ9925R""}]",2026-08-31T18:53:35.122514,2026-08-31T18:53:35.122517
PERSON-000249,Siddharth Patil,MALE,1998-11-27,27,"696, MG Road, Sector 16, Central Delhi, Delhi - 690540",Central Delhi,Delhi,+91-9509137867,,Driver,Indian,[],"[{""id_type"": ""AADHAAR"", ""id_number"": ""2222-7260-3249""}, {""id_type"": ""PAN"", ""id_number"": ""GLHDW9284J""}]",2026-08-31T18:53:35.122547,2026-08-31T18:53:35.122550
PERSON-000250,Varun Bhowmick,MALE,1968-01-29,58,"200, MG Road, Sector 6, Chennai, Tamil Nadu - 668637",Chennai,Tamil Nadu,+91-9469114774,varun.bhowmick250@mail.com,Shopkeeper,Indian,"[""Mole on right shoulder"", ""Scar on forehead""]","[{""id_type"": ""AADHAAR"", ""id_number"": ""2409-1644-3204""}, {""id_type"": ""PAN"", ""id_number"": ""WIFDQ6314Z""}]",2026-08-31T18:53:35.122584,2026-08-31T18:53:35.122588
PERSON-000251,Amit Sharma,MALE,1956-05-11,70,"786, MG Road, Sector 22, Ahmedabad, Gujarat - 658865",Ahmedabad,Gujarat,+91-9128107017,,Student,Indian,[],"[{""id_type"": ""AADHAAR"", ""id_number"": ""5198-5391-2996""}, {""id_type"": ""PAN"", ""id_number"": ""AACVZ8536D""}]",2026-08-31T18:53:35.122618,2026-08-31T18:53:35.122621
PERSON-000252,Sanjay Agarwal,MALE,1960-03-01,66,"611, MG Road, Sector 22, Ahmedabad, Gujarat - 491896",Ahmedabad,Gujarat,+91-9722947377,sanjay.agarwal252@mail.com,Civil Engineer,Indian,[],"[{""id_type"": ""AADHAAR"", ""id_number"": ""5296-1711-9558""}, {""id_type"": ""PAN"", ""id_number"": ""XGYMG2075W""}]",2026-08-31T18:53:35.122650,2026-08-31T18:53:35.122652
PERSON-000253,Suman Malik,FEMALE,1967-12-26,58,"26, MG Road, Sector 8, Kolkata, West Bengal - 560885",Kolkata,West Bengal,+91-9368101139,suman.malik253@mail.com,Lawyer,Indian,[],"[{""id_type"": ""AADHAAR"", ""id_number"": ""7614-6944-4974""}, {""id_type"": ""PAN"", ""id_number"": ""HTMTC1267X""}]",2026-08-31T18:53:35.122733,2026-08-31T18:53:35.122738
PERSON-000254,Ritu Mishra,FEMALE,1998-04-18,28,"262, MG Road, Sector 4, Pune, Maharashtra - 692030",Pune,Maharashtra,+91-9201046536,ritu.mishra254@mail.com,Lawyer,Indian,[],"[{""id_type"": ""AADHAAR"", ""id_number"": ""8129-1359-2897""}, {""id_type"": ""PAN"", ""id_number"": ""AHHZF2530G""}]",2026-08-31T18:53:35.122774,2026-08-31T18:53:35.122777
PERSON-000255,Anand Mehta,MALE,1951-06-03,75,"483, MG Road, Sector 17, Pune, Maharashtra - 598201",Pune,Maharashtra,+91-9211752103,,Lawyer,Indian,"[""Mole on chin"", ""Scar on forehead""]","[{""id_type"": ""AADHAAR"", ""id_number"": ""5384-4558-4566""}, {""id_type"": ""PAN"", ""id_number"": ""GZDTS8672F""}]",2026-08-31T18:53:35.122808,2026-08-31T18:53:35.122811
PERSON-000256,Suresh Bhowmick,MALE,1982-01-22,44,"774, MG Road, Sector 4, Thiruvananthapuram, Kerala - 509314",Thiruvananthapuram,Kerala,+91-9828714439,suresh.bhowmick256@mail.com,Businessman,Indian,"[""Mole on right shoulder"", ""Scar on left knee""]","[{""id_type"": ""AADHAAR"", ""id_number"": ""7556-1652-8479""}, {""id_type"": ""PAN"", ""id_number"": ""RMNTQ5985L""}]",2026-08-31T18:53:35.122854,2026-08-31T18:53:35.122857
PERSON-000257,Manju Tiwari,FEMALE,1976-07-22,50,"761, MG Road, Sector 10, Jaipur, Rajasthan - 476463",Jaipur,Rajasthan,+91-9640074994,manju.tiwari257@mail.com,Journalist,Indian,[],"[{""id_type"": ""AADHAAR"", ""id_number"": ""3127-2557-2987""}, {""id_type"": ""PAN"", ""id_number"": ""GQQKG4105Z""}]",2026-08-31T18:53:35.122887,2026-08-31T18:53:35.122890
PERSON-000258,Uma Naidu,FEMALE,1964-12-29,61,"869, MG Road, Sector 28, Mumbai, Maharashtra - 516338",Mumbai,Maharashtra,+91-9421932861,uma.naidu258@mail.com,Farmer,Indian,"[""Mole on left cheek"", ""Scar on left knee""]","[{""id_type"": ""AADHAAR"", ""id_number"": ""7195-7860-8061""}, {""id_type"": ""PAN"", ""id_number"": ""PIAMH7321L""}]",2026-08-31T18:53:35.122928,2026-08-31T18:53:35.122930
PERSON-000259,Shanti Nair,FEMALE,1971-04-02,55,"707, MG Road, Sector 17, Central Delhi, Delhi - 635958",Central Delhi,Delhi,+91-9552224067,shanti.nair259@mail.com,Accountant,Indian,[],"[{""id_type"": ""AADHAAR"", ""id_number"": ""8636-1093-1054""}, {""id_type"": ""PAN"", ""id_number"": ""QBIBY5967H""}]",2026-08-31T18:53:35.122959,2026-08-31T18:53:35.122963
PERSON-000260,Vikram Kumar,MALE,2001-10-06,24,"635, MG Road, Sector 30, Jaipur, Rajasthan - 453863",Jaipur,Rajasthan,+91-9944744096,,Teacher,Indian,[],"[{""id_type"": ""AADHAAR"", ""id_number"": ""3154-7334-1308""}, {""id_type"": ""PAN"", ""id_number"": ""WHLDQ2679Z""}]",2026-08-31T18:53:35.122990,2026-08-31T18:53:35.122992
PERSON-000261,Bhaskar Yadav,MALE,1993-11-21,32,"902, MG Road, Sector 17, Lucknow, Uttar Pradesh - 597675",Lucknow,Uttar Pradesh,+91-9789677892,bhaskar.yadav261@mail.com,Mechanic,Indian,"[""Mole on right shoulder"", ""Scar on forehead""]","[{""id_type"": ""AADHAAR"", ""id_number"": ""5438-5635-2891""}, {""id_type"": ""PAN"", ""id_number"": ""YOGAS1510Y""}]",2026-08-31T18:53:35.123023,2026-08-31T18:53:35.123026
PERSON-000262,Ashok Verma,MALE,1960-12-13,65,"355, MG Road, Sector 26, Bangalore, Karnataka - 680698",Bangalore,Karnataka,+91-9400947471,ashok.verma262@mail.com,Software Engineer,Indian,"[""Mole on left cheek"", ""Scar on forehead""]","[{""id_type"": ""AADHAAR"", ""id_number"": ""8754-2733-5520""}, {""id_type"": ""PAN"", ""id_number"": ""ZEOBJ7352H""}]",2026-08-31T18:53:35.123056,2026-08-31T18:53:35.123059
PERSON-000263,Vishal Kulkarni,MALE,1973-04-08,53,"804, MG Road, Sector 4, Kolkata, West Bengal - 675285",Kolkata,West Bengal,+91-9994786205,,Student,Indian,"[""Mole on left cheek"", ""Scar on forehead""]","[{""id_type"": ""AADHAAR"", ""id_number"": ""5692-6397-6156""}, {""id_type"": ""PAN"", ""id_number"": ""NOKOB4812L""}]",2026-08-31T18:53:35.123101,2026-08-31T18:53:35.123104
PERSON-000264,Devendra Chatterjee,MALE,1950-12-17,75,"561, MG Road, Sector 8, Pune, Maharashtra - 497767",Pune,Maharashtra,+91-9221010389,devendra.chatterjee264@mail.com,Journalist,Indian,[],"[{""id_type"": ""AADHAAR"", ""id_number"": ""7216-9583-8330""}, {""id_type"": ""PAN"", ""id_number"": ""HQCXM2940K""}]",2026-08-31T18:53:35.123137,2026-08-31T18:53:35.123140
PERSON-000265,Krutika Chauhan,FEMALE,1971-11-30,54,"7, MG Road, Sector 21, Bangalore, Karnataka - 573612",Bangalore,Karnataka,+91-9749676494,,Accountant,Indian,"[""Mole on left cheek"", ""Scar on right palm""]","[{""id_type"": ""AADHAAR"", ""id_number"": ""5840-9528-4781""}, {""id_type"": ""PAN"", ""id_number"": ""KFXVR4139X""}]",2026-08-31T18:53:35.123172,2026-08-31T18:53:35.123174
PERSON-000266,Suman Dutta,FEMALE,1971-05-28,55,"995, MG Road, Sector 1, Bangalore, Karnataka - 528781",Bangalore,Karnataka,+91-9756038580,,Journalist,Indian,"[""Mole on left cheek"", ""Scar on right palm""]","[{""id_type"": ""AADHAAR"", ""id_number"": ""4046-8863-6753""}, {""id_type"": ""PAN"", ""id_number"": ""LRVJO3580T""}]",2026-08-31T18:53:35.123211,2026-08-31T18:53:35.123214
PERSON-000267,Vandana Bansal,FEMALE,1987-11-09,38,"553, MG Road, Sector 30, Jaipur, Rajasthan - 639645",Jaipur,Rajasthan,+91-9300755585,,Bank Employee,Indian,[],"[{""id_type"": ""AADHAAR"", ""id_number"": ""9682-7764-6278""}, {""id_type"": ""PAN"", ""id_number"": ""RDTTP4550V""}]",2026-08-31T18:53:35.123341,2026-08-31T18:53:35.123348
PERSON-000268,Vandana Srivastava,FEMALE,1997-03-07,29,"438, MG Road, Sector 25, Mumbai, Maharashtra - 471658",Mumbai,Maharashtra,+91-9202952009,vandana.srivastava268@mail.com,Government Servant,Indian,"[""Mole on chin"", ""Scar on right palm""]","[{""id_type"": ""AADHAAR"", ""id_number"": ""5612-9848-5627""}, {""id_type"": ""PAN"", ""id_number"": ""QYHIB8895H""}]",2026-08-31T18:53:35.123398,2026-08-31T18:53:35.123401
PERSON-000269,Amit Gowda,MALE,1992-07-07,34,"258, MG Road, Sector 30, Lucknow, Uttar Pradesh - 685246",Lucknow,Uttar Pradesh,+91-9375319221,amit.gowda269@mail.com,Real Estate Agent,Indian,"[""Mole on left cheek"", ""Scar on left knee""]","[{""id_type"": ""AADHAAR"", ""id_number"": ""8832-5760-5317""}, {""id_type"": ""PAN"", ""id_number"": ""DVSZG1555L""}]",2026-08-31T18:53:35.123449,2026-08-31T18:53:35.123452
PERSON-000270,Rakesh Dubey,MALE,1993-07-15,33,"696, MG Road, Sector 21, Ahmedabad, Gujarat - 527536",Ahmedabad,Gujarat,+91-9640485150,,Journalist,Indian,[],"[{""id_type"": ""AADHAAR"", ""id_number"": ""9003-4992-9843""}, {""id_type"": ""PAN"", ""id_number"": ""SSSRI5682U""}]",2026-08-31T18:53:35.123487,2026-08-31T18:53:35.123490
PERSON-000271,Sunil Chatterjee,MALE,1997-06-21,29,"294, MG Road, Sector 19, Jaipur, Rajasthan - 515720",Jaipur,Rajasthan,+91-9428497627,,Driver,Indian,"[""Mole on left cheek"", ""Scar on left knee""]","[{""id_type"": ""AADHAAR"", ""id_number"": ""4626-5460-9267""}, {""id_type"": ""PAN"", ""id_number"": ""RLQFN9241K""}]",2026-08-31T18:53:35.123520,2026-08-31T18:53:35.123523
PERSON-000272,Pradeep Mehta,MALE,1952-01-13,74,"179, MG Road, Sector 8, Mumbai, Maharashtra - 435170",Mumbai,Maharashtra,+91-9609237011,pradeep.mehta272@mail.com,Real Estate Agent,Indian,"[""Mole on forehead"", ""Scar on left knee""]","[{""id_type"": ""AADHAAR"", ""id_number"": ""4516-4481-6465""}, {""id_type"": ""PAN"", ""id_number"": ""IMIER4896T""}]",2026-08-31T18:53:35.123566,2026-08-31T18:53:35.123572
PERSON-000273,Ramesh Gowda,MALE,1998-07-11,28,"720, MG Road, Sector 8, Bangalore, Karnataka - 650042",Bangalore,Karnataka,+91-9656458835,ramesh.gowda273@mail.com,Government Servant,Indian,[],"[{""id_type"": ""AADHAAR"", ""id_number"": ""4758-6687-5654""}, {""id_type"": ""PAN"", ""id_number"": ""OLKKO5108W""}]",2026-08-31T18:53:35.123622,2026-08-31T18:53:35.123626
PERSON-000274,Jyoti Naidu,FEMALE,1953-03-07,73,"855, MG Road, Sector 30, Pune, Maharashtra - 663549",Pune,Maharashtra,+91-9843379272,jyoti.naidu274@mail.com,Lawyer,Indian,"[""Mole on left cheek"", ""Scar on forehead""]","[{""id_type"": ""AADHAAR"", ""id_number"": ""3162-9297-2547""}, {""id_type"": ""PAN"", ""id_number"": ""CDODN9192A""}]",2026-08-31T18:53:35.123671,2026-08-31T18:53:35.123674
PERSON-000275,Asha Shukla,FEMALE,1954-05-14,72,"566, MG Road, Sector 20, Jaipur, Rajasthan - 431958",Jaipur,Rajasthan,+91-9548277313,asha.shukla275@mail.com,Software Engineer,Indian,[],"[{""id_type"": ""AADHAAR"", ""id_number"": ""7556-7237-4342""}, {""id_type"": ""PAN"", ""id_number"": ""JUGJN5707E""}]",2026-08-31T18:53:35.123706,2026-08-31T18:53:35.123709
PERSON-000276,Shweta Mishra,FEMALE,1979-08-19,47,"371, MG Road, Sector 29, Ahmedabad, Gujarat - 691932",Ahmedabad,Gujarat,+91-9788854186,,Shopkeeper,Indian,[],"[{""id_type"": ""AADHAAR"", ""id_number"": ""5612-3465-3017""}, {""id_type"": ""PAN"", ""id_number"": ""MMZRM9864Y""}]",2026-08-31T18:53:35.123739,2026-08-31T18:53:35.123742
PERSON-000277,Anand Bansal,MALE,1955-08-20,71,"290, MG Road, Sector 7, Pune, Maharashtra - 648546",Pune,Maharashtra,+91-9155327776,anand.bansal277@mail.com,Businessman,Indian,"[""Mole on left cheek"", ""Scar on right palm""]","[{""id_type"": ""AADHAAR"", ""id_number"": ""5233-8615-4207""}, {""id_type"": ""PAN"", ""id_number"": ""UVVVK3958Z""}]",2026-08-31T18:53:35.123841,2026-08-31T18:53:35.123848
PERSON-000278,Chandan Chauhan,MALE,1971-11-13,54,"336, MG Road, Sector 12, Jaipur, Rajasthan - 561210",Jaipur,Rajasthan,+91-9417262258,chandan.chauhan278@mail.com,Real Estate Agent,Indian,"[""Mole on chin"", ""Scar on forehead""]","[{""id_type"": ""AADHAAR"", ""id_number"": ""5182-1443-5473""}, {""id_type"": ""PAN"", ""id_number"": ""BFPAH6316W""}]",2026-08-31T18:53:35.123897,2026-08-31T18:53:35.123900
PERSON-000279,Pankaj Menon,MALE,1962-11-15,63,"763, MG Road, Sector 22, Lucknow, Uttar Pradesh - 505613",Lucknow,Uttar Pradesh,+91-9699181761,pankaj.menon279@mail.com,Electrician,Indian,"[""Mole on left cheek"", ""Scar on forehead""]","[{""id_type"": ""AADHAAR"", ""id_number"": ""9400-2185-5070""}, {""id_type"": ""PAN"", ""id_number"": ""NSONA1432B""}]",2026-08-31T18:53:35.123944,2026-08-31T18:53:35.123947
PERSON-000280,Rajesh Saxena,MALE,1995-11-02,30,"347, MG Road, Sector 17, Pune, Maharashtra - 594336",Pune,Maharashtra,+91-9122659352,,Contractor,Indian,"[""Mole on chin"", ""Scar on left knee""]","[{""id_type"": ""AADHAAR"", ""id_number"": ""6677-2225-5187""}, {""id_type"": ""PAN"", ""id_number"": ""EAIOY9727G""}]",2026-08-31T18:53:35.123978,2026-08-31T18:53:35.123981
PERSON-000281,Manoj Kumar,MALE,1966-10-06,59,"26, MG Road, Sector 29, Kolkata, West Bengal - 431129",Kolkata,West Bengal,+91-9801276757,manoj.kumar281@mail.com,Security Guard,Indian,[],"[{""id_type"": ""AADHAAR"", ""id_number"": ""9092-7687-9900""}, {""id_type"": ""PAN"", ""id_number"": ""BAMZC2602K""}]",2026-08-31T18:53:35.124009,2026-08-31T18:53:35.124012
PERSON-000282,Vivek Bhowmick,MALE,1959-10-29,66,"200, MG Road, Sector 25, Ahmedabad, Gujarat - 594509",Ahmedabad,Gujarat,+91-9755009009,vivek.bhowmick282@mail.com,Security Guard,Indian,"[""Mole on right shoulder"", ""Scar on right palm""]","[{""id_type"": ""AADHAAR"", ""id_number"": ""8384-8476-2439""}, {""id_type"": ""PAN"", ""id_number"": ""DDXJM7324R""}]",2026-08-31T18:53:35.124045,2026-08-31T18:53:35.124048
PERSON-000283,Hitesh Yadav,MALE,1993-09-19,32,"918, MG Road, Sector 16, Pune, Maharashtra - 504451",Pune,Maharashtra,+91-9325082637,hitesh.yadav283@mail.com,Student,Indian,"[""Mole on right shoulder"", ""Scar on right palm""]","[{""id_type"": ""AADHAAR"", ""id_number"": ""2482-4324-5414""}, {""id_type"": ""PAN"", ""id_number"": ""EXHIH6348M""}]",2026-08-31T18:53:35.124091,2026-08-31T18:53:35.124095
PERSON-000284,Rahul Bhatt,MALE,1996-02-06,30,"387, MG Road, Sector 22, Ahmedabad, Gujarat - 407385",Ahmedabad,Gujarat,+91-9694824232,rahul.bhatt284@mail.com,Lawyer,Indian,"[""Mole on right shoulder"", ""Scar on left knee""]","[{""id_type"": ""AADHAAR"", ""id_number"": ""3408-4632-1770""}, {""id_type"": ""PAN"", ""id_number"": ""IYOTL5046T""}]",2026-08-31T18:53:35.124137,2026-08-31T18:53:35.124140
PERSON-000285,Shanti Chauhan,FEMALE,1999-03-18,27,"28, MG Road, Sector 25, Pune, Maharashtra - 531142",Pune,Maharashtra,+91-9912293780,shanti.chauhan285@mail.com,Homemaker,Indian,"[""Mole on right shoulder"", ""Scar on forehead""]","[{""id_type"": ""AADHAAR"", ""id_number"": ""4370-3406-1686""}, {""id_type"": ""PAN"", ""id_number"": ""WZZIV6440B""}]",2026-08-31T18:53:35.124172,2026-08-31T18:53:35.124175
PERSON-000286,Manoj Rao,MALE,1991-09-26,34,"477, MG Road, Sector 12, Chennai, Tamil Nadu - 553626",Chennai,Tamil Nadu,+91-9438753977,manoj.rao286@mail.com,Journalist,Indian,[],"[{""id_type"": ""AADHAAR"", ""id_number"": ""9372-2676-2334""}, {""id_type"": ""PAN"", ""id_number"": ""QAAOC1305E""}]",2026-08-31T18:53:35.124205,2026-08-31T18:53:35.124208
PERSON-000287,Mahesh Bansal,MALE,2002-09-02,24,"934, MG Road, Sector 12, Thiruvananthapuram, Kerala - 644266",Thiruvananthapuram,Kerala,+91-9518411240,,Contractor,Indian,"[""Mole on left cheek"", ""Scar on forehead""]","[{""id_type"": ""AADHAAR"", ""id_number"": ""3083-2586-6931""}, {""id_type"": ""PAN"", ""id_number"": ""BPLGH6203U""}]",2026-08-31T18:53:35.124240,2026-08-31T18:53:35.124249
PERSON-000288,Pradeep Mukherjee,MALE,2007-05-03,19,"854, MG Road, Sector 4, Pune, Maharashtra - 450531",Pune,Maharashtra,+91-9252596751,pradeep.mukherjee288@mail.com,Electrician,Indian,[],"[{""id_type"": ""AADHAAR"", ""id_number"": ""8407-7133-5625""}, {""id_type"": ""PAN"", ""id_number"": ""WWVHI5000E""}]",2026-08-31T18:53:35.124289,2026-08-31T18:53:35.124292
PERSON-000289,Nisha Kulkarni,FEMALE,1959-02-06,67,"314, MG Road, Sector 23, Lucknow, Uttar Pradesh - 517977",Lucknow,Uttar Pradesh,+91-9987873353,nisha.kulkarni289@mail.com,Security Guard,Indian,[],"[{""id_type"": ""AADHAAR"", ""id_number"": ""2548-6150-6302""}, {""id_type"": ""PAN"", ""id_number"": ""NCYKK4547I""}]",2026-08-31T18:53:35.124329,2026-08-31T18:53:35.124332
PERSON-000290,Renu Dubey,FEMALE,1975-03-03,51,"862, MG Road, Sector 17, Mumbai, Maharashtra - 512201",Mumbai,Maharashtra,+91-9660068662,renu.dubey290@mail.com,Unemployed,Indian,"[""Mole on forehead"", ""Scar on right palm""]","[{""id_type"": ""AADHAAR"", ""id_number"": ""7323-4386-6180""}, {""id_type"": ""PAN"", ""id_number"": ""ZRBIT4416Z""}]",2026-08-31T18:53:35.124364,2026-08-31T18:53:35.124368
PERSON-000291,Prachi Kumar,FEMALE,1983-01-14,43,"920, MG Road, Sector 21, Chennai, Tamil Nadu - 612683",Chennai,Tamil Nadu,+91-9421209892,,Mechanic,Indian,"[""Mole on forehead"", ""Scar on left knee""]","[{""id_type"": ""AADHAAR"", ""id_number"": ""5312-4885-3497""}, {""id_type"": ""PAN"", ""id_number"": ""AXYGW6413N""}]",2026-08-31T18:53:35.124400,2026-08-31T18:53:35.124403
PERSON-000292,Pankaj Dubey,MALE,2008-05-03,18,"957, MG Road, Sector 27, Central Delhi, Delhi - 513913",Central Delhi,Delhi,+91-9572047911,pankaj.dubey292@mail.com,Security Guard,Indian,[],"[{""id_type"": ""AADHAAR"", ""id_number"": ""6019-2451-6135""}, {""id_type"": ""PAN"", ""id_number"": ""QHKXL3114V""}]",2026-08-31T18:53:35.124435,2026-08-31T18:53:35.124439
PERSON-000293,Anil Reddy,MALE,1954-05-08,72,"238, MG Road, Sector 21, Lucknow, Uttar Pradesh - 443819",Lucknow,Uttar Pradesh,+91-9749034591,anil.reddy293@mail.com,Mechanic,Indian,[],"[{""id_type"": ""AADHAAR"", ""id_number"": ""4966-3815-2444""}, {""id_type"": ""PAN"", ""id_number"": ""IEFSI3366Y""}]",2026-08-31T18:53:35.124494,2026-08-31T18:53:35.124497
PERSON-000294,Jitendra Menon,MALE,2003-06-14,23,"407, MG Road, Sector 29, Central Delhi, Delhi - 642391",Central Delhi,Delhi,+91-9883466747,jitendra.menon294@mail.com,Farmer,Indian,"[""Mole on right shoulder"", ""Scar on right palm""]","[{""id_type"": ""AADHAAR"", ""id_number"": ""9859-1469-1736""}, {""id_type"": ""PAN"", ""id_number"": ""STYQH7588U""}]",2026-08-31T18:53:35.124540,2026-08-31T18:53:35.124543
PERSON-000295,Meera Mehta,FEMALE,1953-05-12,73,"872, MG Road, Sector 12, Ahmedabad, Gujarat - 647498",Ahmedabad,Gujarat,+91-9520258948,,Shopkeeper,Indian,[],"[{""id_type"": ""AADHAAR"", ""id_number"": ""2992-6240-5624""}, {""id_type"": ""PAN"", ""id_number"": ""RQTZX6955P""}]",2026-08-31T18:53:35.124574,2026-08-31T18:53:35.124577
PERSON-000296,Asha Bhatt,FEMALE,1993-02-01,33,"66, MG Road, Sector 18, Pune, Maharashtra - 592538",Pune,Maharashtra,+91-9382873798,,Journalist,Indian,"[""Mole on right shoulder"", ""Scar on right palm""]","[{""id_type"": ""AADHAAR"", ""id_number"": ""3252-1679-9636""}, {""id_type"": ""PAN"", ""id_number"": ""UTDTK5632B""}]",2026-08-31T18:53:35.124607,2026-08-31T18:53:35.124610
PERSON-000297,Ritu Rao,FEMALE,1986-05-19,40,"342, MG Road, Sector 6, Lucknow, Uttar Pradesh - 696542",Lucknow,Uttar Pradesh,+91-9620952246,ritu.rao297@mail.com,Shopkeeper,Indian,"[""Mole on forehead"", ""Scar on forehead""]","[{""id_type"": ""AADHAAR"", ""id_number"": ""4387-2423-4002""}, {""id_type"": ""PAN"", ""id_number"": ""WPTSX6362D""}]",2026-08-31T18:53:35.124643,2026-08-31T18:53:35.124646
PERSON-000298,Varun Srivastava,MALE,1990-08-27,36,"996, MG Road, Sector 27, Chennai, Tamil Nadu - 554863",Chennai,Tamil Nadu,+91-9834838408,varun.srivastava298@mail.com,Mechanic,Indian,"[""Mole on right shoulder"", ""Scar on left knee""]","[{""id_type"": ""AADHAAR"", ""id_number"": ""4412-4555-4556""}, {""id_type"": ""PAN"", ""id_number"": ""YEHFT9962K""}]",2026-08-31T18:53:35.124678,2026-08-31T18:53:35.124681
PERSON-000299,Mahesh Mukherjee,MALE,1967-08-15,59,"391, MG Road, Sector 10, Kolkata, West Bengal - 479371",Kolkata,West Bengal,+91-9375481064,mahesh.mukherjee299@mail.com,Mechanic,Indian,[],"[{""id_type"": ""AADHAAR"", ""id_number"": ""3650-7682-5664""}, {""id_type"": ""PAN"", ""id_number"": ""AQLBW1624K""}]",2026-08-31T18:53:35.124718,2026-08-31T18:53:35.124721
PERSON-000300,Neha Gupta,FEMALE,1989-11-07,36,"221, MG Road, Sector 18, Lucknow, Uttar Pradesh - 431983",Lucknow,Uttar Pradesh,+91-9115705605,neha.gupta300@mail.com,Farmer,Indian,"[""Mole on right shoulder"", ""Scar on right palm""]","[{""id_type"": ""AADHAAR"", ""id_number"": ""2747-5432-5536""}, {""id_type"": ""PAN"", ""id_number"": ""KKLJZ3603I""}]",2026-08-31T18:53:35.124752,2026-08-31T18:53:35.124755
PERSON-000301,Payal Kulkarni,FEMALE,1964-04-11,62,"792, MG Road, Sector 21, Mumbai, Maharashtra - 690649",Mumbai,Maharashtra,+91-9500877226,payal.kulkarni301@mail.com,Shopkeeper,Indian,"[""Mole on left cheek"", ""Scar on left knee""]","[{""id_type"": ""AADHAAR"", ""id_number"": ""9768-5516-1348""}, {""id_type"": ""PAN"", ""id_number"": ""RYUAO1261E""}]",2026-08-31T18:53:35.124786,2026-08-31T18:53:35.124789
PERSON-000302,Vandana Rao,FEMALE,1981-10-26,44,"170, MG Road, Sector 24, Kolkata, West Bengal - 580165",Kolkata,West Bengal,+91-9175784888,,Farmer,Indian,"[""Mole on left cheek"", ""Scar on forehead""]","[{""id_type"": ""AADHAAR"", ""id_number"": ""4382-6735-1931""}, {""id_type"": ""PAN"", ""id_number"": ""IJVPV1774U""}]",2026-08-31T18:53:35.124819,2026-08-31T18:53:35.124822
PERSON-000303,Uma Bansal,FEMALE,1966-08-17,60,"517, MG Road, Sector 19, Ahmedabad, Gujarat - 509490",Ahmedabad,Gujarat,+91-9494432521,uma.bansal303@mail.com,Businessman,Indian,"[""Mole on left cheek"", ""Scar on right palm""]","[{""id_type"": ""AADHAAR"", ""id_number"": ""2753-9640-9940""}, {""id_type"": ""PAN"", ""id_number"": ""AIMOT4581S""}]",2026-08-31T18:53:35.124861,2026-08-31T18:53:35.124864
PERSON-000304,Nandini Shah,FEMALE,1985-01-26,41,"71, MG Road, Sector 25, Bangalore, Karnataka - 623661",Bangalore,Karnataka,+91-9875698907,nandini.shah304@mail.com,Contractor,Indian,[],"[{""id_type"": ""AADHAAR"", ""id_number"": ""7757-7785-3753""}, {""id_type"": ""PAN"", ""id_number"": ""ZQUIE4231F""}]",2026-08-31T18:53:35.124900,2026-08-31T18:53:35.124903
PERSON-000305,Meena Gowda,FEMALE,1970-12-03,55,"361, MG Road, Sector 11, Bangalore, Karnataka - 576310",Bangalore,Karnataka,+91-9667247794,meena.gowda305@mail.com,Security Guard,Indian,"[""Mole on forehead"", ""Scar on forehead""]","[{""id_type"": ""AADHAAR"", ""id_number"": ""5572-8921-7642""}, {""id_type"": ""PAN"", ""id_number"": ""PFUJA5536G""}]",2026-08-31T18:53:35.124945,2026-08-31T18:53:35.124951
PERSON-000306,Sanjay Mehta,MALE,1951-01-08,75,"995, MG Road, Sector 19, Chennai, Tamil Nadu - 610358",Chennai,Tamil Nadu,+91-9957130903,sanjay.mehta306@mail.com,Mechanic,Indian,[],"[{""id_type"": ""AADHAAR"", ""id_number"": ""7611-6750-6072""}, {""id_type"": ""PAN"", ""id_number"": ""GQCDE6592O""}]",2026-08-31T18:53:35.124983,2026-08-31T18:53:35.124986
PERSON-000307,Ganesh Deshmukh,MALE,1971-03-18,55,"732, MG Road, Sector 18, Mumbai, Maharashtra - 415605",Mumbai,Maharashtra,+91-9266103399,ganesh.deshmukh307@mail.com,Bank Employee,Indian,[],"[{""id_type"": ""AADHAAR"", ""id_number"": ""7781-5149-5810""}, {""id_type"": ""PAN"", ""id_number"": ""CXOJN5610A""}]",2026-08-31T18:53:35.125019,2026-08-31T18:53:35.125029
PERSON-000308,Ananya Tripathi,FEMALE,1994-08-08,32,"81, MG Road, Sector 10, Pune, Maharashtra - 659935",Pune,Maharashtra,+91-9107366276,ananya.tripathi308@mail.com,Civil Engineer,Indian,[],"[{""id_type"": ""AADHAAR"", ""id_number"": ""9529-3703-8340""}, {""id_type"": ""PAN"", ""id_number"": ""IBEYZ4742L""}]",2026-08-31T18:53:35.125060,2026-08-31T18:53:35.125063
PERSON-000309,Pradeep Bansal,MALE,1953-07-25,73,"393, MG Road, Sector 10, Thiruvananthapuram, Kerala - 510390",Thiruvananthapuram,Kerala,+91-9216134291,pradeep.bansal309@mail.com,Security Guard,Indian,"[""Mole on left cheek"", ""Scar on right palm""]","[{""id_type"": ""AADHAAR"", ""id_number"": ""5528-1370-6778""}, {""id_type"": ""PAN"", ""id_number"": ""VRXYU1321Z""}]",2026-08-31T18:53:35.125101,2026-08-31T18:53:35.125105
PERSON-000310,Savita Chauhan,FEMALE,1972-10-17,53,"520, MG Road, Sector 4, Central Delhi, Delhi - 505021",Central Delhi,Delhi,+91-9754876287,,Teacher,Indian,"[""Mole on chin"", ""Scar on right palm""]","[{""id_type"": ""AADHAAR"", ""id_number"": ""5665-9835-8856""}, {""id_type"": ""PAN"", ""id_number"": ""HHJMJ6009Q""}]",2026-08-31T18:53:35.125153,2026-08-31T18:53:35.125157
PERSON-000311,Amit Sharma,MALE,1977-03-30,49,"561, MG Road, Sector 19, Mumbai, Maharashtra - 604830",Mumbai,Maharashtra,+91-9801447925,,Real Estate Agent,Indian,"[""Mole on left cheek"", ""Scar on right palm""]","[{""id_type"": ""AADHAAR"", ""id_number"": ""8944-9589-5612""}, {""id_type"": ""PAN"", ""id_number"": ""KYPXT8467K""}]",2026-08-31T18:53:35.125197,2026-08-31T18:53:35.125200
PERSON-000312,Anita Tripathi,FEMALE,1966-08-27,60,"862, MG Road, Sector 24, Pune, Maharashtra - 426498",Pune,Maharashtra,+91-9138608749,,Lawyer,Indian,[],"[{""id_type"": ""AADHAAR"", ""id_number"": ""7760-3656-2201""}, {""id_type"": ""PAN"", ""id_number"": ""KZRYT7810G""}]",2026-08-31T18:53:35.125230,2026-08-31T18:53:35.125233
PERSON-000313,Yogesh Tiwari,MALE,1951-12-21,74,"152, MG Road, Sector 25, Kolkata, West Bengal - 435979",Kolkata,West Bengal,+91-9920950606,yogesh.tiwari313@mail.com,Electrician,Indian,[],"[{""id_type"": ""AADHAAR"", ""id_number"": ""9213-1669-3692""}, {""id_type"": ""PAN"", ""id_number"": ""WUGHL8715H""}]",2026-08-31T18:53:35.125273,2026-08-31T18:53:35.125275
PERSON-000314,Rohan Chauhan,MALE,1961-08-15,65,"468, MG Road, Sector 29, Ahmedabad, Gujarat - 498220",Ahmedabad,Gujarat,+91-9414181848,,Shopkeeper,Indian,[],"[{""id_type"": ""AADHAAR"", ""id_number"": ""7507-6775-5413""}, {""id_type"": ""PAN"", ""id_number"": ""DHBOU3275N""}]",2026-08-31T18:53:35.125306,2026-08-31T18:53:35.125309
PERSON-000315,Vidya Chauhan,FEMALE,1963-09-10,63,"841, MG Road, Sector 21, Jaipur, Rajasthan - 574900",Jaipur,Rajasthan,+91-9473940817,vidya.chauhan315@mail.com,Driver,Indian,[],"[{""id_type"": ""AADHAAR"", ""id_number"": ""7852-1217-6153""}, {""id_type"": ""PAN"", ""id_number"": ""GFKQJ1079D""}]",2026-08-31T18:53:35.125347,2026-08-31T18:53:35.125350
PERSON-000316,Pooja Chauhan,FEMALE,1975-06-25,51,"568, MG Road, Sector 9, Ahmedabad, Gujarat - 580611",Ahmedabad,Gujarat,+91-9571735334,pooja.chauhan316@mail.com,Doctor,Indian,[],"[{""id_type"": ""AADHAAR"", ""id_number"": ""6470-3498-8253""}, {""id_type"": ""PAN"", ""id_number"": ""RGZJY5478N""}]",2026-08-31T18:53:35.125379,2026-08-31T18:53:35.125382
PERSON-000317,Tarun Dutta,MALE,1989-04-02,37,"131, MG Road, Sector 23, Bangalore, Karnataka - 656984",Bangalore,Karnataka,+91-9831724823,,Bank Employee,Indian,"[""Mole on left cheek"", ""Scar on right palm""]","[{""id_type"": ""AADHAAR"", ""id_number"": ""3900-9797-8172""}, {""id_type"": ""PAN"", ""id_number"": ""ISBYF3090M""}]",2026-08-31T18:53:35.125413,2026-08-31T18:53:35.125415
PERSON-000318,Krutika Patel,FEMALE,2008-03-30,18,"655, MG Road, Sector 28, Pune, Maharashtra - 410400",Pune,Maharashtra,+91-9273928759,krutika.patel318@mail.com,Security Guard,Indian,"[""Mole on forehead"", ""Scar on right palm""]","[{""id_type"": ""AADHAAR"", ""id_number"": ""7546-2855-6624""}, {""id_type"": ""PAN"", ""id_number"": ""EILXZ9619E""}]",2026-08-31T18:53:35.125484,2026-08-31T18:53:35.125489
PERSON-000319,Neha Kulkarni,FEMALE,1998-02-06,28,"623, MG Road, Sector 12, Ahmedabad, Gujarat - 553682",Ahmedabad,Gujarat,+91-9394832271,neha.kulkarni319@mail.com,Real Estate Agent,Indian,[],"[{""id_type"": ""AADHAAR"", ""id_number"": ""3987-4417-4194""}, {""id_type"": ""PAN"", ""id_number"": ""TLGDR8817D""}]",2026-08-31T18:53:35.125526,2026-08-31T18:53:35.125529
PERSON-000320,Prachi Naidu,FEMALE,1971-08-04,55,"866, MG Road, Sector 2, Thiruvananthapuram, Kerala - 613178",Thiruvananthapuram,Kerala,+91-9703212337,prachi.naidu320@mail.com,Doctor,Indian,"[""Mole on chin"", ""Scar on left knee""]","[{""id_type"": ""AADHAAR"", ""id_number"": ""5345-5821-4538""}, {""id_type"": ""PAN"", ""id_number"": ""KDCWV5795W""}]",2026-08-31T18:53:35.125575,2026-08-31T18:53:35.125579
PERSON-000321,Payal Naidu,FEMALE,1967-12-02,58,"565, MG Road, Sector 9, Bangalore, Karnataka - 566675",Bangalore,Karnataka,+91-9303210340,payal.naidu321@mail.com,Doctor,Indian,"[""Mole on right shoulder"", ""Scar on right palm""]","[{""id_type"": ""AADHAAR"", ""id_number"": ""2042-5673-8646""}, {""id_type"": ""PAN"", ""id_number"": ""WYHIQ2849Y""}]",2026-08-31T18:53:35.125612,2026-08-31T18:53:35.125615
PERSON-000322,Neha Mukherjee,FEMALE,1959-12-17,66,"394, MG Road, Sector 1, Jaipur, Rajasthan - 619363",Jaipur,Rajasthan,+91-9133007006,neha.mukherjee322@mail.com,Homemaker,Indian,[],"[{""id_type"": ""AADHAAR"", ""id_number"": ""8355-6580-3101""}, {""id_type"": ""PAN"", ""id_number"": ""RRDJP3722T""}]",2026-08-31T18:53:35.125645,2026-08-31T18:53:35.125648
PERSON-000323,Payal Agarwal,FEMALE,2002-01-20,24,"760, MG Road, Sector 24, Pune, Maharashtra - 582530",Pune,Maharashtra,+91-9329511616,payal.agarwal323@mail.com,Doctor,Indian,[],"[{""id_type"": ""AADHAAR"", ""id_number"": ""4344-2368-6040""}, {""id_type"": ""PAN"", ""id_number"": ""CEAUV8200X""}]",2026-08-31T18:53:35.125683,2026-08-31T18:53:35.125685
PERSON-000324,Vandana Gowda,FEMALE,1980-08-20,46,"279, MG Road, Sector 6, Ahmedabad, Gujarat - 402741",Ahmedabad,Gujarat,+91-9218625667,,Farmer,Indian,[],"[{""id_type"": ""AADHAAR"", ""id_number"": ""5440-4470-1518""}, {""id_type"": ""PAN"", ""id_number"": ""LVUCP7675A""}]",2026-08-31T18:53:35.125714,2026-08-31T18:53:35.125717
PERSON-000325,Umesh Pandey,MALE,1964-04-28,62,"489, MG Road, Sector 18, Ahmedabad, Gujarat - 431160",Ahmedabad,Gujarat,+91-9536559211,umesh.pandey325@mail.com,Shopkeeper,Indian,"[""Mole on forehead"", ""Scar on forehead""]","[{""id_type"": ""AADHAAR"", ""id_number"": ""8829-5940-3656""}, {""id_type"": ""PAN"", ""id_number"": ""NZEAV6490C""}]",2026-08-31T18:53:35.125753,2026-08-31T18:53:35.125756
PERSON-000326,Umesh Joshi,MALE,1977-07-18,49,"856, MG Road, Sector 19, Kolkata, West Bengal - 676723",Kolkata,West Bengal,+91-9656859584,umesh.joshi326@mail.com,Businessman,Indian,"[""Mole on right shoulder"", ""Scar on forehead""]","[{""id_type"": ""AADHAAR"", ""id_number"": ""4418-8457-7219""}, {""id_type"": ""PAN"", ""id_number"": ""XYTGS7101G""}]",2026-08-31T18:53:35.125788,2026-08-31T18:53:35.125791
PERSON-000327,Alok Bhowmick,MALE,1982-07-04,44,"859, MG Road, Sector 2, Thiruvananthapuram, Kerala - 632143",Thiruvananthapuram,Kerala,+91-9369168970,alok.bhowmick327@mail.com,Electrician,Indian,[],"[{""id_type"": ""AADHAAR"", ""id_number"": ""2775-4771-4200""}, {""id_type"": ""PAN"", ""id_number"": ""YHTSN8038K""}]",2026-08-31T18:53:35.125831,2026-08-31T18:53:35.125837
PERSON-000328,Rajesh Verma,MALE,1972-11-10,53,"732, MG Road, Sector 13, Kolkata, West Bengal - 450684",Kolkata,West Bengal,+91-9635344485,rajesh.verma328@mail.com,Teacher,Indian,"[""Mole on forehead"", ""Scar on right palm""]","[{""id_type"": ""AADHAAR"", ""id_number"": ""9310-9983-3490""}, {""id_type"": ""PAN"", ""id_number"": ""MRFSZ4850Y""}]",2026-08-31T18:53:35.125886,2026-08-31T18:53:35.125890
PERSON-000329,Sneha Pillai,FEMALE,1979-12-09,46,"505, MG Road, Sector 15, Pune, Maharashtra - 607218",Pune,Maharashtra,+91-9993524112,sneha.pillai329@mail.com,Civil Engineer,Indian,[],"[{""id_type"": ""AADHAAR"", ""id_number"": ""2623-9255-5788""}, {""id_type"": ""PAN"", ""id_number"": ""XRRRW2616Y""}]",2026-08-31T18:53:35.125925,2026-08-31T18:53:35.125928
PERSON-000330,Jyoti Chatterjee,FEMALE,2006-10-24,19,"525, MG Road, Sector 30, Mumbai, Maharashtra - 663798",Mumbai,Maharashtra,+91-9405947676,jyoti.chatterjee330@mail.com,Mechanic,Indian,"[""Mole on chin"", ""Scar on forehead""]","[{""id_type"": ""AADHAAR"", ""id_number"": ""4600-8360-2852""}, {""id_type"": ""PAN"", ""id_number"": ""LDPOR2079B""}]",2026-08-31T18:53:35.126007,2026-08-31T18:53:35.126011
PERSON-000331,Asha Reddy,FEMALE,1988-08-18,38,"161, MG Road, Sector 17, Kolkata, West Bengal - 582181",Kolkata,West Bengal,+91-9791472340,,Contractor,Indian,"[""Mole on chin"", ""Scar on left knee""]","[{""id_type"": ""AADHAAR"", ""id_number"": ""7856-3154-7490""}, {""id_type"": ""PAN"", ""id_number"": ""GBNGE6558U""}]",2026-08-31T18:53:35.126046,2026-08-31T18:53:35.126049
PERSON-000332,Dinesh Mishra,MALE,1951-04-30,75,"184, MG Road, Sector 14, Pune, Maharashtra - 479685",Pune,Maharashtra,+91-9634486438,dinesh.mishra332@mail.com,Accountant,Indian,"[""Mole on left cheek"", ""Scar on left knee""]","[{""id_type"": ""AADHAAR"", ""id_number"": ""8285-7134-7967""}, {""id_type"": ""PAN"", ""id_number"": ""UCWGO6373N""}]",2026-08-31T18:53:35.126091,2026-08-31T18:53:35.126097
PERSON-000333,Arjun Bhatt,MALE,1963-04-19,63,"727, MG Road, Sector 30, Ahmedabad, Gujarat - 429431",Ahmedabad,Gujarat,+91-9469382310,arjun.bhatt333@mail.com,Mechanic,Indian,"[""Mole on left cheek"", ""Scar on left knee""]","[{""id_type"": ""AADHAAR"", ""id_number"": ""7930-3556-1130""}, {""id_type"": ""PAN"", ""id_number"": ""OKXWV8648R""}]",2026-08-31T18:53:35.126150,2026-08-31T18:53:35.126153
PERSON-000334,Vivek Gupta,MALE,2005-05-18,21,"683, MG Road, Sector 14, Central Delhi, Delhi - 691994",Central Delhi,Delhi,+91-9262810690,vivek.gupta334@mail.com,Civil Engineer,Indian,"[""Mole on chin"", ""Scar on left knee""]","[{""id_type"": ""AADHAAR"", ""id_number"": ""4898-1369-3784""}, {""id_type"": ""PAN"", ""id_number"": ""DUHPL4549H""}]",2026-08-31T18:53:35.126189,2026-08-31T18:53:35.126192
PERSON-000335,Sneha Pillai,FEMALE,1974-01-10,52,"205, MG Road, Sector 5, Ahmedabad, Gujarat - 606547",Ahmedabad,Gujarat,+91-9412722138,sneha.pillai335@mail.com,Contractor,Indian,"[""Mole on left cheek"", ""Scar on right palm""]","[{""id_type"": ""AADHAAR"", ""id_number"": ""5682-4892-7232""}, {""id_type"": ""PAN"", ""id_number"": ""VBQTJ4047H""}]",2026-08-31T18:53:35.126228,2026-08-31T18:53:35.126231
PERSON-000336,Ravi Kumar,MALE,1965-12-03,60,"365, MG Road, Sector 4, Thiruvananthapuram, Kerala - 538366",Thiruvananthapuram,Kerala,+91-9831943930,ravi.kumar336@mail.com,Journalist,Indian,[],"[{""id_type"": ""AADHAAR"", ""id_number"": ""5601-5966-4638""}, {""id_type"": ""PAN"", ""id_number"": ""FBZJY3011I""}]",2026-08-31T18:53:35.126261,2026-08-31T18:53:35.126264
PERSON-000337,Vivek Deshmukh,MALE,1960-10-24,65,"100, MG Road, Sector 22, Chennai, Tamil Nadu - 420960",Chennai,Tamil Nadu,+91-9154479191,,Contractor,Indian,[],"[{""id_type"": ""AADHAAR"", ""id_number"": ""2926-9499-2052""}, {""id_type"": ""PAN"", ""id_number"": ""HPLSF3056B""}]",2026-08-31T18:53:35.126297,2026-08-31T18:53:35.126300
PERSON-000338,Mukesh Singh,MALE,1976-06-10,50,"115, MG Road, Sector 8, Bangalore, Karnataka - 489037",Bangalore,Karnataka,+91-9682052490,mukesh.singh338@mail.com,Student,Indian,"[""Mole on right shoulder"", ""Scar on right palm""]","[{""id_type"": ""AADHAAR"", ""id_number"": ""9499-8145-1791""}, {""id_type"": ""PAN"", ""id_number"": ""CYXMC2022V""}]",2026-08-31T18:53:35.126331,2026-08-31T18:53:35.126333
PERSON-000339,Ganesh Reddy,MALE,1976-12-18,49,"206, MG Road, Sector 6, Chennai, Tamil Nadu - 632790",Chennai,Tamil Nadu,+91-9592667619,ganesh.reddy339@mail.com,Bank Employee,Indian,[],"[{""id_type"": ""AADHAAR"", ""id_number"": ""7576-5256-9031""}, {""id_type"": ""PAN"", ""id_number"": ""GEZXQ2706C""}]",2026-08-31T18:53:35.126360,2026-08-31T18:53:35.126363
PERSON-000340,Suman Chauhan,FEMALE,1981-06-08,45,"290, MG Road, Sector 15, Pune, Maharashtra - 579731",Pune,Maharashtra,+91-9898159400,suman.chauhan340@mail.com,Security Guard,Indian,"[""Mole on chin"", ""Scar on forehead""]","[{""id_type"": ""AADHAAR"", ""id_number"": ""3172-8982-4768""}, {""id_type"": ""PAN"", ""id_number"": ""VXLPT6655C""}]",2026-08-31T18:53:35.126419,2026-08-31T18:53:35.126423
PERSON-000341,Manju Srivastava,FEMALE,1990-05-15,36,"615, MG Road, Sector 7, Mumbai, Maharashtra - 579240",Mumbai,Maharashtra,+91-9452327530,manju.srivastava341@mail.com,Mechanic,Indian,"[""Mole on forehead"", ""Scar on forehead""]","[{""id_type"": ""AADHAAR"", ""id_number"": ""7189-3724-1890""}, {""id_type"": ""PAN"", ""id_number"": ""QUXWC9249Y""}]",2026-08-31T18:53:35.126461,2026-08-31T18:53:35.126464
PERSON-000342,Pankaj Tripathi,MALE,2005-06-13,21,"506, MG Road, Sector 6, Mumbai, Maharashtra - 490023",Mumbai,Maharashtra,+91-9530887879,pankaj.tripathi342@mail.com,Businessman,Indian,"[""Mole on right shoulder"", ""Scar on left knee""]","[{""id_type"": ""AADHAAR"", ""id_number"": ""4729-8947-6526""}, {""id_type"": ""PAN"", ""id_number"": ""MNMXO5493X""}]",2026-08-31T18:53:35.126499,2026-08-31T18:53:35.126503
PERSON-000343,Manish Kulkarni,MALE,1991-01-21,35,"63, MG Road, Sector 13, Pune, Maharashtra - 663994",Pune,Maharashtra,+91-9236315368,,Real Estate Agent,Indian,[],"[{""id_type"": ""AADHAAR"", ""id_number"": ""7630-4588-1626""}, {""id_type"": ""PAN"", ""id_number"": ""MORQQ7768Q""}]",2026-08-31T18:53:35.126542,2026-08-31T18:53:35.126544
PERSON-000344,Ganesh Sharma,MALE,1978-11-27,47,"538, MG Road, Sector 11, Lucknow, Uttar Pradesh - 598156",Lucknow,Uttar Pradesh,+91-9822687438,ganesh.sharma344@mail.com,Mechanic,Indian,[],"[{""id_type"": ""AADHAAR"", ""id_number"": ""4680-3140-9491""}, {""id_type"": ""PAN"", ""id_number"": ""CWKJC7231E""}]",2026-08-31T18:53:35.126576,2026-08-31T18:53:35.126579
PERSON-000345,Madhu Verma,FEMALE,1957-03-28,69,"671, MG Road, Sector 27, Chennai, Tamil Nadu - 502838",Chennai,Tamil Nadu,+91-9491819328,,Security Guard,Indian,[],"[{""id_type"": ""AADHAAR"", ""id_number"": ""4912-7044-6771""}, {""id_type"": ""PAN"", ""id_number"": ""HYTMR6645Z""}]",2026-08-31T18:53:35.126608,2026-08-31T18:53:35.126610
PERSON-000346,Meena Das,FEMALE,1978-01-13,48,"425, MG Road, Sector 25, Pune, Maharashtra - 584842",Pune,Maharashtra,+91-9288073647,,Student,Indian,"[""Mole on forehead"", ""Scar on right palm""]","[{""id_type"": ""AADHAAR"", ""id_number"": ""9610-9761-9775""}, {""id_type"": ""PAN"", ""id_number"": ""SUXAU3782W""}]",2026-08-31T18:53:35.126649,2026-08-31T18:53:35.126652
PERSON-000347,Vinod Patel,MALE,1959-11-04,66,"729, MG Road, Sector 12, Bangalore, Karnataka - 429284",Bangalore,Karnataka,+91-9625961310,,Farmer,Indian,"[""Mole on right shoulder"", ""Scar on right palm""]","[{""id_type"": ""AADHAAR"", ""id_number"": ""2915-9043-2244""}, {""id_type"": ""PAN"", ""id_number"": ""ZDZUT3057L""}]",2026-08-31T18:53:35.126688,2026-08-31T18:53:35.126690
PERSON-000348,Asha Menon,FEMALE,1976-11-05,49,"837, MG Road, Sector 17, Mumbai, Maharashtra - 641075",Mumbai,Maharashtra,+91-9884320838,asha.menon348@mail.com,Shopkeeper,Indian,"[""Mole on right shoulder"", ""Scar on forehead""]","[{""id_type"": ""AADHAAR"", ""id_number"": ""7591-6708-3283""}, {""id_type"": ""PAN"", ""id_number"": ""CJJEY5957B""}]",2026-08-31T18:53:35.126742,2026-08-31T18:53:35.126748
PERSON-000349,Sunil Agarwal,MALE,1971-11-25,54,"743, MG Road, Sector 5, Jaipur, Rajasthan - 471566",Jaipur,Rajasthan,+91-9427654291,sunil.agarwal349@mail.com,Accountant,Indian,[],"[{""id_type"": ""AADHAAR"", ""id_number"": ""8329-9550-2800""}, {""id_type"": ""PAN"", ""id_number"": ""LFRFY1897N""}]",2026-08-31T18:53:35.126790,2026-08-31T18:53:35.126793
PERSON-000350,Ajay Shetty,MALE,1953-02-08,73,"180, MG Road, Sector 7, Bangalore, Karnataka - 667114",Bangalore,Karnataka,+91-9314489931,ajay.shetty350@mail.com,Businessman,Indian,"[""Mole on right shoulder"", ""Scar on left knee""]","[{""id_type"": ""AADHAAR"", ""id_number"": ""5362-9310-7149""}, {""id_type"": ""PAN"", ""id_number"": ""FCOQU2085B""}]",2026-08-31T18:53:35.126831,2026-08-31T18:53:35.126834
PERSON-000351,Meena Joshi,FEMALE,1952-11-11,73,"332, MG Road, Sector 24, Pune, Maharashtra - 640687",Pune,Maharashtra,+91-9212716358,,Civil Engineer,Indian,"[""Mole on right shoulder"", ""Scar on forehead""]","[{""id_type"": ""AADHAAR"", ""id_number"": ""9770-3455-5506""}, {""id_type"": ""PAN"", ""id_number"": ""FVQEQ9971E""}]",2026-08-31T18:53:35.126886,2026-08-31T18:53:35.126891
PERSON-000352,Payal Kulkarni,FEMALE,1954-11-24,71,"298, MG Road, Sector 3, Thiruvananthapuram, Kerala - 659219",Thiruvananthapuram,Kerala,+91-9504487809,payal.kulkarni352@mail.com,Real Estate Agent,Indian,"[""Mole on forehead"", ""Scar on left knee""]","[{""id_type"": ""AADHAAR"", ""id_number"": ""7937-5874-9363""}, {""id_type"": ""PAN"", ""id_number"": ""COKDG9160S""}]",2026-08-31T18:53:35.126936,2026-08-31T18:53:35.126940
PERSON-000353,Pankaj Verma,MALE,1956-04-29,70,"274, MG Road, Sector 15, Kolkata, West Bengal - 457789",Kolkata,West Bengal,+91-9564903531,pankaj.verma353@mail.com,Government Servant,Indian,[],"[{""id_type"": ""AADHAAR"", ""id_number"": ""3268-1491-4962""}, {""id_type"": ""PAN"", ""id_number"": ""IUKRI8467S""}]",2026-08-31T18:53:35.126992,2026-08-31T18:53:35.126995
PERSON-000354,Chandan Dubey,MALE,1989-12-15,36,"638, MG Road, Sector 3, Pune, Maharashtra - 415437",Pune,Maharashtra,+91-9312918079,chandan.dubey354@mail.com,Civil Engineer,Indian,[],"[{""id_type"": ""AADHAAR"", ""id_number"": ""7838-2641-9476""}, {""id_type"": ""PAN"", ""id_number"": ""GPURG6240M""}]",2026-08-31T18:53:35.127032,2026-08-31T18:53:35.127035
PERSON-000355,Siddharth Saxena,MALE,2008-07-15,18,"405, MG Road, Sector 23, Bangalore, Karnataka - 678900",Bangalore,Karnataka,+91-9681598839,siddharth.saxena355@mail.com,Bank Employee,Indian,"[""Mole on chin"", ""Scar on forehead""]","[{""id_type"": ""AADHAAR"", ""id_number"": ""4702-5052-6478""}, {""id_type"": ""PAN"", ""id_number"": ""VLVQZ5686I""}]",2026-08-31T18:53:35.127070,2026-08-31T18:53:35.127073
PERSON-000356,Varun Shah,MALE,1983-01-02,43,"670, MG Road, Sector 25, Thiruvananthapuram, Kerala - 649472",Thiruvananthapuram,Kerala,+91-9487846702,varun.shah356@mail.com,Government Servant,Indian,"[""Mole on right shoulder"", ""Scar on forehead""]","[{""id_type"": ""AADHAAR"", ""id_number"": ""9800-9456-7117""}, {""id_type"": ""PAN"", ""id_number"": ""VTZTS8518G""}]",2026-08-31T18:53:35.127112,2026-08-31T18:53:35.127115
PERSON-000357,Vinod Joshi,MALE,1965-02-02,61,"689, MG Road, Sector 2, Pune, Maharashtra - 577108",Pune,Maharashtra,+91-9823451360,,Unemployed,Indian,[],"[{""id_type"": ""AADHAAR"", ""id_number"": ""9912-8715-3105""}, {""id_type"": ""PAN"", ""id_number"": ""NWKLY7509I""}]",2026-08-31T18:53:35.127144,2026-08-31T18:53:35.127146
PERSON-000358,Nandini Kumar,FEMALE,2006-07-01,20,"840, MG Road, Sector 2, Thiruvananthapuram, Kerala - 404135",Thiruvananthapuram,Kerala,+91-9510531164,nandini.kumar358@mail.com,Mechanic,Indian,[],"[{""id_type"": ""AADHAAR"", ""id_number"": ""9324-1847-1889""}, {""id_type"": ""PAN"", ""id_number"": ""ONZVD7828B""}]",2026-08-31T18:53:35.127173,2026-08-31T18:53:35.127176
PERSON-000359,Umesh Patel,MALE,2008-08-16,18,"135, MG Road, Sector 1, Chennai, Tamil Nadu - 503521",Chennai,Tamil Nadu,+91-9471128923,umesh.patel359@mail.com,Journalist,Indian,"[""Mole on right shoulder"", ""Scar on forehead""]","[{""id_type"": ""AADHAAR"", ""id_number"": ""3192-1395-1049""}, {""id_type"": ""PAN"", ""id_number"": ""OVPEN7769S""}]",2026-08-31T18:53:35.127205,2026-08-31T18:53:35.127207
PERSON-000360,Jyoti Shukla,FEMALE,1986-09-03,40,"32, MG Road, Sector 4, Bangalore, Karnataka - 638577",Bangalore,Karnataka,+91-9191426885,jyoti.shukla360@mail.com,Driver,Indian,[],"[{""id_type"": ""AADHAAR"", ""id_number"": ""6481-1643-2690""}, {""id_type"": ""PAN"", ""id_number"": ""EOPAS6343L""}]",2026-08-31T18:53:35.127234,2026-08-31T18:53:35.127237
PERSON-000361,Yogesh Nair,MALE,1956-09-27,69,"837, MG Road, Sector 18, Thiruvananthapuram, Kerala - 518803",Thiruvananthapuram,Kerala,+91-9287111508,yogesh.nair361@mail.com,Student,Indian,[],"[{""id_type"": ""AADHAAR"", ""id_number"": ""3134-4426-1137""}, {""id_type"": ""PAN"", ""id_number"": ""PGPDX7524A""}]",2026-08-31T18:53:35.127271,2026-08-31T18:53:35.127274
PERSON-000362,Yogesh Naidu,MALE,1951-11-16,74,"360, MG Road, Sector 30, Central Delhi, Delhi - 691003",Central Delhi,Delhi,+91-9762912006,yogesh.naidu362@mail.com,Government Servant,Indian,[],"[{""id_type"": ""AADHAAR"", ""id_number"": ""6028-8885-7558""}, {""id_type"": ""PAN"", ""id_number"": ""KBONY2815C""}]",2026-08-31T18:53:35.127304,2026-08-31T18:53:35.127307
PERSON-000363,Madhu Reddy,FEMALE,1978-08-29,48,"966, MG Road, Sector 10, Pune, Maharashtra - 650597",Pune,Maharashtra,+91-9684447250,madhu.reddy363@mail.com,Security Guard,Indian,[],"[{""id_type"": ""AADHAAR"", ""id_number"": ""2340-8094-7910""}, {""id_type"": ""PAN"", ""id_number"": ""ZBRGY7155T""}]",2026-08-31T18:53:35.127340,2026-08-31T18:53:35.127343
PERSON-000364,Umesh Shetty,MALE,1991-06-26,35,"712, MG Road, Sector 17, Ahmedabad, Gujarat - 592446",Ahmedabad,Gujarat,+91-9696381633,,Journalist,Indian,[],"[{""id_type"": ""AADHAAR"", ""id_number"": ""4988-3607-1360""}, {""id_type"": ""PAN"", ""id_number"": ""PNGED6824M""}]",2026-08-31T18:53:35.127370,2026-08-31T18:53:35.127372
PERSON-000365,Lata Singh,FEMALE,1959-02-02,67,"130, MG Road, Sector 13, Bangalore, Karnataka - 402987",Bangalore,Karnataka,+91-9222072878,,Doctor,Indian,[],"[{""id_type"": ""AADHAAR"", ""id_number"": ""7390-7162-1611""}, {""id_type"": ""PAN"", ""id_number"": ""LHEOS8840R""}]",2026-08-31T18:53:35.127413,2026-08-31T18:53:35.127418
PERSON-000366,Seema Bhatt,FEMALE,1998-06-22,28,"823, MG Road, Sector 15, Kolkata, West Bengal - 662982",Kolkata,West Bengal,+91-9226821535,seema.bhatt366@mail.com,Software Engineer,Indian,"[""Mole on right shoulder"", ""Scar on right palm""]","[{""id_type"": ""AADHAAR"", ""id_number"": ""9879-3174-5381""}, {""id_type"": ""PAN"", ""id_number"": ""EXZXN9745P""}]",2026-08-31T18:53:35.127461,2026-08-31T18:53:35.127464
PERSON-000367,Amit Verma,MALE,1973-08-28,53,"543, MG Road, Sector 20, Jaipur, Rajasthan - 406387",Jaipur,Rajasthan,+91-9978124686,,Security Guard,Indian,"[""Mole on forehead"", ""Scar on right palm""]","[{""id_type"": ""AADHAAR"", ""id_number"": ""4861-6631-5190""}, {""id_type"": ""PAN"", ""id_number"": ""FDIJV2242N""}]",2026-08-31T18:53:35.127531,2026-08-31T18:53:35.127535
PERSON-000368,Satish Kulkarni,MALE,1966-07-21,60,"22, MG Road, Sector 18, Bangalore, Karnataka - 426859",Bangalore,Karnataka,+91-9915061098,satish.kulkarni368@mail.com,Lawyer,Indian,[],"[{""id_type"": ""AADHAAR"", ""id_number"": ""7333-4118-8809""}, {""id_type"": ""PAN"", ""id_number"": ""FWXEP1921T""}]",2026-08-31T18:53:35.127569,2026-08-31T18:53:35.127579
PERSON-000369,Suman Shukla,FEMALE,1985-07-17,41,"147, MG Road, Sector 1, Lucknow, Uttar Pradesh - 470530",Lucknow,Uttar Pradesh,+91-9539393359,,Doctor,Indian,[],"[{""id_type"": ""AADHAAR"", ""id_number"": ""8306-7399-6768""}, {""id_type"": ""PAN"", ""id_number"": ""AGLEF8609R""}]",2026-08-31T18:53:35.127611,2026-08-31T18:53:35.127614
PERSON-000370,Gaurav Das,MALE,1975-11-02,50,"850, MG Road, Sector 11, Bangalore, Karnataka - 615936",Bangalore,Karnataka,+91-9180708863,,Shopkeeper,Indian,"[""Mole on chin"", ""Scar on forehead""]","[{""id_type"": ""AADHAAR"", ""id_number"": ""7160-4449-8930""}, {""id_type"": ""PAN"", ""id_number"": ""MLZEM9096L""}]",2026-08-31T18:53:35.127645,2026-08-31T18:53:35.127648
PERSON-000371,Rajesh Shukla,MALE,1965-09-01,61,"421, MG Road, Sector 21, Lucknow, Uttar Pradesh - 537755",Lucknow,Uttar Pradesh,+91-9635987363,,Unemployed,Indian,[],"[{""id_type"": ""AADHAAR"", ""id_number"": ""7047-4720-2745""}, {""id_type"": ""PAN"", ""id_number"": ""OXZCD1167K""}]",2026-08-31T18:53:35.127675,2026-08-31T18:53:35.127678
PERSON-000372,Manoj Mishra,MALE,1973-06-13,53,"957, MG Road, Sector 24, Kolkata, West Bengal - 453643",Kolkata,West Bengal,+91-9628428291,,Bank Employee,Indian,[],"[{""id_type"": ""AADHAAR"", ""id_number"": ""7263-2926-7871""}, {""id_type"": ""PAN"", ""id_number"": ""RBYZT8959K""}]",2026-08-31T18:53:35.127713,2026-08-31T18:53:35.127716
PERSON-000373,Nisha Bansal,FEMALE,2006-08-22,20,"42, MG Road, Sector 20, Central Delhi, Delhi - 609338",Central Delhi,Delhi,+91-9515016272,,Security Guard,Indian,[],"[{""id_type"": ""AADHAAR"", ""id_number"": ""9081-4849-2021""}, {""id_type"": ""PAN"", ""id_number"": ""OMHPZ5687C""}]",2026-08-31T18:53:35.127748,2026-08-31T18:53:35.127751
PERSON-000374,Tejal Verma,FEMALE,1997-09-17,28,"254, MG Road, Sector 6, Ahmedabad, Gujarat - 591342",Ahmedabad,Gujarat,+91-9494021183,,Bank Employee,Indian,"[""Mole on left cheek"", ""Scar on left knee""]","[{""id_type"": ""AADHAAR"", ""id_number"": ""7868-1655-2753""}, {""id_type"": ""PAN"", ""id_number"": ""UNXNC1384N""}]",2026-08-31T18:53:35.127782,2026-08-31T18:53:35.127785
PERSON-000375,Deepa Patel,FEMALE,1977-02-04,49,"168, MG Road, Sector 11, Mumbai, Maharashtra - 596624",Mumbai,Maharashtra,+91-9890996518,deepa.patel375@mail.com,Government Servant,Indian,[],"[{""id_type"": ""AADHAAR"", ""id_number"": ""5925-7671-9841""}, {""id_type"": ""PAN"", ""id_number"": ""YIAJV7548V""}]",2026-08-31T18:53:35.127814,2026-08-31T18:53:35.127817
PERSON-000376,Shanti Shetty,FEMALE,1962-10-18,63,"918, MG Road, Sector 13, Bangalore, Karnataka - 621734",Bangalore,Karnataka,+91-9682430545,shanti.shetty376@mail.com,Government Servant,Indian,[],"[{""id_type"": ""AADHAAR"", ""id_number"": ""9588-8928-5614""}, {""id_type"": ""PAN"", ""id_number"": ""SMGKF4636P""}]",2026-08-31T18:53:35.127867,2026-08-31T18:53:35.127871
PERSON-000377,Umesh Joshi,MALE,1968-12-13,57,"584, MG Road, Sector 20, Ahmedabad, Gujarat - 509970",Ahmedabad,Gujarat,+91-9394440518,umesh.joshi377@mail.com,Accountant,Indian,[],"[{""id_type"": ""AADHAAR"", ""id_number"": ""2624-3134-3774""}, {""id_type"": ""PAN"", ""id_number"": ""KMLBV2960A""}]",2026-08-31T18:53:35.127905,2026-08-31T18:53:35.127907
PERSON-000378,Tarun Saxena,MALE,1985-03-05,41,"873, MG Road, Sector 25, Pune, Maharashtra - 574526",Pune,Maharashtra,+91-9559220600,tarun.saxena378@mail.com,Mechanic,Indian,[],"[{""id_type"": ""AADHAAR"", ""id_number"": ""4926-2025-6566""}, {""id_type"": ""PAN"", ""id_number"": ""GWUUC4483T""}]",2026-08-31T18:53:35.127950,2026-08-31T18:53:35.127953
PERSON-000379,Dinesh Bhatt,MALE,1961-08-19,65,"11, MG Road, Sector 2, Pune, Maharashtra - 432208",Pune,Maharashtra,+91-9799778261,dinesh.bhatt379@mail.com,Unemployed,Indian,"[""Mole on right shoulder"", ""Scar on right palm""]","[{""id_type"": ""AADHAAR"", ""id_number"": ""9505-4111-8604""}, {""id_type"": ""PAN"", ""id_number"": ""GRCVV9040R""}]",2026-08-31T18:53:35.127986,2026-08-31T18:53:35.127990
PERSON-000380,Sachin Mishra,MALE,1957-09-27,68,"971, MG Road, Sector 9, Central Delhi, Delhi - 414695",Central Delhi,Delhi,+91-9436760937,sachin.mishra380@mail.com,Mechanic,Indian,[],"[{""id_type"": ""AADHAAR"", ""id_number"": ""8831-1571-5901""}, {""id_type"": ""PAN"", ""id_number"": ""VWPFT8881X""}]",2026-08-31T18:53:35.128019,2026-08-31T18:53:35.128022
PERSON-000381,Vidya Mishra,FEMALE,1957-05-10,69,"667, MG Road, Sector 11, Thiruvananthapuram, Kerala - 663379",Thiruvananthapuram,Kerala,+91-9291720989,vidya.mishra381@mail.com,Accountant,Indian,[],"[{""id_type"": ""AADHAAR"", ""id_number"": ""6693-3783-1174""}, {""id_type"": ""PAN"", ""id_number"": ""AFZSY2753Y""}]",2026-08-31T18:53:35.128052,2026-08-31T18:53:35.128055
PERSON-000382,Rajesh Agarwal,MALE,1953-08-28,73,"516, MG Road, Sector 8, Pune, Maharashtra - 562105",Pune,Maharashtra,+91-9935238784,rajesh.agarwal382@mail.com,Lawyer,Indian,[],"[{""id_type"": ""AADHAAR"", ""id_number"": ""7617-6558-3617""}, {""id_type"": ""PAN"", ""id_number"": ""QCEZS8545C""}]",2026-08-31T18:53:35.128082,2026-08-31T18:53:35.128085
PERSON-000383,Gaurav Verma,MALE,2001-09-12,24,"410, MG Road, Sector 28, Lucknow, Uttar Pradesh - 563016",Lucknow,Uttar Pradesh,+91-9691231271,,Doctor,Indian,[],"[{""id_type"": ""AADHAAR"", ""id_number"": ""6292-1442-2580""}, {""id_type"": ""PAN"", ""id_number"": ""YZWQB7588L""}]",2026-08-31T18:53:35.128121,2026-08-31T18:53:35.128124
PERSON-000384,Mohan Deshmukh,MALE,1994-12-29,31,"433, MG Road, Sector 7, Thiruvananthapuram, Kerala - 593570",Thiruvananthapuram,Kerala,+91-9645817298,mohan.deshmukh384@mail.com,Bank Employee,Indian,"[""Mole on forehead"", ""Scar on forehead""]","[{""id_type"": ""AADHAAR"", ""id_number"": ""6911-7859-3842""}, {""id_type"": ""PAN"", ""id_number"": ""QLABS7649M""}]",2026-08-31T18:53:35.128153,2026-08-31T18:53:35.128156
PERSON-000385,Dinesh Bansal,MALE,1971-04-08,55,"528, MG Road, Sector 4, Jaipur, Rajasthan - 543800",Jaipur,Rajasthan,+91-9817507021,dinesh.bansal385@mail.com,Government Servant,Indian,"[""Mole on forehead"", ""Scar on left knee""]","[{""id_type"": ""AADHAAR"", ""id_number"": ""5004-8788-2540""}, {""id_type"": ""PAN"", ""id_number"": ""JDXHG1377I""}]",2026-08-31T18:53:35.128186,2026-08-31T18:53:35.128189
PERSON-000386,Ramesh Tripathi,MALE,1993-03-10,33,"398, MG Road, Sector 28, Chennai, Tamil Nadu - 636326",Chennai,Tamil Nadu,+91-9158110302,ramesh.tripathi386@mail.com,Electrician,Indian,"[""Mole on right shoulder"", ""Scar on left knee""]","[{""id_type"": ""AADHAAR"", ""id_number"": ""6436-5889-5987""}, {""id_type"": ""PAN"", ""id_number"": ""CXEGR9081I""}]",2026-08-31T18:53:35.128218,2026-08-31T18:53:35.128220
PERSON-000387,Vinod Menon,MALE,1960-05-04,66,"414, MG Road, Sector 12, Mumbai, Maharashtra - 673207",Mumbai,Maharashtra,+91-9127166653,,Accountant,Indian,"[""Mole on left cheek"", ""Scar on right palm""]","[{""id_type"": ""AADHAAR"", ""id_number"": ""3426-7230-1048""}, {""id_type"": ""PAN"", ""id_number"": ""ABCOZ8750O""}]",2026-08-31T18:53:35.128247,2026-08-31T18:53:35.128250
PERSON-000388,Hitesh Tiwari,MALE,1962-05-24,64,"174, MG Road, Sector 29, Ahmedabad, Gujarat - 444830",Ahmedabad,Gujarat,+91-9643256392,hitesh.tiwari388@mail.com,Shopkeeper,Indian,"[""Mole on chin"", ""Scar on forehead""]","[{""id_type"": ""AADHAAR"", ""id_number"": ""5430-4610-8184""}, {""id_type"": ""PAN"", ""id_number"": ""CSPYI1972O""}]",2026-08-31T18:53:35.128290,2026-08-31T18:53:35.128295
PERSON-000389,Radha Bhowmick,FEMALE,1981-01-02,45,"228, MG Road, Sector 17, Chennai, Tamil Nadu - 545289",Chennai,Tamil Nadu,+91-9952239240,,Shopkeeper,Indian,"[""Mole on left cheek"", ""Scar on right palm""]","[{""id_type"": ""AADHAAR"", ""id_number"": ""6919-5529-3587""}, {""id_type"": ""PAN"", ""id_number"": ""QSAZM3936U""}]",2026-08-31T18:53:35.128340,2026-08-31T18:53:35.128345
PERSON-000390,Mohan Nair,MALE,1998-01-26,28,"955, MG Road, Sector 8, Lucknow, Uttar Pradesh - 440273",Lucknow,Uttar Pradesh,+91-9803398953,mohan.nair390@mail.com,Homemaker,Indian,[],"[{""id_type"": ""AADHAAR"", ""id_number"": ""2560-1382-7030""}, {""id_type"": ""PAN"", ""id_number"": ""JWHHW8079E""}]",2026-08-31T18:53:35.128385,2026-08-31T18:53:35.128388
PERSON-000391,Madhu Joshi,FEMALE,2004-01-04,22,"194, MG Road, Sector 8, Bangalore, Karnataka - 442995",Bangalore,Karnataka,+91-9967651419,madhu.joshi391@mail.com,Student,Indian,[],"[{""id_type"": ""AADHAAR"", ""id_number"": ""7114-9819-4820""}, {""id_type"": ""PAN"", ""id_number"": ""PKQMV4567A""}]",2026-08-31T18:53:35.128421,2026-08-31T18:53:35.128424
PERSON-000392,Anita Joshi,FEMALE,1951-05-26,75,"12, MG Road, Sector 17, Central Delhi, Delhi - 688830",Central Delhi,Delhi,+91-9719405488,anita.joshi392@mail.com,Doctor,Indian,"[""Mole on forehead"", ""Scar on forehead""]","[{""id_type"": ""AADHAAR"", ""id_number"": ""7067-2572-6097""}, {""id_type"": ""PAN"", ""id_number"": ""PQBUB6789V""}]",2026-08-31T18:53:35.128457,2026-08-31T18:53:35.128460
PERSON-000393,Arjun Chauhan,MALE,2004-06-23,22,"872, MG Road, Sector 4, Pune, Maharashtra - 571151",Pune,Maharashtra,+91-9960575282,arjun.chauhan393@mail.com,Electrician,Indian,"[""Mole on chin"", ""Scar on left knee""]","[{""id_type"": ""AADHAAR"", ""id_number"": ""5730-7767-6138""}, {""id_type"": ""PAN"", ""id_number"": ""ALYEN8807L""}]",2026-08-31T18:53:35.128502,2026-08-31T18:53:35.128505
PERSON-000394,Swati Saxena,FEMALE,1958-10-30,67,"700, MG Road, Sector 4, Kolkata, West Bengal - 452125",Kolkata,West Bengal,+91-9778628954,swati.saxena394@mail.com,Bank Employee,Indian,"[""Mole on forehead"", ""Scar on right palm""]","[{""id_type"": ""AADHAAR"", ""id_number"": ""8554-3874-2150""}, {""id_type"": ""PAN"", ""id_number"": ""RHUPT6937F""}]",2026-08-31T18:53:35.128538,2026-08-31T18:53:35.128541
PERSON-000395,Karan Sharma,MALE,1966-09-03,60,"971, MG Road, Sector 27, Chennai, Tamil Nadu - 649465",Chennai,Tamil Nadu,+91-9607220620,karan.sharma395@mail.com,Software Engineer,Indian,[],"[{""id_type"": ""AADHAAR"", ""id_number"": ""9356-2652-7191""}, {""id_type"": ""PAN"", ""id_number"": ""PPAYS5295R""}]",2026-08-31T18:53:35.128569,2026-08-31T18:53:35.128572
PERSON-000396,Meera Bhatt,FEMALE,2004-09-15,21,"535, MG Road, Sector 26, Central Delhi, Delhi - 440529",Central Delhi,Delhi,+91-9214372217,meera.bhatt396@mail.com,Electrician,Indian,"[""Mole on chin"", ""Scar on right palm""]","[{""id_type"": ""AADHAAR"", ""id_number"": ""3432-8048-1704""}, {""id_type"": ""PAN"", ""id_number"": ""DZQTB1581F""}]",2026-08-31T18:53:35.128602,2026-08-31T18:53:35.128605
PERSON-000397,Tejal Yadav,FEMALE,1952-04-10,74,"959, MG Road, Sector 8, Thiruvananthapuram, Kerala - 599643",Thiruvananthapuram,Kerala,+91-9889636835,tejal.yadav397@mail.com,Teacher,Indian,[],"[{""id_type"": ""AADHAAR"", ""id_number"": ""4876-9204-1462""}, {""id_type"": ""PAN"", ""id_number"": ""KPQOU8236R""}]",2026-08-31T18:53:35.128634,2026-08-31T18:53:35.128636
PERSON-000398,Lata Dubey,FEMALE,1977-03-25,49,"394, MG Road, Sector 29, Jaipur, Rajasthan - 593778",Jaipur,Rajasthan,+91-9299039945,lata.dubey398@mail.com,Journalist,Indian,"[""Mole on left cheek"", ""Scar on right palm""]","[{""id_type"": ""AADHAAR"", ""id_number"": ""6440-5339-2957""}, {""id_type"": ""PAN"", ""id_number"": ""SPDLR7026W""}]",2026-08-31T18:53:35.128671,2026-08-31T18:53:35.128674
PERSON-000399,Payal Bansal,FEMALE,1954-02-12,72,"907, MG Road, Sector 21, Chennai, Tamil Nadu - 531030",Chennai,Tamil Nadu,+91-9882955359,payal.bansal399@mail.com,Shopkeeper,Indian,[],"[{""id_type"": ""AADHAAR"", ""id_number"": ""7605-7841-4561""}, {""id_type"": ""PAN"", ""id_number"": ""PKYGZ8438B""}]",2026-08-31T18:53:35.128703,2026-08-31T18:53:35.128706
PERSON-000400,Yogesh Chatterjee,MALE,1992-10-10,33,"900, MG Road, Sector 6, Chennai, Tamil Nadu - 512348",Chennai,Tamil Nadu,+91-9399585178,yogesh.chatterjee400@mail.com,Software Engineer,Indian,[],"[{""id_type"": ""AADHAAR"", ""id_number"": ""3609-5100-2430""}, {""id_type"": ""PAN"", ""id_number"": ""IGIOP3786P""}]",2026-08-31T18:53:35.128737,2026-08-31T18:53:35.128744
PERSON-000401,Manju Shetty,FEMALE,2004-06-24,22,"145, MG Road, Sector 5, Mumbai, Maharashtra - 401062",Mumbai,Maharashtra,+91-9810408304,,Contractor,Indian,"[""Mole on right shoulder"", ""Scar on left knee""]","[{""id_type"": ""AADHAAR"", ""id_number"": ""9971-7184-8613""}, {""id_type"": ""PAN"", ""id_number"": ""SMYWN8388L""}]",2026-08-31T18:53:35.128792,2026-08-31T18:53:35.128796
PERSON-000402,Tejal Saxena,FEMALE,1955-07-02,71,"976, MG Road, Sector 27, Ahmedabad, Gujarat - 684971",Ahmedabad,Gujarat,+91-9772781174,,Businessman,Indian,"[""Mole on chin"", ""Scar on left knee""]","[{""id_type"": ""AADHAAR"", ""id_number"": ""8870-4799-4503""}, {""id_type"": ""PAN"", ""id_number"": ""DHSWS6066R""}]",2026-08-31T18:53:35.128836,2026-08-31T18:53:35.128839
PERSON-000403,Siddharth Bhowmick,MALE,1979-12-13,46,"56, MG Road, Sector 12, Bangalore, Karnataka - 443481",Bangalore,Karnataka,+91-9180394467,,Doctor,Indian,"[""Mole on chin"", ""Scar on forehead""]","[{""id_type"": ""AADHAAR"", ""id_number"": ""5100-2372-3779""}, {""id_type"": ""PAN"", ""id_number"": ""TXGNO2060Z""}]",2026-08-31T18:53:35.128882,2026-08-31T18:53:35.128885
PERSON-000404,Vinod Malik,MALE,1958-11-06,67,"711, MG Road, Sector 12, Thiruvananthapuram, Kerala - 592067",Thiruvananthapuram,Kerala,+91-9620535936,,Journalist,Indian,[],"[{""id_type"": ""AADHAAR"", ""id_number"": ""5720-8302-3374""}, {""id_type"": ""PAN"", ""id_number"": ""TUNRN7274A""}]",2026-08-31T18:53:35.128916,2026-08-31T18:53:35.128919
PERSON-000405,Vijay Saxena,MALE,1961-08-15,65,"241, MG Road, Sector 23, Mumbai, Maharashtra - 545085",Mumbai,Maharashtra,+91-9491562266,vijay.saxena405@mail.com,Civil Engineer,Indian,[],"[{""id_type"": ""AADHAAR"", ""id_number"": ""4153-8006-2423""}, {""id_type"": ""PAN"", ""id_number"": ""GWHHK3119O""}]",2026-08-31T18:53:35.128952,2026-08-31T18:53:35.128954
PERSON-000406,Chandan Patil,MALE,2003-04-30,23,"218, MG Road, Sector 1, Pune, Maharashtra - 544618",Pune,Maharashtra,+91-9529656104,chandan.patil406@mail.com,Student,Indian,"[""Mole on left cheek"", ""Scar on right palm""]","[{""id_type"": ""AADHAAR"", ""id_number"": ""2455-5933-4801""}, {""id_type"": ""PAN"", ""id_number"": ""BGSIA2803T""}]",2026-08-31T18:53:35.128986,2026-08-31T18:53:35.128989
PERSON-000407,Meera Mukherjee,FEMALE,1966-09-03,60,"550, MG Road, Sector 26, Lucknow, Uttar Pradesh - 555439",Lucknow,Uttar Pradesh,+91-9842835848,,Driver,Indian,[],"[{""id_type"": ""AADHAAR"", ""id_number"": ""5439-9746-1110""}, {""id_type"": ""PAN"", ""id_number"": ""BCNJU8595K""}]",2026-08-31T18:53:35.129015,2026-08-31T18:53:35.129018
PERSON-000408,Ravi Saxena,MALE,1986-03-27,40,"785, MG Road, Sector 28, Kolkata, West Bengal - 581812",Kolkata,West Bengal,+91-9215051831,ravi.saxena408@mail.com,Student,Indian,"[""Mole on forehead"", ""Scar on left knee""]","[{""id_type"": ""AADHAAR"", ""id_number"": ""2918-7396-6983""}, {""id_type"": ""PAN"", ""id_number"": ""LPNHI5688L""}]",2026-08-31T18:53:35.129073,2026-08-31T18:53:35.129079
PERSON-000409,Nandini Das,FEMALE,1972-05-12,54,"643, MG Road, Sector 1, Pune, Maharashtra - 491489",Pune,Maharashtra,+91-9737836776,nandini.das409@mail.com,Security Guard,Indian,[],"[{""id_type"": ""AADHAAR"", ""id_number"": ""5018-8208-3062""}, {""id_type"": ""PAN"", ""id_number"": ""GALLY4923T""}]",2026-08-31T18:53:35.129128,2026-08-31T18:53:35.129131
PERSON-000410,Ganesh Saxena,MALE,1995-11-28,30,"146, MG Road, Sector 24, Thiruvananthapuram, Kerala - 696078",Thiruvananthapuram,Kerala,+91-9829162602,ganesh.saxena410@mail.com,Lawyer,Indian,[],"[{""id_type"": ""AADHAAR"", ""id_number"": ""4609-8172-8716""}, {""id_type"": ""PAN"", ""id_number"": ""BBNMO2718U""}]",2026-08-31T18:53:35.129166,2026-08-31T18:53:35.129168
PERSON-000411,Tejal Gowda,FEMALE,2005-11-15,20,"972, MG Road, Sector 6, Ahmedabad, Gujarat - 548534",Ahmedabad,Gujarat,+91-9719521562,tejal.gowda411@mail.com,Journalist,Indian,"[""Mole on left cheek"", ""Scar on forehead""]","[{""id_type"": ""AADHAAR"", ""id_number"": ""7447-3349-9534""}, {""id_type"": ""PAN"", ""id_number"": ""NUKML7782A""}]",2026-08-31T18:53:35.129199,2026-08-31T18:53:35.129202
PERSON-000412,Ajay Patel,MALE,1993-04-09,33,"571, MG Road, Sector 18, Lucknow, Uttar Pradesh - 544590",Lucknow,Uttar Pradesh,+91-9949453664,ajay.patel412@mail.com,Bank Employee,Indian,[],"[{""id_type"": ""AADHAAR"", ""id_number"": ""8137-7653-4526""}, {""id_type"": ""PAN"", ""id_number"": ""HYUHA1971M""}]",2026-08-31T18:53:35.129232,2026-08-31T18:53:35.129238
PERSON-000413,Vivek Gowda,MALE,1989-10-21,36,"415, MG Road, Sector 29, Lucknow, Uttar Pradesh - 430141",Lucknow,Uttar Pradesh,+91-9260582744,vivek.gowda413@mail.com,Contractor,Indian,[],"[{""id_type"": ""AADHAAR"", ""id_number"": ""6972-1615-1208""}, {""id_type"": ""PAN"", ""id_number"": ""ILIPZ1666Z""}]",2026-08-31T18:53:35.129289,2026-08-31T18:53:35.129293
PERSON-000414,Rakesh Nair,MALE,1964-12-16,61,"308, MG Road, Sector 12, Chennai, Tamil Nadu - 523798",Chennai,Tamil Nadu,+91-9853427983,rakesh.nair414@mail.com,Lawyer,Indian,"[""Mole on right shoulder"", ""Scar on left knee""]","[{""id_type"": ""AADHAAR"", ""id_number"": ""5468-2739-8301""}, {""id_type"": ""PAN"", ""id_number"": ""HNRLA7926Q""}]",2026-08-31T18:53:35.129336,2026-08-31T18:53:35.129340
PERSON-000415,Aditya Shukla,MALE,1951-05-04,75,"515, MG Road, Sector 8, Kolkata, West Bengal - 472508",Kolkata,West Bengal,+91-9527251480,aditya.shukla415@mail.com,Teacher,Indian,"[""Mole on right shoulder"", ""Scar on forehead""]","[{""id_type"": ""AADHAAR"", ""id_number"": ""9842-8647-7196""}, {""id_type"": ""PAN"", ""id_number"": ""KBQXC1847L""}]",2026-08-31T18:53:35.129374,2026-08-31T18:53:35.129378
PERSON-000416,Shweta Kulkarni,FEMALE,1998-11-23,27,"141, MG Road, Sector 27, Pune, Maharashtra - 525620",Pune,Maharashtra,+91-9487272248,shweta.kulkarni416@mail.com,Lawyer,Indian,[],"[{""id_type"": ""AADHAAR"", ""id_number"": ""5867-3622-9273""}, {""id_type"": ""PAN"", ""id_number"": ""XXMSK1249F""}]",2026-08-31T18:53:35.129410,2026-08-31T18:53:35.129413
PERSON-000417,Abhishek Mukherjee,MALE,1994-10-17,31,"330, MG Road, Sector 28, Pune, Maharashtra - 698532",Pune,Maharashtra,+91-9666352641,abhishek.mukherjee417@mail.com,Contractor,Indian,[],"[{""id_type"": ""AADHAAR"", ""id_number"": ""4766-3759-9744""}, {""id_type"": ""PAN"", ""id_number"": ""NGSMZ4505F""}]",2026-08-31T18:53:35.129445,2026-08-31T18:53:35.129448
PERSON-000418,Ganesh Menon,MALE,1983-11-15,42,"121, MG Road, Sector 25, Bangalore, Karnataka - 512396",Bangalore,Karnataka,+91-9695331531,ganesh.menon418@mail.com,Mechanic,Indian,[],"[{""id_type"": ""AADHAAR"", ""id_number"": ""6369-1334-1034""}, {""id_type"": ""PAN"", ""id_number"": ""YBQUQ4320S""}]",2026-08-31T18:53:35.129476,2026-08-31T18:53:35.129479
PERSON-000419,Prachi Dutta,FEMALE,1992-02-24,34,"565, MG Road, Sector 29, Mumbai, Maharashtra - 458798",Mumbai,Maharashtra,+91-9701373569,prachi.dutta419@mail.com,Doctor,Indian,[],"[{""id_type"": ""AADHAAR"", ""id_number"": ""7610-7623-3327""}, {""id_type"": ""PAN"", ""id_number"": ""FZLQL2231V""}]",2026-08-31T18:53:35.129550,2026-08-31T18:53:35.129554
PERSON-000420,Devendra Chauhan,MALE,1986-11-22,39,"728, MG Road, Sector 13, Thiruvananthapuram, Kerala - 504835",Thiruvananthapuram,Kerala,+91-9277231095,,Government Servant,Indian,"[""Mole on forehead"", ""Scar on left knee""]","[{""id_type"": ""AADHAAR"", ""id_number"": ""2413-2195-3068""}, {""id_type"": ""PAN"", ""id_number"": ""VYJDU1050W""}]",2026-08-31T18:53:35.129588,2026-08-31T18:53:35.129590
PERSON-000421,Yashoda Banerjee,FEMALE,1956-11-21,69,"459, MG Road, Sector 12, Lucknow, Uttar Pradesh - 586948",Lucknow,Uttar Pradesh,+91-9194216002,yashoda.banerjee421@mail.com,Mechanic,Indian,[],"[{""id_type"": ""AADHAAR"", ""id_number"": ""8954-2656-3742""}, {""id_type"": ""PAN"", ""id_number"": ""WDIGS9750I""}]",2026-08-31T18:53:35.129622,2026-08-31T18:53:35.129625
PERSON-000422,Tejal Mehta,FEMALE,1972-06-02,54,"854, MG Road, Sector 26, Mumbai, Maharashtra - 667083",Mumbai,Maharashtra,+91-9699374704,,Real Estate Agent,Indian,"[""Mole on forehead"", ""Scar on right palm""]","[{""id_type"": ""AADHAAR"", ""id_number"": ""3696-4780-5172""}, {""id_type"": ""PAN"", ""id_number"": ""JDXUQ3041D""}]",2026-08-31T18:53:35.129654,2026-08-31T18:53:35.129656
PERSON-000423,Bhaskar Agarwal,MALE,1954-06-27,72,"170, MG Road, Sector 18, Kolkata, West Bengal - 626870",Kolkata,West Bengal,+91-9296925576,bhaskar.agarwal423@mail.com,Unemployed,Indian,"[""Mole on forehead"", ""Scar on forehead""]","[{""id_type"": ""AADHAAR"", ""id_number"": ""9887-4960-6538""}, {""id_type"": ""PAN"", ""id_number"": ""PHDEO3875X""}]",2026-08-31T18:53:35.129690,2026-08-31T18:53:35.129693
PERSON-000424,Tarun Deshmukh,MALE,1961-04-27,65,"176, MG Road, Sector 3, Central Delhi, Delhi - 633670",Central Delhi,Delhi,+91-9137168448,tarun.deshmukh424@mail.com,Businessman,Indian,[],"[{""id_type"": ""AADHAAR"", ""id_number"": ""7239-3492-9356""}, {""id_type"": ""PAN"", ""id_number"": ""RFOXZ7672W""}]",2026-08-31T18:53:35.129742,2026-08-31T18:53:35.129747
PERSON-000425,Deepak Mishra,MALE,1986-01-23,40,"465, MG Road, Sector 21, Kolkata, West Bengal - 620910",Kolkata,West Bengal,+91-9133814969,deepak.mishra425@mail.com,Contractor,Indian,"[""Mole on right shoulder"", ""Scar on right palm""]","[{""id_type"": ""AADHAAR"", ""id_number"": ""6213-9512-7834""}, {""id_type"": ""PAN"", ""id_number"": ""IBMHO5800S""}]",2026-08-31T18:53:35.129793,2026-08-31T18:53:35.129797
PERSON-000426,Divya Chatterjee,FEMALE,1959-02-06,67,"933, MG Road, Sector 14, Ahmedabad, Gujarat - 671554",Ahmedabad,Gujarat,+91-9550074202,divya.chatterjee426@mail.com,Security Guard,Indian,[],"[{""id_type"": ""AADHAAR"", ""id_number"": ""2266-9924-2465""}, {""id_type"": ""PAN"", ""id_number"": ""ELBPV3763G""}]",2026-08-31T18:53:35.129829,2026-08-31T18:53:35.129833
PERSON-000427,Neha Yadav,FEMALE,1998-08-09,28,"632, MG Road, Sector 27, Bangalore, Karnataka - 515081",Bangalore,Karnataka,+91-9569445479,neha.yadav427@mail.com,Electrician,Indian,"[""Mole on forehead"", ""Scar on forehead""]","[{""id_type"": ""AADHAAR"", ""id_number"": ""9613-1590-1841""}, {""id_type"": ""PAN"", ""id_number"": ""GSEVO4940Z""}]",2026-08-31T18:53:35.129866,2026-08-31T18:53:35.129869
PERSON-000428,Dinesh Kulkarni,MALE,1997-12-26,28,"697, MG Road, Sector 4, Mumbai, Maharashtra - 598361",Mumbai,Maharashtra,+91-9591785071,,Software Engineer,Indian,[],"[{""id_type"": ""AADHAAR"", ""id_number"": ""9441-2192-2142""}, {""id_type"": ""PAN"", ""id_number"": ""RQZFE6696W""}]",2026-08-31T18:53:35.129901,2026-08-31T18:53:35.129904
PERSON-000429,Ananya Shukla,FEMALE,1974-04-03,52,"355, MG Road, Sector 16, Jaipur, Rajasthan - 686590",Jaipur,Rajasthan,+91-9327069381,ananya.shukla429@mail.com,Software Engineer,Indian,[],"[{""id_type"": ""AADHAAR"", ""id_number"": ""4592-6900-3839""}, {""id_type"": ""PAN"", ""id_number"": ""SVFHT9020J""}]",2026-08-31T18:53:35.129936,2026-08-31T18:53:35.129939
PERSON-000430,Priya Chatterjee,FEMALE,1959-04-22,67,"885, MG Road, Sector 12, Kolkata, West Bengal - 470121",Kolkata,West Bengal,+91-9747855477,priya.chatterjee430@mail.com,Civil Engineer,Indian,"[""Mole on right shoulder"", ""Scar on right palm""]","[{""id_type"": ""AADHAAR"", ""id_number"": ""5727-5623-8244""}, {""id_type"": ""PAN"", ""id_number"": ""DIDZC9857Q""}]",2026-08-31T18:53:35.129981,2026-08-31T18:53:35.129984
PERSON-000431,Rahul Malik,MALE,1963-05-22,63,"137, MG Road, Sector 10, Thiruvananthapuram, Kerala - 511456",Thiruvananthapuram,Kerala,+91-9308274820,rahul.malik431@mail.com,Lawyer,Indian,[],"[{""id_type"": ""AADHAAR"", ""id_number"": ""7683-8997-9974""}, {""id_type"": ""PAN"", ""id_number"": ""GWKPM7747M""}]",2026-08-31T18:53:35.130016,2026-08-31T18:53:35.130018
PERSON-000432,Sneha Srivastava,FEMALE,1989-01-29,37,"502, MG Road, Sector 23, Chennai, Tamil Nadu - 547235",Chennai,Tamil Nadu,+91-9729109057,,Contractor,Indian,"[""Mole on chin"", ""Scar on forehead""]","[{""id_type"": ""AADHAAR"", ""id_number"": ""8384-3665-7179""}, {""id_type"": ""PAN"", ""id_number"": ""IBWMK6387A""}]",2026-08-31T18:53:35.130048,2026-08-31T18:53:35.130051
PERSON-000433,Vikram Shukla,MALE,1958-09-27,67,"762, MG Road, Sector 7, Ahmedabad, Gujarat - 649180",Ahmedabad,Gujarat,+91-9575211919,,Bank Employee,Indian,"[""Mole on chin"", ""Scar on left knee""]","[{""id_type"": ""AADHAAR"", ""id_number"": ""8728-3220-9022""}, {""id_type"": ""PAN"", ""id_number"": ""LQZRY9059M""}]",2026-08-31T18:53:35.130086,2026-08-31T18:53:35.130089
PERSON-000434,Yashoda Srivastava,FEMALE,2002-12-22,23,"195, MG Road, Sector 15, Bangalore, Karnataka - 614698",Bangalore,Karnataka,+91-9640841767,yashoda.srivastava434@mail.com,Software Engineer,Indian,[],"[{""id_type"": ""AADHAAR"", ""id_number"": ""2955-1736-2007""}, {""id_type"": ""PAN"", ""id_number"": ""OVGIU3216E""}]",2026-08-31T18:53:35.130118,2026-08-31T18:53:35.130122
PERSON-000435,Mahesh Banerjee,MALE,1963-09-13,63,"98, MG Road, Sector 2, Kolkata, West Bengal - 623910",Kolkata,West Bengal,+91-9736925162,,Contractor,Indian,[],"[{""id_type"": ""AADHAAR"", ""id_number"": ""7544-1858-8655""}, {""id_type"": ""PAN"", ""id_number"": ""AFGOR4592F""}]",2026-08-31T18:53:35.130159,2026-08-31T18:53:35.130161
PERSON-000436,Varun Shukla,MALE,1983-12-10,42,"65, MG Road, Sector 11, Lucknow, Uttar Pradesh - 585207",Lucknow,Uttar Pradesh,+91-9774781423,,Homemaker,Indian,[],"[{""id_type"": ""AADHAAR"", ""id_number"": ""3830-3132-8523""}, {""id_type"": ""PAN"", ""id_number"": ""JBHUY3531B""}]",2026-08-31T18:53:35.130187,2026-08-31T18:53:35.130190
PERSON-000437,Vikram Reddy,MALE,2004-11-14,21,"941, MG Road, Sector 20, Central Delhi, Delhi - 644674",Central Delhi,Delhi,+91-9127546560,vikram.reddy437@mail.com,Real Estate Agent,Indian,[],"[{""id_type"": ""AADHAAR"", ""id_number"": ""5799-9488-9328""}, {""id_type"": ""PAN"", ""id_number"": ""NZRZJ9067L""}]",2026-08-31T18:53:35.130234,2026-08-31T18:53:35.130240
PERSON-000438,Ajay Rao,MALE,2005-01-15,21,"696, MG Road, Sector 8, Thiruvananthapuram, Kerala - 654910",Thiruvananthapuram,Kerala,+91-9684011023,,Bank Employee,Indian,[],"[{""id_type"": ""AADHAAR"", ""id_number"": ""8577-2748-5896""}, {""id_type"": ""PAN"", ""id_number"": ""WMPKS6434P""}]",2026-08-31T18:53:35.130278,2026-08-31T18:53:35.130282
PERSON-000439,Gaurav Dutta,MALE,1981-11-16,44,"688, MG Road, Sector 30, Chennai, Tamil Nadu - 565987",Chennai,Tamil Nadu,+91-9390219282,gaurav.dutta439@mail.com,Unemployed,Indian,"[""Mole on right shoulder"", ""Scar on left knee""]","[{""id_type"": ""AADHAAR"", ""id_number"": ""9401-5212-1734""}, {""id_type"": ""PAN"", ""id_number"": ""AKENL2910P""}]",2026-08-31T18:53:35.130316,2026-08-31T18:53:35.130319
PERSON-000440,Rajesh Das,MALE,2001-01-08,25,"185, MG Road, Sector 6, Ahmedabad, Gujarat - 512619",Ahmedabad,Gujarat,+91-9493100681,,Unemployed,Indian,"[""Mole on chin"", ""Scar on right palm""]","[{""id_type"": ""AADHAAR"", ""id_number"": ""4222-3522-1554""}, {""id_type"": ""PAN"", ""id_number"": ""QFTOG5200B""}]",2026-08-31T18:53:35.130361,2026-08-31T18:53:35.130364
PERSON-000441,Yogesh Mishra,MALE,1964-09-20,61,"744, MG Road, Sector 21, Central Delhi, Delhi - 608618",Central Delhi,Delhi,+91-9210319206,,Doctor,Indian,[],"[{""id_type"": ""AADHAAR"", ""id_number"": ""2377-4249-3296""}, {""id_type"": ""PAN"", ""id_number"": ""XUQJW1999A""}]",2026-08-31T18:53:35.130401,2026-08-31T18:53:35.130404
PERSON-000442,Vidya Mukherjee,FEMALE,1990-12-06,35,"848, MG Road, Sector 11, Jaipur, Rajasthan - 580341",Jaipur,Rajasthan,+91-9432186839,,Bank Employee,Indian,"[""Mole on left cheek"", ""Scar on right palm""]","[{""id_type"": ""AADHAAR"", ""id_number"": ""9571-4981-7091""}, {""id_type"": ""PAN"", ""id_number"": ""ICZRS8698L""}]",2026-08-31T18:53:35.130440,2026-08-31T18:53:35.130443
PERSON-000443,Pooja Nair,FEMALE,1966-09-02,60,"571, MG Road, Sector 17, Lucknow, Uttar Pradesh - 632076",Lucknow,Uttar Pradesh,+91-9971441448,,Electrician,Indian,[],"[{""id_type"": ""AADHAAR"", ""id_number"": ""9951-2004-6280""}, {""id_type"": ""PAN"", ""id_number"": ""PQPJW3624C""}]",2026-08-31T18:53:35.130479,2026-08-31T18:53:35.130482
PERSON-000444,Yashoda Naidu,FEMALE,1973-06-23,53,"168, MG Road, Sector 29, Lucknow, Uttar Pradesh - 419434",Lucknow,Uttar Pradesh,+91-9393161797,yashoda.naidu444@mail.com,Driver,Indian,"[""Mole on chin"", ""Scar on forehead""]","[{""id_type"": ""AADHAAR"", ""id_number"": ""3423-3280-5443""}, {""id_type"": ""PAN"", ""id_number"": ""LMAOI9127V""}]",2026-08-31T18:53:35.130515,2026-08-31T18:53:35.130517
PERSON-000445,Aditya Mukherjee,MALE,2003-04-27,23,"546, MG Road, Sector 30, Bangalore, Karnataka - 585168",Bangalore,Karnataka,+91-9857544745,aditya.mukherjee445@mail.com,Teacher,Indian,"[""Mole on left cheek"", ""Scar on forehead""]","[{""id_type"": ""AADHAAR"", ""id_number"": ""4954-1037-1352""}, {""id_type"": ""PAN"", ""id_number"": ""DQGRE9042M""}]",2026-08-31T18:53:35.130548,2026-08-31T18:53:35.130551
PERSON-000446,Nandini Shetty,FEMALE,1968-12-20,57,"56, MG Road, Sector 6, Ahmedabad, Gujarat - 405779",Ahmedabad,Gujarat,+91-9911426154,nandini.shetty446@mail.com,Bank Employee,Indian,[],"[{""id_type"": ""AADHAAR"", ""id_number"": ""2792-2229-4013""}, {""id_type"": ""PAN"", ""id_number"": ""SPDBD5097M""}]",2026-08-31T18:53:35.130583,2026-08-31T18:53:35.130586
PERSON-000447,Seema Shah,FEMALE,1955-08-04,71,"252, MG Road, Sector 1, Jaipur, Rajasthan - 527262",Jaipur,Rajasthan,+91-9533151197,seema.shah447@mail.com,Bank Employee,Indian,"[""Mole on forehead"", ""Scar on left knee""]","[{""id_type"": ""AADHAAR"", ""id_number"": ""6044-1908-3185""}, {""id_type"": ""PAN"", ""id_number"": ""MCSAB6227R""}]",2026-08-31T18:53:35.130617,2026-08-31T18:53:35.130619
PERSON-000448,Varun Bansal,MALE,2002-06-26,24,"783, MG Road, Sector 1, Kolkata, West Bengal - 446041",Kolkata,West Bengal,+91-9268345328,,Farmer,Indian,[],"[{""id_type"": ""AADHAAR"", ""id_number"": ""9928-3760-3724""}, {""id_type"": ""PAN"", ""id_number"": ""OICOU7841T""}]",2026-08-31T18:53:35.130645,2026-08-31T18:53:35.130648
PERSON-000449,Aditya Tiwari,MALE,1983-01-08,43,"398, MG Road, Sector 22, Pune, Maharashtra - 421102",Pune,Maharashtra,+91-9537164967,aditya.tiwari449@mail.com,Homemaker,Indian,[],"[{""id_type"": ""AADHAAR"", ""id_number"": ""5792-4296-9303""}, {""id_type"": ""PAN"", ""id_number"": ""GKBBK7326O""}]",2026-08-31T18:53:35.130676,2026-08-31T18:53:35.130679
PERSON-000450,Pooja Gupta,FEMALE,1995-01-30,31,"56, MG Road, Sector 8, Thiruvananthapuram, Kerala - 483199",Thiruvananthapuram,Kerala,+91-9404834032,pooja.gupta450@mail.com,Electrician,Indian,[],"[{""id_type"": ""AADHAAR"", ""id_number"": ""6885-7544-4782""}, {""id_type"": ""PAN"", ""id_number"": ""EIWZK6648H""}]",2026-08-31T18:53:35.130714,2026-08-31T18:53:35.130719
PERSON-000451,Pooja Dutta,FEMALE,2000-11-03,25,"634, MG Road, Sector 14, Lucknow, Uttar Pradesh - 489108",Lucknow,Uttar Pradesh,+91-9374937756,,Civil Engineer,Indian,[],"[{""id_type"": ""AADHAAR"", ""id_number"": ""5853-5065-5126""}, {""id_type"": ""PAN"", ""id_number"": ""UUZSY3484S""}]",2026-08-31T18:53:35.130768,2026-08-31T18:53:35.130771
PERSON-000452,Indu Bansal,FEMALE,1991-11-23,34,"337, MG Road, Sector 9, Chennai, Tamil Nadu - 440914",Chennai,Tamil Nadu,+91-9147928687,indu.bansal452@mail.com,Accountant,Indian,"[""Mole on forehead"", ""Scar on right palm""]","[{""id_type"": ""AADHAAR"", ""id_number"": ""5483-6982-9230""}, {""id_type"": ""PAN"", ""id_number"": ""VMTOD4205I""}]",2026-08-31T18:53:35.130814,2026-08-31T18:53:35.130817
PERSON-000453,Divya Bhatt,FEMALE,1975-03-29,51,"306, MG Road, Sector 25, Chennai, Tamil Nadu - 536087",Chennai,Tamil Nadu,+91-9850774355,divya.bhatt453@mail.com,Contractor,Indian,"[""Mole on right shoulder"", ""Scar on right palm""]","[{""id_type"": ""AADHAAR"", ""id_number"": ""2089-4163-4085""}, {""id_type"": ""PAN"", ""id_number"": ""QVFNG7525Y""}]",2026-08-31T18:53:35.130855,2026-08-31T18:53:35.130858
PERSON-000454,Savita Chauhan,FEMALE,1993-07-15,33,"22, MG Road, Sector 14, Central Delhi, Delhi - 649799",Central Delhi,Delhi,+91-9793874332,,Civil Engineer,Indian,[],"[{""id_type"": ""AADHAAR"", ""id_number"": ""7923-8397-8876""}, {""id_type"": ""PAN"", ""id_number"": ""UKQLZ3434W""}]",2026-08-31T18:53:35.130891,2026-08-31T18:53:35.130894
PERSON-000455,Satish Pandey,MALE,1987-06-02,39,"122, MG Road, Sector 20, Chennai, Tamil Nadu - 594476",Chennai,Tamil Nadu,+91-9743260841,,Teacher,Indian,"[""Mole on chin"", ""Scar on left knee""]","[{""id_type"": ""AADHAAR"", ""id_number"": ""2085-9822-9824""}, {""id_type"": ""PAN"", ""id_number"": ""UJVFX1765H""}]",2026-08-31T18:53:35.130924,2026-08-31T18:53:35.130926
PERSON-000456,Bhavna Pillai,FEMALE,1992-11-19,33,"131, MG Road, Sector 18, Mumbai, Maharashtra - 691542",Mumbai,Maharashtra,+91-9374124027,bhavna.pillai456@mail.com,Electrician,Indian,"[""Mole on left cheek"", ""Scar on left knee""]","[{""id_type"": ""AADHAAR"", ""id_number"": ""4162-9895-3505""}, {""id_type"": ""PAN"", ""id_number"": ""QOGJV1393T""}]",2026-08-31T18:53:35.130961,2026-08-31T18:53:35.130964
PERSON-000457,Suman Patel,FEMALE,1959-03-19,67,"329, MG Road, Sector 2, Chennai, Tamil Nadu - 665517",Chennai,Tamil Nadu,+91-9908108722,,Student,Indian,"[""Mole on chin"", ""Scar on left knee""]","[{""id_type"": ""AADHAAR"", ""id_number"": ""2390-8700-8073""}, {""id_type"": ""PAN"", ""id_number"": ""GGIDH9100F""}]",2026-08-31T18:53:35.130992,2026-08-31T18:53:35.130995
PERSON-000458,Prachi Chauhan,FEMALE,1987-06-15,39,"931, MG Road, Sector 30, Central Delhi, Delhi - 473908",Central Delhi,Delhi,+91-9639827353,prachi.chauhan458@mail.com,Government Servant,Indian,"[""Mole on forehead"", ""Scar on left knee""]","[{""id_type"": ""AADHAAR"", ""id_number"": ""7959-6327-6077""}, {""id_type"": ""PAN"", ""id_number"": ""WHOOA3610F""}]",2026-08-31T18:53:35.131031,2026-08-31T18:53:35.131034
PERSON-000459,Ravi Pillai,MALE,1967-11-15,58,"186, MG Road, Sector 22, Ahmedabad, Gujarat - 505004",Ahmedabad,Gujarat,+91-9165613465,ravi.pillai459@mail.com,Homemaker,Indian,[],"[{""id_type"": ""AADHAAR"", ""id_number"": ""3344-3886-4521""}, {""id_type"": ""PAN"", ""id_number"": ""CFTNC4318R""}]",2026-08-31T18:53:35.131066,2026-08-31T18:53:35.131069
PERSON-000460,Jitendra Mukherjee,MALE,2006-11-21,19,"788, MG Road, Sector 27, Jaipur, Rajasthan - 690247",Jaipur,Rajasthan,+91-9459562297,,Doctor,Indian,"[""Mole on forehead"", ""Scar on forehead""]","[{""id_type"": ""AADHAAR"", ""id_number"": ""7604-1284-9004""}, {""id_type"": ""PAN"", ""id_number"": ""HBWKO8870I""}]",2026-08-31T18:53:35.131098,2026-08-31T18:53:35.131101
PERSON-000461,Gaurav Tripathi,MALE,1954-11-09,71,"265, MG Road, Sector 6, Bangalore, Karnataka - 513735",Bangalore,Karnataka,+91-9146160234,,Shopkeeper,Indian,[],"[{""id_type"": ""AADHAAR"", ""id_number"": ""8275-2645-7299""}, {""id_type"": ""PAN"", ""id_number"": ""MQQCV1290A""}]",2026-08-31T18:53:35.131135,2026-08-31T18:53:35.131138
PERSON-000462,Sanjay Deshmukh,MALE,1962-01-12,64,"241, MG Road, Sector 4, Kolkata, West Bengal - 565199",Kolkata,West Bengal,+91-9376423051,sanjay.deshmukh462@mail.com,Farmer,Indian,"[""Mole on right shoulder"", ""Scar on forehead""]","[{""id_type"": ""AADHAAR"", ""id_number"": ""3559-3116-3886""}, {""id_type"": ""PAN"", ""id_number"": ""FEACG2744Q""}]",2026-08-31T18:53:35.131169,2026-08-31T18:53:35.131172
PERSON-000463,Radha Dubey,FEMALE,2003-02-27,23,"525, MG Road, Sector 21, Chennai, Tamil Nadu - 655311",Chennai,Tamil Nadu,+91-9772853597,radha.dubey463@mail.com,Electrician,Indian,[],"[{""id_type"": ""AADHAAR"", ""id_number"": ""6407-2287-1964""}, {""id_type"": ""PAN"", ""id_number"": ""MNTDV5510B""}]",2026-08-31T18:53:35.131204,2026-08-31T18:53:35.131207
PERSON-000464,Renu Sharma,FEMALE,1961-07-29,65,"593, MG Road, Sector 1, Kolkata, West Bengal - 683830",Kolkata,West Bengal,+91-9919787116,renu.sharma464@mail.com,Doctor,Indian,"[""Mole on chin"", ""Scar on right palm""]","[{""id_type"": ""AADHAAR"", ""id_number"": ""3791-8469-6730""}, {""id_type"": ""PAN"", ""id_number"": ""ZZJTB7182V""}]",2026-08-31T18:53:35.131254,2026-08-31T18:53:35.131259
PERSON-000465,Asha Menon,FEMALE,1960-02-11,66,"305, MG Road, Sector 13, Mumbai, Maharashtra - 558616",Mumbai,Maharashtra,+91-9321720143,asha.menon465@mail.com,Doctor,Indian,[],"[{""id_type"": ""AADHAAR"", ""id_number"": ""7169-2129-3257""}, {""id_type"": ""PAN"", ""id_number"": ""LYLBC5670X""}]",2026-08-31T18:53:35.131298,2026-08-31T18:53:35.131301
PERSON-000466,Priya Pillai,FEMALE,1952-08-14,74,"368, MG Road, Sector 8, Kolkata, West Bengal - 566787",Kolkata,West Bengal,+91-9908990303,priya.pillai466@mail.com,Shopkeeper,Indian,[],"[{""id_type"": ""AADHAAR"", ""id_number"": ""5741-4415-7041""}, {""id_type"": ""PAN"", ""id_number"": ""WRGVS4519Z""}]",2026-08-31T18:53:35.131342,2026-08-31T18:53:35.131345
PERSON-000467,Rahul Deshmukh,MALE,1987-08-25,39,"331, MG Road, Sector 10, Chennai, Tamil Nadu - 603840",Chennai,Tamil Nadu,+91-9457094412,,Contractor,Indian,"[""Mole on chin"", ""Scar on forehead""]","[{""id_type"": ""AADHAAR"", ""id_number"": ""3546-5855-4559""}, {""id_type"": ""PAN"", ""id_number"": ""AWJSI7095K""}]",2026-08-31T18:53:35.131380,2026-08-31T18:53:35.131383
PERSON-000468,Ganesh Malik,MALE,1981-02-16,45,"956, MG Road, Sector 7, Ahmedabad, Gujarat - 661960",Ahmedabad,Gujarat,+91-9238956903,ganesh.malik468@mail.com,Lawyer,Indian,"[""Mole on right shoulder"", ""Scar on left knee""]","[{""id_type"": ""AADHAAR"", ""id_number"": ""8817-5234-3794""}, {""id_type"": ""PAN"", ""id_number"": ""VMLSB5378F""}]",2026-08-31T18:53:35.131416,2026-08-31T18:53:35.131419
PERSON-000469,Anita Rao,FEMALE,1976-02-17,50,"677, MG Road, Sector 1, Pune, Maharashtra - 604621",Pune,Maharashtra,+91-9762836805,,Government Servant,Indian,[],"[{""id_type"": ""AADHAAR"", ""id_number"": ""2495-7380-6973""}, {""id_type"": ""PAN"", ""id_number"": ""OGBDA9511X""}]",2026-08-31T18:53:35.131447,2026-08-31T18:53:35.131450
PERSON-000470,Nandini Chatterjee,FEMALE,1975-05-13,51,"782, MG Road, Sector 13, Mumbai, Maharashtra - 544603",Mumbai,Maharashtra,+91-9989383434,,Doctor,Indian,"[""Mole on left cheek"", ""Scar on right palm""]","[{""id_type"": ""AADHAAR"", ""id_number"": ""7176-9191-8104""}, {""id_type"": ""PAN"", ""id_number"": ""IUBRU6901G""}]",2026-08-31T18:53:35.131480,2026-08-31T18:53:35.131483
PERSON-000471,Pankaj Patil,MALE,1959-05-22,67,"803, MG Road, Sector 20, Chennai, Tamil Nadu - 602179",Chennai,Tamil Nadu,+91-9654340310,,Journalist,Indian,"[""Mole on forehead"", ""Scar on left knee""]","[{""id_type"": ""AADHAAR"", ""id_number"": ""9908-3798-8837""}, {""id_type"": ""PAN"", ""id_number"": ""MGSQC6258T""}]",2026-08-31T18:53:35.131551,2026-08-31T18:53:35.131557
PERSON-000472,Sanjay Bansal,MALE,1993-04-20,33,"10, MG Road, Sector 25, Ahmedabad, Gujarat - 513844",Ahmedabad,Gujarat,+91-9833089679,sanjay.bansal472@mail.com,Teacher,Indian,[],"[{""id_type"": ""AADHAAR"", ""id_number"": ""8687-1465-5383""}, {""id_type"": ""PAN"", ""id_number"": ""PJAMK7458J""}]",2026-08-31T18:53:35.131596,2026-08-31T18:53:35.131599
PERSON-000473,Vivek Patel,MALE,1981-07-29,45,"923, MG Road, Sector 28, Chennai, Tamil Nadu - 640314",Chennai,Tamil Nadu,+91-9915997766,vivek.patel473@mail.com,Doctor,Indian,[],"[{""id_type"": ""AADHAAR"", ""id_number"": ""6062-1827-4178""}, {""id_type"": ""PAN"", ""id_number"": ""DSRYY6556D""}]",2026-08-31T18:53:35.131635,2026-08-31T18:53:35.131638
PERSON-000474,Prachi Bhowmick,FEMALE,2008-02-21,18,"486, MG Road, Sector 30, Jaipur, Rajasthan - 683186",Jaipur,Rajasthan,+91-9779806539,prachi.bhowmick474@mail.com,Lawyer,Indian,[],"[{""id_type"": ""AADHAAR"", ""id_number"": ""6560-4275-2900""}, {""id_type"": ""PAN"", ""id_number"": ""YWZLY4797R""}]",2026-08-31T18:53:35.131677,2026-08-31T18:53:35.131683
PERSON-000475,Asha Joshi,FEMALE,1983-02-11,43,"33, MG Road, Sector 25, Lucknow, Uttar Pradesh - 528582",Lucknow,Uttar Pradesh,+91-9968325910,asha.joshi475@mail.com,Security Guard,Indian,"[""Mole on forehead"", ""Scar on right palm""]","[{""id_type"": ""AADHAAR"", ""id_number"": ""7808-7429-9164""}, {""id_type"": ""PAN"", ""id_number"": ""SLKUI8721X""}]",2026-08-31T18:53:35.131733,2026-08-31T18:53:35.131736
PERSON-000476,Meena Srivastava,FEMALE,1992-11-28,33,"466, MG Road, Sector 27, Central Delhi, Delhi - 425179",Central Delhi,Delhi,+91-9523322582,meena.srivastava476@mail.com,Software Engineer,Indian,[],"[{""id_type"": ""AADHAAR"", ""id_number"": ""7283-3969-4677""}, {""id_type"": ""PAN"", ""id_number"": ""AZUPI7219K""}]",2026-08-31T18:53:35.131770,2026-08-31T18:53:35.131773
PERSON-000477,Chandan Singh,MALE,2001-04-18,25,"956, MG Road, Sector 30, Thiruvananthapuram, Kerala - 498090",Thiruvananthapuram,Kerala,+91-9944389876,chandan.singh477@mail.com,Unemployed,Indian,"[""Mole on forehead"", ""Scar on left knee""]","[{""id_type"": ""AADHAAR"", ""id_number"": ""4419-7967-5700""}, {""id_type"": ""PAN"", ""id_number"": ""HRJXX3447O""}]",2026-08-31T18:53:35.131814,2026-08-31T18:53:35.131817
PERSON-000478,Geeta Mishra,FEMALE,1984-12-09,41,"356, MG Road, Sector 4, Thiruvananthapuram, Kerala - 447421",Thiruvananthapuram,Kerala,+91-9514992195,geeta.mishra478@mail.com,Homemaker,Indian,[],"[{""id_type"": ""AADHAAR"", ""id_number"": ""5092-3201-8743""}, {""id_type"": ""PAN"", ""id_number"": ""ZTVPF8760J""}]",2026-08-31T18:53:35.131859,2026-08-31T18:53:35.131863
PERSON-000479,Sachin Nair,MALE,1995-02-06,31,"936, MG Road, Sector 23, Thiruvananthapuram, Kerala - 578540",Thiruvananthapuram,Kerala,+91-9781681819,,Security Guard,Indian,[],"[{""id_type"": ""AADHAAR"", ""id_number"": ""5173-5383-2661""}, {""id_type"": ""PAN"", ""id_number"": ""RAVAF4507N""}]",2026-08-31T18:53:35.131897,2026-08-31T18:53:35.131900
PERSON-000480,Deepak Bhowmick,MALE,1989-09-15,36,"170, MG Road, Sector 15, Bangalore, Karnataka - 639224",Bangalore,Karnataka,+91-9916238125,deepak.bhowmick480@mail.com,Doctor,Indian,[],"[{""id_type"": ""AADHAAR"", ""id_number"": ""7223-8918-1222""}, {""id_type"": ""PAN"", ""id_number"": ""PIWBU7411V""}]",2026-08-31T18:53:35.131932,2026-08-31T18:53:35.131935
PERSON-000481,Pradeep Malik,MALE,1980-05-21,46,"521, MG Road, Sector 4, Central Delhi, Delhi - 523469",Central Delhi,Delhi,+91-9897818574,pradeep.malik481@mail.com,Civil Engineer,Indian,"[""Mole on left cheek"", ""Scar on forehead""]","[{""id_type"": ""AADHAAR"", ""id_number"": ""5762-2801-2560""}, {""id_type"": ""PAN"", ""id_number"": ""ARYNX1813C""}]",2026-08-31T18:53:35.131967,2026-08-31T18:53:35.131970
PERSON-000482,Manoj Rao,MALE,1974-07-23,52,"857, MG Road, Sector 29, Pune, Maharashtra - 542925",Pune,Maharashtra,+91-9126467458,manoj.rao482@mail.com,Software Engineer,Indian,"[""Mole on left cheek"", ""Scar on left knee""]","[{""id_type"": ""AADHAAR"", ""id_number"": ""8246-4677-7485""}, {""id_type"": ""PAN"", ""id_number"": ""QFTUV8861U""}]",2026-08-31T18:53:35.132008,2026-08-31T18:53:35.132011
PERSON-000483,Devendra Joshi,MALE,1953-12-22,72,"560, MG Road, Sector 6, Lucknow, Uttar Pradesh - 664082",Lucknow,Uttar Pradesh,+91-9767070141,devendra.joshi483@mail.com,Electrician,Indian,"[""Mole on left cheek"", ""Scar on right palm""]","[{""id_type"": ""AADHAAR"", ""id_number"": ""8296-7253-5566""}, {""id_type"": ""PAN"", ""id_number"": ""BQBJH8662O""}]",2026-08-31T18:53:35.132046,2026-08-31T18:53:35.132049
PERSON-000484,Sunil Saxena,MALE,1990-01-15,36,"313, MG Road, Sector 3, Lucknow, Uttar Pradesh - 419670",Lucknow,Uttar Pradesh,+91-9688922014,,Government Servant,Indian,"[""Mole on chin"", ""Scar on left knee""]","[{""id_type"": ""AADHAAR"", ""id_number"": ""8146-7134-5821""}, {""id_type"": ""PAN"", ""id_number"": ""GJLND7395E""}]",2026-08-31T18:53:35.132078,2026-08-31T18:53:35.132081
PERSON-000485,Sunita Malik,FEMALE,1970-09-21,55,"282, MG Road, Sector 5, Ahmedabad, Gujarat - 667680",Ahmedabad,Gujarat,+91-9489602383,sunita.malik485@mail.com,Businessman,Indian,"[""Mole on right shoulder"", ""Scar on left knee""]","[{""id_type"": ""AADHAAR"", ""id_number"": ""2760-8748-6235""}, {""id_type"": ""PAN"", ""id_number"": ""RXWHD8738X""}]",2026-08-31T18:53:35.132113,2026-08-31T18:53:35.132116
PERSON-000486,Nirmala Patil,FEMALE,1996-10-27,29,"195, MG Road, Sector 6, Bangalore, Karnataka - 494426",Bangalore,Karnataka,+91-9236185575,nirmala.patil486@mail.com,Mechanic,Indian,"[""Mole on right shoulder"", ""Scar on right palm""]","[{""id_type"": ""AADHAAR"", ""id_number"": ""7028-4742-3152""}, {""id_type"": ""PAN"", ""id_number"": ""RJQCI9763W""}]",2026-08-31T18:53:35.132148,2026-08-31T18:53:35.132155
PERSON-000487,Suman Menon,FEMALE,1964-07-10,62,"828, MG Road, Sector 16, Kolkata, West Bengal - 519242",Kolkata,West Bengal,+91-9516659653,suman.menon487@mail.com,Unemployed,Indian,"[""Mole on forehead"", ""Scar on left knee""]","[{""id_type"": ""AADHAAR"", ""id_number"": ""7918-3987-3398""}, {""id_type"": ""PAN"", ""id_number"": ""CSTIF6760M""}]",2026-08-31T18:53:35.132213,2026-08-31T18:53:35.132217
PERSON-000488,Neha Patel,FEMALE,1963-07-31,63,"480, MG Road, Sector 22, Kolkata, West Bengal - 410675",Kolkata,West Bengal,+91-9473081641,neha.patel488@mail.com,Security Guard,Indian,[],"[{""id_type"": ""AADHAAR"", ""id_number"": ""6928-3725-1187""}, {""id_type"": ""PAN"", ""id_number"": ""HHELY2418V""}]",2026-08-31T18:53:35.132253,2026-08-31T18:53:35.132256
PERSON-000489,Vijay Sharma,MALE,2002-06-04,24,"604, MG Road, Sector 25, Lucknow, Uttar Pradesh - 594225",Lucknow,Uttar Pradesh,+91-9731287341,vijay.sharma489@mail.com,Homemaker,Indian,"[""Mole on chin"", ""Scar on left knee""]","[{""id_type"": ""AADHAAR"", ""id_number"": ""7725-1741-5486""}, {""id_type"": ""PAN"", ""id_number"": ""SKOME5487K""}]",2026-08-31T18:53:35.132292,2026-08-31T18:53:35.132296
PERSON-000490,Suman Agarwal,FEMALE,1960-02-22,66,"680, MG Road, Sector 23, Chennai, Tamil Nadu - 647573",Chennai,Tamil Nadu,+91-9611455284,suman.agarwal490@mail.com,Security Guard,Indian,"[""Mole on right shoulder"", ""Scar on forehead""]","[{""id_type"": ""AADHAAR"", ""id_number"": ""6261-4936-6885""}, {""id_type"": ""PAN"", ""id_number"": ""PMDDJ4745O""}]",2026-08-31T18:53:35.132333,2026-08-31T18:53:35.132336
PERSON-000491,Nandini Naidu,FEMALE,1991-10-19,34,"277, MG Road, Sector 15, Bangalore, Karnataka - 699285",Bangalore,Karnataka,+91-9359735386,nandini.naidu491@mail.com,Homemaker,Indian,"[""Mole on right shoulder"", ""Scar on left knee""]","[{""id_type"": ""AADHAAR"", ""id_number"": ""8356-9833-2164""}, {""id_type"": ""PAN"", ""id_number"": ""CQENH4019P""}]",2026-08-31T18:53:35.132369,2026-08-31T18:53:35.132372
PERSON-000492,Savita Verma,FEMALE,1985-03-08,41,"135, MG Road, Sector 5, Thiruvananthapuram, Kerala - 472818",Thiruvananthapuram,Kerala,+91-9792200044,savita.verma492@mail.com,Real Estate Agent,Indian,[],"[{""id_type"": ""AADHAAR"", ""id_number"": ""3446-5845-2348""}, {""id_type"": ""PAN"", ""id_number"": ""THFOP9933B""}]",2026-08-31T18:53:35.132409,2026-08-31T18:53:35.132412
PERSON-000493,Nirmala Chauhan,FEMALE,2000-06-23,26,"173, MG Road, Sector 29, Kolkata, West Bengal - 413992",Kolkata,West Bengal,+91-9260584600,nirmala.chauhan493@mail.com,Electrician,Indian,"[""Mole on left cheek"", ""Scar on forehead""]","[{""id_type"": ""AADHAAR"", ""id_number"": ""5381-7248-8213""}, {""id_type"": ""PAN"", ""id_number"": ""DMIVS4119E""}]",2026-08-31T18:53:35.132455,2026-08-31T18:53:35.132458
PERSON-000494,Neha Bansal,FEMALE,1957-07-15,69,"929, MG Road, Sector 3, Central Delhi, Delhi - 546896",Central Delhi,Delhi,+91-9700255860,,Accountant,Indian,[],"[{""id_type"": ""AADHAAR"", ""id_number"": ""9171-8948-3669""}, {""id_type"": ""PAN"", ""id_number"": ""HAZRT3397S""}]",2026-08-31T18:53:35.132489,2026-08-31T18:53:35.132491
PERSON-000495,Ajay Dutta,MALE,1986-11-26,39,"365, MG Road, Sector 26, Chennai, Tamil Nadu - 691812",Chennai,Tamil Nadu,+91-9479008814,ajay.dutta495@mail.com,Driver,Indian,"[""Mole on chin"", ""Scar on right palm""]","[{""id_type"": ""AADHAAR"", ""id_number"": ""8803-3360-7787""}, {""id_type"": ""PAN"", ""id_number"": ""PUFIM1352M""}]",2026-08-31T18:53:35.132523,2026-08-31T18:53:35.132525
PERSON-000496,Vikram Yadav,MALE,1996-05-12,30,"561, MG Road, Sector 25, Central Delhi, Delhi - 640524",Central Delhi,Delhi,+91-9472029820,vikram.yadav496@mail.com,Bank Employee,Indian,"[""Mole on chin"", ""Scar on left knee""]","[{""id_type"": ""AADHAAR"", ""id_number"": ""5089-2390-1695""}, {""id_type"": ""PAN"", ""id_number"": ""BQBPW9799A""}]",2026-08-31T18:53:35.132555,2026-08-31T18:53:35.132558
PERSON-000497,Sachin Saxena,MALE,1973-01-25,53,"200, MG Road, Sector 2, Pune, Maharashtra - 607747",Pune,Maharashtra,+91-9413246232,,Mechanic,Indian,"[""Mole on left cheek"", ""Scar on left knee""]","[{""id_type"": ""AADHAAR"", ""id_number"": ""4029-4837-1521""}, {""id_type"": ""PAN"", ""id_number"": ""FIIUI7717Y""}]",2026-08-31T18:53:35.132592,2026-08-31T18:53:35.132595
PERSON-000498,Madhu Tiwari,FEMALE,2005-12-16,20,"116, MG Road, Sector 6, Thiruvananthapuram, Kerala - 563608",Thiruvananthapuram,Kerala,+91-9452435204,madhu.tiwari498@mail.com,Shopkeeper,Indian,[],"[{""id_type"": ""AADHAAR"", ""id_number"": ""9326-9886-6740""}, {""id_type"": ""PAN"", ""id_number"": ""IECUG4736F""}]",2026-08-31T18:53:35.132643,2026-08-31T18:53:35.132647
PERSON-000499,Sneha Tripathi,FEMALE,2002-10-03,23,"340, MG Road, Sector 16, Lucknow, Uttar Pradesh - 681160",Lucknow,Uttar Pradesh,+91-9642814387,sneha.tripathi499@mail.com,Teacher,Indian,"[""Mole on forehead"", ""Scar on left knee""]","[{""id_type"": ""AADHAAR"", ""id_number"": ""4566-6374-8878""}, {""id_type"": ""PAN"", ""id_number"": ""PBMUX3174X""}]",2026-08-31T18:53:35.132685,2026-08-31T18:53:35.132688
PERSON-000500,Manish Dubey,MALE,1978-01-15,48,"309, MG Road, Sector 9, Mumbai, Maharashtra - 460113",Mumbai,Maharashtra,+91-9541490989,manish.dubey500@mail.com,Mechanic,Indian,[],"[{""id_type"": ""AADHAAR"", ""id_number"": ""6458-8856-7031""}, {""id_type"": ""PAN"", ""id_number"": ""ZVMZW6350K""}]",2026-08-31T18:53:35.132722,2026-08-31T18:53:35.132725
PERSON-000501,Ravi Patil,MALE,1952-05-31,74,"235, MG Road, Sector 2, Pune, Maharashtra - 611818",Pune,Maharashtra,+91-9249413587,,Electrician,Indian,[],"[{""id_type"": ""AADHAAR"", ""id_number"": ""3598-4423-5737""}, {""id_type"": ""PAN"", ""id_number"": ""DBJNH5791J""}]",2026-08-31T18:53:35.132757,2026-08-31T18:53:35.132760
PERSON-000502,Renu Joshi,FEMALE,1996-05-03,30,"185, MG Road, Sector 14, Chennai, Tamil Nadu - 523750",Chennai,Tamil Nadu,+91-9354159756,,Businessman,Indian,"[""Mole on right shoulder"", ""Scar on forehead""]","[{""id_type"": ""AADHAAR"", ""id_number"": ""8471-4874-3334""}, {""id_type"": ""PAN"", ""id_number"": ""XCUUP1721S""}]",2026-08-31T18:53:35.132800,2026-08-31T18:53:35.132803
PERSON-000503,Pooja Iyer,FEMALE,1956-10-06,69,"810, MG Road, Sector 23, Mumbai, Maharashtra - 573996",Mumbai,Maharashtra,+91-9933979229,pooja.iyer503@mail.com,Mechanic,Indian,"[""Mole on left cheek"", ""Scar on left knee""]","[{""id_type"": ""AADHAAR"", ""id_number"": ""4888-8371-6527""}, {""id_type"": ""PAN"", ""id_number"": ""NDNDI2986H""}]",2026-08-31T18:53:35.132844,2026-08-31T18:53:35.132847
PERSON-000504,Rahul Mehta,MALE,1960-01-19,66,"76, MG Road, Sector 13, Thiruvananthapuram, Kerala - 599660",Thiruvananthapuram,Kerala,+91-9491745767,rahul.mehta504@mail.com,Businessman,Indian,[],"[{""id_type"": ""AADHAAR"", ""id_number"": ""5270-4176-1215""}, {""id_type"": ""PAN"", ""id_number"": ""NWGTK4649W""}]",2026-08-31T18:53:35.132877,2026-08-31T18:53:35.132880
PERSON-000505,Vijay Saxena,MALE,1962-05-08,64,"824, MG Road, Sector 6, Lucknow, Uttar Pradesh - 443108",Lucknow,Uttar Pradesh,+91-9408767318,vijay.saxena505@mail.com,Electrician,Indian,[],"[{""id_type"": ""AADHAAR"", ""id_number"": ""4506-1921-4880""}, {""id_type"": ""PAN"", ""id_number"": ""STKPH9189I""}]",2026-08-31T18:53:35.132909,2026-08-31T18:53:35.132912
PERSON-000506,Sneha Bhowmick,FEMALE,1969-05-22,57,"936, MG Road, Sector 10, Pune, Maharashtra - 647205",Pune,Maharashtra,+91-9973857047,sneha.bhowmick506@mail.com,Homemaker,Indian,"[""Mole on right shoulder"", ""Scar on left knee""]","[{""id_type"": ""AADHAAR"", ""id_number"": ""4678-1838-2725""}, {""id_type"": ""PAN"", ""id_number"": ""FRXBL5853P""}]",2026-08-31T18:53:35.132943,2026-08-31T18:53:35.132946
PERSON-000507,Rohan Iyer,MALE,1952-02-20,74,"348, MG Road, Sector 13, Jaipur, Rajasthan - 562530",Jaipur,Rajasthan,+91-9490644493,rohan.iyer507@mail.com,Government Servant,Indian,[],"[{""id_type"": ""AADHAAR"", ""id_number"": ""4992-8223-5413""}, {""id_type"": ""PAN"", ""id_number"": ""KNFFI9099O""}]",2026-08-31T18:53:35.132978,2026-08-31T18:53:35.132981
PERSON-000508,Satish Kumar,MALE,1992-08-04,34,"44, MG Road, Sector 12, Thiruvananthapuram, Kerala - 681110",Thiruvananthapuram,Kerala,+91-9609430471,satish.kumar508@mail.com,Real Estate Agent,Indian,[],"[{""id_type"": ""AADHAAR"", ""id_number"": ""4889-1415-8527""}, {""id_type"": ""PAN"", ""id_number"": ""AOUYO3911M""}]",2026-08-31T18:53:35.133010,2026-08-31T18:53:35.133013
PERSON-000509,Vikram Yadav,MALE,1991-10-03,34,"662, MG Road, Sector 22, Ahmedabad, Gujarat - 482026",Ahmedabad,Gujarat,+91-9529622694,,Teacher,Indian,"[""Mole on left cheek"", ""Scar on left knee""]","[{""id_type"": ""AADHAAR"", ""id_number"": ""8448-7178-2637""}, {""id_type"": ""PAN"", ""id_number"": ""AGDOK5536V""}]",2026-08-31T18:53:35.133043,2026-08-31T18:53:35.133046
PERSON-000510,Deepa Banerjee,FEMALE,1965-11-11,60,"119, MG Road, Sector 25, Lucknow, Uttar Pradesh - 674553",Lucknow,Uttar Pradesh,+91-9598061824,deepa.banerjee510@mail.com,Farmer,Indian,[],"[{""id_type"": ""AADHAAR"", ""id_number"": ""2310-9471-9664""}, {""id_type"": ""PAN"", ""id_number"": ""UFVVW7052D""}]",2026-08-31T18:53:35.133090,2026-08-31T18:53:35.133095
PERSON-000511,Meena Rao,FEMALE,1980-01-19,46,"263, MG Road, Sector 6, Pune, Maharashtra - 463011",Pune,Maharashtra,+91-9261352213,meena.rao511@mail.com,Electrician,Indian,"[""Mole on chin"", ""Scar on left knee""]","[{""id_type"": ""AADHAAR"", ""id_number"": ""9297-3333-1913""}, {""id_type"": ""PAN"", ""id_number"": ""TGCPX9047X""}]",2026-08-31T18:53:35.133139,2026-08-31T18:53:35.133143
PERSON-000512,Dinesh Tiwari,MALE,2003-10-20,22,"647, MG Road, Sector 24, Chennai, Tamil Nadu - 689017",Chennai,Tamil Nadu,+91-9713719377,,Lawyer,Indian,[],"[{""id_type"": ""AADHAAR"", ""id_number"": ""2808-5288-9679""}, {""id_type"": ""PAN"", ""id_number"": ""LUCUU4755K""}]",2026-08-31T18:53:35.133177,2026-08-31T18:53:35.133181
PERSON-000513,Amit Pillai,MALE,1967-09-10,59,"107, MG Road, Sector 29, Chennai, Tamil Nadu - 406608",Chennai,Tamil Nadu,+91-9915466851,amit.pillai513@mail.com,Civil Engineer,Indian,"[""Mole on left cheek"", ""Scar on forehead""]","[{""id_type"": ""AADHAAR"", ""id_number"": ""6965-6047-6965""}, {""id_type"": ""PAN"", ""id_number"": ""SISWL2414Q""}]",2026-08-31T18:53:35.133229,2026-08-31T18:53:35.133232
PERSON-000514,Seema Reddy,FEMALE,1990-09-27,35,"313, MG Road, Sector 12, Chennai, Tamil Nadu - 687727",Chennai,Tamil Nadu,+91-9981646035,seema.reddy514@mail.com,Doctor,Indian,"[""Mole on right shoulder"", ""Scar on right palm""]","[{""id_type"": ""AADHAAR"", ""id_number"": ""7328-2686-8691""}, {""id_type"": ""PAN"", ""id_number"": ""QWNYP9572X""}]",2026-08-31T18:53:35.133268,2026-08-31T18:53:35.133272
PERSON-000515,Vandana Singh,FEMALE,2004-01-28,22,"53, MG Road, Sector 8, Thiruvananthapuram, Kerala - 510723",Thiruvananthapuram,Kerala,+91-9942439084,vandana.singh515@mail.com,Homemaker,Indian,[],"[{""id_type"": ""AADHAAR"", ""id_number"": ""8015-4879-6157""}, {""id_type"": ""PAN"", ""id_number"": ""NMPHB3540N""}]",2026-08-31T18:53:35.133305,2026-08-31T18:53:35.133308
PERSON-000516,Manish Chatterjee,MALE,1994-02-23,32,"178, MG Road, Sector 15, Kolkata, West Bengal - 582250",Kolkata,West Bengal,+91-9376668983,manish.chatterjee516@mail.com,Software Engineer,Indian,"[""Mole on left cheek"", ""Scar on forehead""]","[{""id_type"": ""AADHAAR"", ""id_number"": ""7046-4412-7047""}, {""id_type"": ""PAN"", ""id_number"": ""WWDEG2678E""}]",2026-08-31T18:53:35.133339,2026-08-31T18:53:35.133342
PERSON-000517,Ananya Verma,FEMALE,1959-12-03,66,"458, MG Road, Sector 15, Central Delhi, Delhi - 429278",Central Delhi,Delhi,+91-9899708589,ananya.verma517@mail.com,Farmer,Indian,[],"[{""id_type"": ""AADHAAR"", ""id_number"": ""5403-1035-5857""}, {""id_type"": ""PAN"", ""id_number"": ""YBCRO2598E""}]",2026-08-31T18:53:35.133372,2026-08-31T18:53:35.133374
PERSON-000518,Suresh Shukla,MALE,1992-11-16,33,"482, MG Road, Sector 26, Mumbai, Maharashtra - 561039",Mumbai,Maharashtra,+91-9992764724,,Contractor,Indian,[],"[{""id_type"": ""AADHAAR"", ""id_number"": ""6755-2691-3861""}, {""id_type"": ""PAN"", ""id_number"": ""TCJZR7378N""}]",2026-08-31T18:53:35.133416,2026-08-31T18:53:35.133418
PERSON-000519,Suresh Mishra,MALE,1991-06-09,35,"826, MG Road, Sector 16, Thiruvananthapuram, Kerala - 652579",Thiruvananthapuram,Kerala,+91-9951720735,suresh.mishra519@mail.com,Contractor,Indian,"[""Mole on left cheek"", ""Scar on right palm""]","[{""id_type"": ""AADHAAR"", ""id_number"": ""7444-4902-2677""}, {""id_type"": ""PAN"", ""id_number"": ""EADAQ7684F""}]",2026-08-31T18:53:35.133450,2026-08-31T18:53:35.133453
PERSON-000520,Shanti Naidu,FEMALE,1980-10-10,45,"33, MG Road, Sector 7, Chennai, Tamil Nadu - 671893",Chennai,Tamil Nadu,+91-9553259294,,Bank Employee,Indian,[],"[{""id_type"": ""AADHAAR"", ""id_number"": ""2778-9940-2116""}, {""id_type"": ""PAN"", ""id_number"": ""QOQKU5265H""}]",2026-08-31T18:53:35.133484,2026-08-31T18:53:35.133487
PERSON-000521,Priya Mukherjee,FEMALE,1975-01-15,51,"176, MG Road, Sector 23, Bangalore, Karnataka - 591166",Bangalore,Karnataka,+91-9691833480,,Accountant,Indian,[],"[{""id_type"": ""AADHAAR"", ""id_number"": ""8363-8574-1536""}, {""id_type"": ""PAN"", ""id_number"": ""RHFJD4140N""}]",2026-08-31T18:53:35.133553,2026-08-31T18:53:35.133558
PERSON-000522,Renu Agarwal,FEMALE,1978-07-10,48,"907, MG Road, Sector 19, Pune, Maharashtra - 402321",Pune,Maharashtra,+91-9136666384,renu.agarwal522@mail.com,Government Servant,Indian,[],"[{""id_type"": ""AADHAAR"", ""id_number"": ""7225-1348-6199""}, {""id_type"": ""PAN"", ""id_number"": ""GQSXJ9439X""}]",2026-08-31T18:53:35.133609,2026-08-31T18:53:35.133612
PERSON-000523,Ajay Rao,MALE,1987-10-25,38,"122, MG Road, Sector 22, Mumbai, Maharashtra - 413679",Mumbai,Maharashtra,+91-9320207452,,Driver,Indian,[],"[{""id_type"": ""AADHAAR"", ""id_number"": ""4279-3620-6321""}, {""id_type"": ""PAN"", ""id_number"": ""BHQLC4974V""}]",2026-08-31T18:53:35.133667,2026-08-31T18:53:35.133673
PERSON-000524,Kavita Nair,FEMALE,1969-03-30,57,"354, MG Road, Sector 10, Pune, Maharashtra - 419266",Pune,Maharashtra,+91-9853513477,kavita.nair524@mail.com,Doctor,Indian,"[""Mole on forehead"", ""Scar on right palm""]","[{""id_type"": ""AADHAAR"", ""id_number"": ""9028-8483-8195""}, {""id_type"": ""PAN"", ""id_number"": ""ZFKYT1135X""}]",2026-08-31T18:53:35.133717,2026-08-31T18:53:35.133720
PERSON-000525,Vidya Chatterjee,FEMALE,1990-09-19,35,"972, MG Road, Sector 6, Bangalore, Karnataka - 620497",Bangalore,Karnataka,+91-9370253686,vidya.chatterjee525@mail.com,Homemaker,Indian,"[""Mole on right shoulder"", ""Scar on forehead""]","[{""id_type"": ""AADHAAR"", ""id_number"": ""5052-2172-3138""}, {""id_type"": ""PAN"", ""id_number"": ""PZJKB2792U""}]",2026-08-31T18:53:35.133757,2026-08-31T18:53:35.133760
PERSON-000526,Suman Shukla,FEMALE,1987-06-20,39,"793, MG Road, Sector 2, Ahmedabad, Gujarat - 404153",Ahmedabad,Gujarat,+91-9115493261,suman.shukla526@mail.com,Bank Employee,Indian,[],"[{""id_type"": ""AADHAAR"", ""id_number"": ""8202-7202-7725""}, {""id_type"": ""PAN"", ""id_number"": ""XGLMB8744Y""}]",2026-08-31T18:53:35.133791,2026-08-31T18:53:35.133794
PERSON-000527,Manoj Mishra,MALE,1957-12-23,68,"759, MG Road, Sector 9, Lucknow, Uttar Pradesh - 554040",Lucknow,Uttar Pradesh,+91-9231507609,,Contractor,Indian,"[""Mole on right shoulder"", ""Scar on left knee""]","[{""id_type"": ""AADHAAR"", ""id_number"": ""9984-6873-9986""}, {""id_type"": ""PAN"", ""id_number"": ""AYHHJ4616W""}]",2026-08-31T18:53:35.133826,2026-08-31T18:53:35.133829
PERSON-000528,Ashok Rao,MALE,2007-06-27,19,"836, MG Road, Sector 21, Thiruvananthapuram, Kerala - 441845",Thiruvananthapuram,Kerala,+91-9153799636,,Lawyer,Indian,[],"[{""id_type"": ""AADHAAR"", ""id_number"": ""3077-4660-6776""}, {""id_type"": ""PAN"", ""id_number"": ""AEIRM1466Z""}]",2026-08-31T18:53:35.133858,2026-08-31T18:53:35.133861
PERSON-000529,Arjun Kulkarni,MALE,2008-02-17,18,"295, MG Road, Sector 2, Mumbai, Maharashtra - 675105",Mumbai,Maharashtra,+91-9608944705,arjun.kulkarni529@mail.com,Journalist,Indian,"[""Mole on left cheek"", ""Scar on right palm""]","[{""id_type"": ""AADHAAR"", ""id_number"": ""8116-6761-8962""}, {""id_type"": ""PAN"", ""id_number"": ""GSSCS1519K""}]",2026-08-31T18:53:35.133902,2026-08-31T18:53:35.133905
PERSON-000530,Payal Shah,FEMALE,1958-07-31,68,"955, MG Road, Sector 22, Lucknow, Uttar Pradesh - 658777",Lucknow,Uttar Pradesh,+91-9307612614,payal.shah530@mail.com,Doctor,Indian,[],"[{""id_type"": ""AADHAAR"", ""id_number"": ""4566-6237-7247""}, {""id_type"": ""PAN"", ""id_number"": ""ZNUKO8511A""}]",2026-08-31T18:53:35.133935,2026-08-31T18:53:35.133938
PERSON-000531,Sanjay Patel,MALE,2003-11-21,22,"282, MG Road, Sector 9, Chennai, Tamil Nadu - 638681",Chennai,Tamil Nadu,+91-9299896222,,Contractor,Indian,[],"[{""id_type"": ""AADHAAR"", ""id_number"": ""7181-5113-6608""}, {""id_type"": ""PAN"", ""id_number"": ""ZQZMO6028C""}]",2026-08-31T18:53:35.133968,2026-08-31T18:53:35.133972
PERSON-000532,Sachin Saxena,MALE,2003-05-11,23,"344, MG Road, Sector 4, Bangalore, Karnataka - 668156",Bangalore,Karnataka,+91-9197680617,,Real Estate Agent,Indian,[],"[{""id_type"": ""AADHAAR"", ""id_number"": ""9667-4591-5158""}, {""id_type"": ""PAN"", ""id_number"": ""IOSFV9555B""}]",2026-08-31T18:53:35.134022,2026-08-31T18:53:35.134026
PERSON-000533,Alok Srivastava,MALE,1964-10-30,61,"588, MG Road, Sector 8, Mumbai, Maharashtra - 455803",Mumbai,Maharashtra,+91-9567753397,,Government Servant,Indian,[],"[{""id_type"": ""AADHAAR"", ""id_number"": ""7896-6689-1105""}, {""id_type"": ""PAN"", ""id_number"": ""ZNPKD1004J""}]",2026-08-31T18:53:35.134074,2026-08-31T18:53:35.134077
PERSON-000534,Tanja Kumar,FEMALE,1986-07-17,40,"842, MG Road, Sector 6, Kolkata, West Bengal - 638843",Kolkata,West Bengal,+91-9738133421,tanja.kumar534@mail.com,Journalist,Indian,[],"[{""id_type"": ""AADHAAR"", ""id_number"": ""9318-8382-3624""}, {""id_type"": ""PAN"", ""id_number"": ""NKMPV7055C""}]",2026-08-31T18:53:35.134119,2026-08-31T18:53:35.134122
PERSON-000535,Meena Chatterjee,FEMALE,1982-12-10,43,"203, MG Road, Sector 5, Chennai, Tamil Nadu - 570894",Chennai,Tamil Nadu,+91-9903234729,meena.chatterjee535@mail.com,Mechanic,Indian,"[""Mole on left cheek"", ""Scar on forehead""]","[{""id_type"": ""AADHAAR"", ""id_number"": ""2982-7023-1353""}, {""id_type"": ""PAN"", ""id_number"": ""NNJIG2447G""}]",2026-08-31T18:53:35.134156,2026-08-31T18:53:35.134164
PERSON-000536,Tejal Gowda,FEMALE,1993-06-28,33,"344, MG Road, Sector 28, Kolkata, West Bengal - 498176",Kolkata,West Bengal,+91-9254891026,tejal.gowda536@mail.com,Civil Engineer,Indian,[],"[{""id_type"": ""AADHAAR"", ""id_number"": ""9738-3199-1701""}, {""id_type"": ""PAN"", ""id_number"": ""FHKBU9841P""}]",2026-08-31T18:53:35.134209,2026-08-31T18:53:35.134213
PERSON-000537,Sachin Reddy,MALE,1984-10-25,41,"62, MG Road, Sector 2, Kolkata, West Bengal - 587081",Kolkata,West Bengal,+91-9865608910,sachin.reddy537@mail.com,Real Estate Agent,Indian,[],"[{""id_type"": ""AADHAAR"", ""id_number"": ""5122-5410-6970""}, {""id_type"": ""PAN"", ""id_number"": ""IOASU2968I""}]",2026-08-31T18:53:35.134251,2026-08-31T18:53:35.134254
PERSON-000538,Asha Chatterjee,FEMALE,1984-09-25,41,"526, MG Road, Sector 5, Bangalore, Karnataka - 538443",Bangalore,Karnataka,+91-9328674462,asha.chatterjee538@mail.com,Government Servant,Indian,[],"[{""id_type"": ""AADHAAR"", ""id_number"": ""3047-1686-1196""}, {""id_type"": ""PAN"", ""id_number"": ""ERQRE3732W""}]",2026-08-31T18:53:35.134288,2026-08-31T18:53:35.134291
PERSON-000539,Kiran Singh,FEMALE,2001-10-14,24,"229, MG Road, Sector 30, Kolkata, West Bengal - 692047",Kolkata,West Bengal,+91-9599429679,kiran.singh539@mail.com,Farmer,Indian,[],"[{""id_type"": ""AADHAAR"", ""id_number"": ""3591-4175-6455""}, {""id_type"": ""PAN"", ""id_number"": ""ZBVFF9734W""}]",2026-08-31T18:53:35.134335,2026-08-31T18:53:35.134338
PERSON-000540,Vinod Pandey,MALE,1979-11-07,46,"9, MG Road, Sector 16, Ahmedabad, Gujarat - 696989",Ahmedabad,Gujarat,+91-9197258575,vinod.pandey540@mail.com,Civil Engineer,Indian,"[""Mole on left cheek"", ""Scar on right palm""]","[{""id_type"": ""AADHAAR"", ""id_number"": ""3715-5196-9832""}, {""id_type"": ""PAN"", ""id_number"": ""ILZDG7003V""}]",2026-08-31T18:53:35.134373,2026-08-31T18:53:35.134377
PERSON-000541,Kiran Nair,FEMALE,2006-03-12,20,"151, MG Road, Sector 30, Jaipur, Rajasthan - 424906",Jaipur,Rajasthan,+91-9671686966,,Mechanic,Indian,[],"[{""id_type"": ""AADHAAR"", ""id_number"": ""7790-7249-5079""}, {""id_type"": ""PAN"", ""id_number"": ""UQNKY7481Y""}]",2026-08-31T18:53:35.134409,2026-08-31T18:53:35.134412
PERSON-000542,Gaurav Menon,MALE,1985-07-26,41,"710, MG Road, Sector 18, Lucknow, Uttar Pradesh - 661260",Lucknow,Uttar Pradesh,+91-9860141497,gaurav.menon542@mail.com,Lawyer,Indian,[],"[{""id_type"": ""AADHAAR"", ""id_number"": ""4434-3983-7558""}, {""id_type"": ""PAN"", ""id_number"": ""RDFSI1393T""}]",2026-08-31T18:53:35.134443,2026-08-31T18:53:35.134446
PERSON-000543,Jitendra Tripathi,MALE,1957-11-06,68,"734, MG Road, Sector 1, Mumbai, Maharashtra - 425383",Mumbai,Maharashtra,+91-9165015813,,Real Estate Agent,Indian,"[""Mole on chin"", ""Scar on right palm""]","[{""id_type"": ""AADHAAR"", ""id_number"": ""2475-7595-8379""}, {""id_type"": ""PAN"", ""id_number"": ""QPBPU5187H""}]",2026-08-31T18:53:35.134486,2026-08-31T18:53:35.134489
PERSON-000544,Ananya Rao,FEMALE,1989-11-15,36,"653, MG Road, Sector 12, Bangalore, Karnataka - 618985",Bangalore,Karnataka,+91-9668005234,ananya.rao544@mail.com,Unemployed,Indian,[],"[{""id_type"": ""AADHAAR"", ""id_number"": ""5903-5160-1162""}, {""id_type"": ""PAN"", ""id_number"": ""DIXNH9532P""}]",2026-08-31T18:53:35.134519,2026-08-31T18:53:35.134521
PERSON-000545,Kiran Joshi,FEMALE,1980-11-19,45,"790, MG Road, Sector 29, Ahmedabad, Gujarat - 568930",Ahmedabad,Gujarat,+91-9662728413,,Real Estate Agent,Indian,"[""Mole on chin"", ""Scar on right palm""]","[{""id_type"": ""AADHAAR"", ""id_number"": ""5666-5841-9220""}, {""id_type"": ""PAN"", ""id_number"": ""UWWJQ5092K""}]",2026-08-31T18:53:35.134565,2026-08-31T18:53:35.134567
PERSON-000546,Vandana Kulkarni,FEMALE,1951-08-16,75,"148, MG Road, Sector 23, Chennai, Tamil Nadu - 660820",Chennai,Tamil Nadu,+91-9159370172,vandana.kulkarni546@mail.com,Civil Engineer,Indian,[],"[{""id_type"": ""AADHAAR"", ""id_number"": ""6094-1053-9636""}, {""id_type"": ""PAN"", ""id_number"": ""KUPME2914Z""}]",2026-08-31T18:53:35.134599,2026-08-31T18:53:35.134602
PERSON-000547,Jitendra Menon,MALE,1964-05-22,62,"21, MG Road, Sector 13, Lucknow, Uttar Pradesh - 516785",Lucknow,Uttar Pradesh,+91-9726773834,jitendra.menon547@mail.com,Electrician,Indian,[],"[{""id_type"": ""AADHAAR"", ""id_number"": ""3554-9513-7746""}, {""id_type"": ""PAN"", ""id_number"": ""ORGQY1717S""}]",2026-08-31T18:53:35.134630,2026-08-31T18:53:35.134633
PERSON-000548,Swati Mishra,FEMALE,1982-06-14,44,"920, MG Road, Sector 19, Mumbai, Maharashtra - 622800",Mumbai,Maharashtra,+91-9965683186,swati.mishra548@mail.com,Businessman,Indian,[],"[{""id_type"": ""AADHAAR"", ""id_number"": ""8303-1307-6113""}, {""id_type"": ""PAN"", ""id_number"": ""TIWKV7701U""}]",2026-08-31T18:53:35.134661,2026-08-31T18:53:35.134664
PERSON-000549,Gaurav Chauhan,MALE,2008-05-31,18,"751, MG Road, Sector 11, Chennai, Tamil Nadu - 494440",Chennai,Tamil Nadu,+91-9279060174,gaurav.chauhan549@mail.com,Contractor,Indian,"[""Mole on chin"", ""Scar on right palm""]","[{""id_type"": ""AADHAAR"", ""id_number"": ""9127-6498-7418""}, {""id_type"": ""PAN"", ""id_number"": ""RMEBT5301V""}]",2026-08-31T18:53:35.134695,2026-08-31T18:53:35.134698
PERSON-000550,Rakesh Chauhan,MALE,1983-12-15,42,"726, MG Road, Sector 23, Bangalore, Karnataka - 497082",Bangalore,Karnataka,+91-9669491173,rakesh.chauhan550@mail.com,Doctor,Indian,[],"[{""id_type"": ""AADHAAR"", ""id_number"": ""3940-1173-4845""}, {""id_type"": ""PAN"", ""id_number"": ""TQKYU3279G""}]",2026-08-31T18:53:35.134746,2026-08-31T18:53:35.134751
PERSON-000551,Hitesh Nair,MALE,1991-04-01,35,"851, MG Road, Sector 8, Lucknow, Uttar Pradesh - 442866",Lucknow,Uttar Pradesh,+91-9222644496,,Driver,Indian,[],"[{""id_type"": ""AADHAAR"", ""id_number"": ""9822-4239-7943""}, {""id_type"": ""PAN"", ""id_number"": ""OYGMJ5065E""}]",2026-08-31T18:53:35.134791,2026-08-31T18:53:35.134794
PERSON-000552,Rohan Joshi,MALE,1986-02-10,40,"933, MG Road, Sector 9, Mumbai, Maharashtra - 570559",Mumbai,Maharashtra,+91-9365390171,rohan.joshi552@mail.com,Bank Employee,Indian,"[""Mole on chin"", ""Scar on forehead""]","[{""id_type"": ""AADHAAR"", ""id_number"": ""3554-8298-5598""}, {""id_type"": ""PAN"", ""id_number"": ""EAVFQ8702J""}]",2026-08-31T18:53:35.134828,2026-08-31T18:53:35.134831
PERSON-000553,Renu Yadav,FEMALE,1974-12-02,51,"927, MG Road, Sector 7, Bangalore, Karnataka - 462138",Bangalore,Karnataka,+91-9545919636,renu.yadav553@mail.com,Teacher,Indian,[],"[{""id_type"": ""AADHAAR"", ""id_number"": ""5837-3495-2638""}, {""id_type"": ""PAN"", ""id_number"": ""VHXGU1935W""}]",2026-08-31T18:53:35.134867,2026-08-31T18:53:35.134871
PERSON-000554,Vandana Bhowmick,FEMALE,1988-11-27,37,"510, MG Road, Sector 28, Kolkata, West Bengal - 480469",Kolkata,West Bengal,+91-9733023075,vandana.bhowmick554@mail.com,Mechanic,Indian,"[""Mole on right shoulder"", ""Scar on left knee""]","[{""id_type"": ""AADHAAR"", ""id_number"": ""6871-4940-5404""}, {""id_type"": ""PAN"", ""id_number"": ""FSIND3266Y""}]",2026-08-31T18:53:35.134907,2026-08-31T18:53:35.134910
PERSON-000555,Krutika Bansal,FEMALE,1969-07-19,57,"127, MG Road, Sector 29, Bangalore, Karnataka - 445842",Bangalore,Karnataka,+91-9556346779,,Electrician,Indian,"[""Mole on left cheek"", ""Scar on right palm""]","[{""id_type"": ""AADHAAR"", ""id_number"": ""3526-3919-4772""}, {""id_type"": ""PAN"", ""id_number"": ""SETUR5252T""}]",2026-08-31T18:53:35.134945,2026-08-31T18:53:35.134951
PERSON-000556,Ritu Patel,FEMALE,1995-07-29,31,"126, MG Road, Sector 21, Ahmedabad, Gujarat - 505365",Ahmedabad,Gujarat,+91-9105638272,,Journalist,Indian,[],"[{""id_type"": ""AADHAAR"", ""id_number"": ""6214-8366-3123""}, {""id_type"": ""PAN"", ""id_number"": ""IUBQS4537L""}]",2026-08-31T18:53:35.134978,2026-08-31T18:53:35.134981
PERSON-000557,Vandana Bhowmick,FEMALE,1957-09-25,68,"190, MG Road, Sector 18, Pune, Maharashtra - 562149",Pune,Maharashtra,+91-9946315346,,Civil Engineer,Indian,[],"[{""id_type"": ""AADHAAR"", ""id_number"": ""6579-1242-5135""}, {""id_type"": ""PAN"", ""id_number"": ""KEELJ9685P""}]",2026-08-31T18:53:35.135006,2026-08-31T18:53:35.135008
PERSON-000558,Ramesh Srivastava,MALE,1997-12-28,28,"432, MG Road, Sector 6, Ahmedabad, Gujarat - 644730",Ahmedabad,Gujarat,+91-9980185965,,Bank Employee,Indian,"[""Mole on right shoulder"", ""Scar on left knee""]","[{""id_type"": ""AADHAAR"", ""id_number"": ""6487-3731-8502""}, {""id_type"": ""PAN"", ""id_number"": ""PUKJR7279J""}]",2026-08-31T18:53:35.135036,2026-08-31T18:53:35.135039
PERSON-000559,Ritu Shukla,FEMALE,1974-06-26,52,"614, MG Road, Sector 12, Lucknow, Uttar Pradesh - 609361",Lucknow,Uttar Pradesh,+91-9621150849,,Security Guard,Indian,"[""Mole on left cheek"", ""Scar on left knee""]","[{""id_type"": ""AADHAAR"", ""id_number"": ""2391-6026-8270""}, {""id_type"": ""PAN"", ""id_number"": ""BXKAS9850U""}]",2026-08-31T18:53:35.135067,2026-08-31T18:53:35.135070
PERSON-000560,Swati Verma,FEMALE,2006-07-07,20,"138, MG Road, Sector 15, Thiruvananthapuram, Kerala - 454971",Thiruvananthapuram,Kerala,+91-9941564583,swati.verma560@mail.com,Contractor,Indian,"[""Mole on right shoulder"", ""Scar on forehead""]","[{""id_type"": ""AADHAAR"", ""id_number"": ""2785-4096-8735""}, {""id_type"": ""PAN"", ""id_number"": ""JCCFX2525W""}]",2026-08-31T18:53:35.135107,2026-08-31T18:53:35.135110
PERSON-000561,Sneha Saxena,FEMALE,1984-04-23,42,"385, MG Road, Sector 27, Ahmedabad, Gujarat - 618872",Ahmedabad,Gujarat,+91-9241113317,sneha.saxena561@mail.com,Contractor,Indian,[],"[{""id_type"": ""AADHAAR"", ""id_number"": ""3879-1246-5238""}, {""id_type"": ""PAN"", ""id_number"": ""RSBIX6293S""}]",2026-08-31T18:53:35.135139,2026-08-31T18:53:35.135143
PERSON-000562,Manju Naidu,FEMALE,1957-10-19,68,"479, MG Road, Sector 16, Pune, Maharashtra - 533527",Pune,Maharashtra,+91-9845877491,,Businessman,Indian,"[""Mole on left cheek"", ""Scar on left knee""]","[{""id_type"": ""AADHAAR"", ""id_number"": ""9586-1313-3290""}, {""id_type"": ""PAN"", ""id_number"": ""HSBWI6671F""}]",2026-08-31T18:53:35.135174,2026-08-31T18:53:35.135178
PERSON-000563,Amit Joshi,MALE,2005-09-29,20,"620, MG Road, Sector 26, Pune, Maharashtra - 654605",Pune,Maharashtra,+91-9703232019,amit.joshi563@mail.com,Government Servant,Indian,[],"[{""id_type"": ""AADHAAR"", ""id_number"": ""8720-3781-3736""}, {""id_type"": ""PAN"", ""id_number"": ""ZAUDB4969M""}]",2026-08-31T18:53:35.135214,2026-08-31T18:53:35.135217
PERSON-000564,Vikram Kumar,MALE,1991-12-12,34,"235, MG Road, Sector 5, Central Delhi, Delhi - 437701",Central Delhi,Delhi,+91-9474442716,,Mechanic,Indian,"[""Mole on right shoulder"", ""Scar on right palm""]","[{""id_type"": ""AADHAAR"", ""id_number"": ""8413-4084-6382""}, {""id_type"": ""PAN"", ""id_number"": ""DSPNP6255B""}]",2026-08-31T18:53:35.135246,2026-08-31T18:53:35.135249
PERSON-000565,Nikhil Rao,MALE,1958-10-21,67,"238, MG Road, Sector 22, Bangalore, Karnataka - 681663",Bangalore,Karnataka,+91-9199220550,,Farmer,Indian,[],"[{""id_type"": ""AADHAAR"", ""id_number"": ""4181-3306-8028""}, {""id_type"": ""PAN"", ""id_number"": ""QOMSA2038I""}]",2026-08-31T18:53:35.135295,2026-08-31T18:53:35.135299
PERSON-000566,Satish Mukherjee,MALE,2001-03-22,25,"979, MG Road, Sector 30, Pune, Maharashtra - 557870",Pune,Maharashtra,+91-9856413146,satish.mukherjee566@mail.com,Doctor,Indian,"[""Mole on chin"", ""Scar on right palm""]","[{""id_type"": ""AADHAAR"", ""id_number"": ""3009-8877-4821""}, {""id_type"": ""PAN"", ""id_number"": ""KIERY7917M""}]",2026-08-31T18:53:35.135347,2026-08-31T18:53:35.135350
PERSON-000567,Gaurav Reddy,MALE,1979-09-03,47,"787, MG Road, Sector 9, Chennai, Tamil Nadu - 430236",Chennai,Tamil Nadu,+91-9642655241,gaurav.reddy567@mail.com,Driver,Indian,[],"[{""id_type"": ""AADHAAR"", ""id_number"": ""5835-1425-3471""}, {""id_type"": ""PAN"", ""id_number"": ""ZPDHJ3555M""}]",2026-08-31T18:53:35.135386,2026-08-31T18:53:35.135390
PERSON-000568,Ravi Saxena,MALE,1959-11-04,66,"790, MG Road, Sector 12, Mumbai, Maharashtra - 671697",Mumbai,Maharashtra,+91-9675836914,ravi.saxena568@mail.com,Government Servant,Indian,"[""Mole on left cheek"", ""Scar on left knee""]","[{""id_type"": ""AADHAAR"", ""id_number"": ""7583-2307-8250""}, {""id_type"": ""PAN"", ""id_number"": ""OMXQK3715T""}]",2026-08-31T18:53:35.135425,2026-08-31T18:53:35.135428
PERSON-000569,Suresh Chauhan,MALE,1964-02-07,62,"769, MG Road, Sector 16, Central Delhi, Delhi - 581692",Central Delhi,Delhi,+91-9607049961,suresh.chauhan569@mail.com,Security Guard,Indian,"[""Mole on left cheek"", ""Scar on forehead""]","[{""id_type"": ""AADHAAR"", ""id_number"": ""4872-1635-6750""}, {""id_type"": ""PAN"", ""id_number"": ""EYJOM4780X""}]",2026-08-31T18:53:35.135470,2026-08-31T18:53:35.135472
PERSON-000570,Kavita Patel,FEMALE,1967-01-17,59,"456, MG Road, Sector 19, Jaipur, Rajasthan - 632088",Jaipur,Rajasthan,+91-9199592405,,Teacher,Indian,"[""Mole on right shoulder"", ""Scar on right palm""]","[{""id_type"": ""AADHAAR"", ""id_number"": ""2003-8151-2506""}, {""id_type"": ""PAN"", ""id_number"": ""ZACGU7526Y""}]",2026-08-31T18:53:35.135511,2026-08-31T18:53:35.135514
PERSON-000571,Ravi Yadav,MALE,1987-01-07,39,"329, MG Road, Sector 12, Ahmedabad, Gujarat - 616558",Ahmedabad,Gujarat,+91-9465354625,ravi.yadav571@mail.com,Homemaker,Indian,"[""Mole on chin"", ""Scar on forehead""]","[{""id_type"": ""AADHAAR"", ""id_number"": ""9629-2594-4395""}, {""id_type"": ""PAN"", ""id_number"": ""PMKJW3569Y""}]",2026-08-31T18:53:35.135592,2026-08-31T18:53:35.135596
PERSON-000572,Nilesh Bansal,MALE,1973-11-03,52,"550, MG Road, Sector 24, Jaipur, Rajasthan - 480126",Jaipur,Rajasthan,+91-9609873539,,Civil Engineer,Indian,[],"[{""id_type"": ""AADHAAR"", ""id_number"": ""5715-3746-4520""}, {""id_type"": ""PAN"", ""id_number"": ""YPABY2661Q""}]",2026-08-31T18:53:35.135628,2026-08-31T18:53:35.135631
PERSON-000573,Savita Pillai,FEMALE,1988-11-22,37,"637, MG Road, Sector 6, Kolkata, West Bengal - 583073",Kolkata,West Bengal,+91-9600004804,savita.pillai573@mail.com,Security Guard,Indian,[],"[{""id_type"": ""AADHAAR"", ""id_number"": ""5342-5638-3437""}, {""id_type"": ""PAN"", ""id_number"": ""HARRZ5619P""}]",2026-08-31T18:53:35.135665,2026-08-31T18:53:35.135668
PERSON-000574,Nandini Srivastava,FEMALE,1967-05-29,59,"160, MG Road, Sector 27, Jaipur, Rajasthan - 451927",Jaipur,Rajasthan,+91-9435147235,,Real Estate Agent,Indian,"[""Mole on forehead"", ""Scar on left knee""]","[{""id_type"": ""AADHAAR"", ""id_number"": ""9663-6274-8208""}, {""id_type"": ""PAN"", ""id_number"": ""OUDQJ5547G""}]",2026-08-31T18:53:35.135699,2026-08-31T18:53:35.135702
PERSON-000575,Vandana Saxena,FEMALE,2005-04-19,21,"548, MG Road, Sector 18, Jaipur, Rajasthan - 523241",Jaipur,Rajasthan,+91-9416601825,,Electrician,Indian,"[""Mole on left cheek"", ""Scar on left knee""]","[{""id_type"": ""AADHAAR"", ""id_number"": ""2170-6469-5385""}, {""id_type"": ""PAN"", ""id_number"": ""JSXTN2929F""}]",2026-08-31T18:53:35.135730,2026-08-31T18:53:35.135733
PERSON-000576,Nilesh Menon,MALE,2004-09-27,21,"186, MG Road, Sector 19, Chennai, Tamil Nadu - 561598",Chennai,Tamil Nadu,+91-9866553509,,Unemployed,Indian,[],"[{""id_type"": ""AADHAAR"", ""id_number"": ""9980-6226-4553""}, {""id_type"": ""PAN"", ""id_number"": ""ALXJZ4003I""}]",2026-08-31T18:53:35.135765,2026-08-31T18:53:35.135768
PERSON-000577,Sneha Naidu,FEMALE,1987-01-11,39,"479, MG Road, Sector 17, Ahmedabad, Gujarat - 617819",Ahmedabad,Gujarat,+91-9626621366,sneha.naidu577@mail.com,Civil Engineer,Indian,"[""Mole on chin"", ""Scar on left knee""]","[{""id_type"": ""AADHAAR"", ""id_number"": ""6604-5733-1744""}, {""id_type"": ""PAN"", ""id_number"": ""QJSCZ5888W""}]",2026-08-31T18:53:35.135808,2026-08-31T18:53:35.135813
PERSON-000578,Vikram Shah,MALE,1975-01-01,51,"70, MG Road, Sector 15, Bangalore, Karnataka - 409374",Bangalore,Karnataka,+91-9567951319,vikram.shah578@mail.com,Security Guard,Indian,[],"[{""id_type"": ""AADHAAR"", ""id_number"": ""2238-8860-8627""}, {""id_type"": ""PAN"", ""id_number"": ""SVBKV4592D""}]",2026-08-31T18:53:35.135855,2026-08-31T18:53:35.135864
PERSON-000579,Vidya Shah,FEMALE,1951-06-28,75,"215, MG Road, Sector 3, Bangalore, Karnataka - 558075",Bangalore,Karnataka,+91-9884794376,vidya.shah579@mail.com,Software Engineer,Indian,"[""Mole on forehead"", ""Scar on forehead""]","[{""id_type"": ""AADHAAR"", ""id_number"": ""4609-9468-6559""}, {""id_type"": ""PAN"", ""id_number"": ""KWYZA6159B""}]",2026-08-31T18:53:35.135901,2026-08-31T18:53:35.135904
PERSON-000580,Rahul Gowda,MALE,1958-02-25,68,"359, MG Road, Sector 6, Bangalore, Karnataka - 560562",Bangalore,Karnataka,+91-9166755000,rahul.gowda580@mail.com,Real Estate Agent,Indian,"[""Mole on forehead"", ""Scar on left knee""]","[{""id_type"": ""AADHAAR"", ""id_number"": ""2327-9081-7451""}, {""id_type"": ""PAN"", ""id_number"": ""VFQRM3557K""}]",2026-08-31T18:53:35.135940,2026-08-31T18:53:35.135943
PERSON-000581,Seema Singh,FEMALE,1978-06-30,48,"517, MG Road, Sector 21, Chennai, Tamil Nadu - 633670",Chennai,Tamil Nadu,+91-9914910344,,Security Guard,Indian,"[""Mole on chin"", ""Scar on right palm""]","[{""id_type"": ""AADHAAR"", ""id_number"": ""6430-6028-7209""}, {""id_type"": ""PAN"", ""id_number"": ""AEVAU1234T""}]",2026-08-31T18:53:35.135984,2026-08-31T18:53:35.135987
PERSON-000582,Ritu Nair,FEMALE,1978-08-25,48,"665, MG Road, Sector 8, Central Delhi, Delhi - 421577",Central Delhi,Delhi,+91-9838656740,ritu.nair582@mail.com,Homemaker,Indian,"[""Mole on chin"", ""Scar on forehead""]","[{""id_type"": ""AADHAAR"", ""id_number"": ""6605-5289-6901""}, {""id_type"": ""PAN"", ""id_number"": ""VMFCP7081G""}]",2026-08-31T18:53:35.136019,2026-08-31T18:53:35.136022
PERSON-000583,Jyoti Mukherjee,FEMALE,1954-05-25,72,"906, MG Road, Sector 5, Lucknow, Uttar Pradesh - 423102",Lucknow,Uttar Pradesh,+91-9989070731,,Real Estate Agent,Indian,"[""Mole on left cheek"", ""Scar on right palm""]","[{""id_type"": ""AADHAAR"", ""id_number"": ""7920-7907-6610""}, {""id_type"": ""PAN"", ""id_number"": ""TATVA1895P""}]",2026-08-31T18:53:35.136056,2026-08-31T18:53:35.136059
PERSON-000584,Kavita Srivastava,FEMALE,1961-03-17,65,"866, MG Road, Sector 28, Thiruvananthapuram, Kerala - 420215",Thiruvananthapuram,Kerala,+91-9312277433,kavita.srivastava584@mail.com,Doctor,Indian,[],"[{""id_type"": ""AADHAAR"", ""id_number"": ""7025-4897-5476""}, {""id_type"": ""PAN"", ""id_number"": ""OMTYM8672I""}]",2026-08-31T18:53:35.136087,2026-08-31T18:53:35.136090
PERSON-000585,Sneha Mehta,FEMALE,2004-12-27,21,"58, MG Road, Sector 8, Ahmedabad, Gujarat - 515682",Ahmedabad,Gujarat,+91-9653703143,sneha.mehta585@mail.com,Bank Employee,Indian,"[""Mole on left cheek"", ""Scar on right palm""]","[{""id_type"": ""AADHAAR"", ""id_number"": ""5262-3018-6755""}, {""id_type"": ""PAN"", ""id_number"": ""POPWO6242C""}]",2026-08-31T18:53:35.136119,2026-08-31T18:53:35.136122
PERSON-000586,Alok Gowda,MALE,2002-03-03,24,"726, MG Road, Sector 15, Ahmedabad, Gujarat - 527229",Ahmedabad,Gujarat,+91-9372126522,,Security Guard,Indian,"[""Mole on right shoulder"", ""Scar on left knee""]","[{""id_type"": ""AADHAAR"", ""id_number"": ""7891-6265-9303""}, {""id_type"": ""PAN"", ""id_number"": ""YOPLW5048K""}]",2026-08-31T18:53:35.136157,2026-08-31T18:53:35.136160
PERSON-000587,Pradeep Dubey,MALE,1960-05-23,66,"912, MG Road, Sector 28, Chennai, Tamil Nadu - 544145",Chennai,Tamil Nadu,+91-9286756911,,Security Guard,Indian,[],"[{""id_type"": ""AADHAAR"", ""id_number"": ""8721-5966-8152""}, {""id_type"": ""PAN"", ""id_number"": ""LSEPL2996M""}]",2026-08-31T18:53:35.136187,2026-08-31T18:53:35.136190
PERSON-000588,Bhavna Bhatt,FEMALE,1999-12-18,26,"124, MG Road, Sector 3, Pune, Maharashtra - 596895",Pune,Maharashtra,+91-9894592697,bhavna.bhatt588@mail.com,Farmer,Indian,"[""Mole on chin"", ""Scar on forehead""]","[{""id_type"": ""AADHAAR"", ""id_number"": ""8460-3249-9188""}, {""id_type"": ""PAN"", ""id_number"": ""NYODL4778E""}]",2026-08-31T18:53:35.136220,2026-08-31T18:53:35.136223
PERSON-000589,Shanti Mehta,FEMALE,1972-07-20,54,"360, MG Road, Sector 17, Chennai, Tamil Nadu - 597609",Chennai,Tamil Nadu,+91-9437232215,shanti.mehta589@mail.com,Mechanic,Indian,"[""Mole on left cheek"", ""Scar on forehead""]","[{""id_type"": ""AADHAAR"", ""id_number"": ""8006-3271-6321""}, {""id_type"": ""PAN"", ""id_number"": ""EHGCJ5479C""}]",2026-08-31T18:53:35.136253,2026-08-31T18:53:35.136256
PERSON-000590,Nisha Kulkarni,FEMALE,1997-09-13,28,"318, MG Road, Sector 11, Bangalore, Karnataka - 412605",Bangalore,Karnataka,+91-9944471296,,Lawyer,Indian,"[""Mole on chin"", ""Scar on forehead""]","[{""id_type"": ""AADHAAR"", ""id_number"": ""5859-5719-5730""}, {""id_type"": ""PAN"", ""id_number"": ""EWEXX2291M""}]",2026-08-31T18:53:35.136290,2026-08-31T18:53:35.136293
PERSON-000591,Swati Tiwari,FEMALE,1967-06-01,59,"915, MG Road, Sector 13, Thiruvananthapuram, Kerala - 442347",Thiruvananthapuram,Kerala,+91-9398947553,swati.tiwari591@mail.com,Journalist,Indian,"[""Mole on forehead"", ""Scar on forehead""]","[{""id_type"": ""AADHAAR"", ""id_number"": ""5294-6502-5695""}, {""id_type"": ""PAN"", ""id_number"": ""AQPIW4027Z""}]",2026-08-31T18:53:35.136328,2026-08-31T18:53:35.136331
PERSON-000592,Tarun Chauhan,MALE,1956-12-19,69,"504, MG Road, Sector 7, Kolkata, West Bengal - 639476",Kolkata,West Bengal,+91-9652388135,,Accountant,Indian,[],"[{""id_type"": ""AADHAAR"", ""id_number"": ""5376-3964-8765""}, {""id_type"": ""PAN"", ""id_number"": ""GABNI1936T""}]",2026-08-31T18:53:35.136359,2026-08-31T18:53:35.136362
PERSON-000593,Manish Shukla,MALE,1964-12-21,61,"429, MG Road, Sector 1, Thiruvananthapuram, Kerala - 514797",Thiruvananthapuram,Kerala,+91-9276080024,manish.shukla593@mail.com,Lawyer,Indian,"[""Mole on forehead"", ""Scar on forehead""]","[{""id_type"": ""AADHAAR"", ""id_number"": ""5689-9826-4518""}, {""id_type"": ""PAN"", ""id_number"": ""TLMGX9792Q""}]",2026-08-31T18:53:35.136395,2026-08-31T18:53:35.136397
PERSON-000594,Rajesh Bhowmick,MALE,1967-12-10,58,"676, MG Road, Sector 3, Thiruvananthapuram, Kerala - 688973",Thiruvananthapuram,Kerala,+91-9897074109,rajesh.bhowmick594@mail.com,Contractor,Indian,[],"[{""id_type"": ""AADHAAR"", ""id_number"": ""4754-4887-3874""}, {""id_type"": ""PAN"", ""id_number"": ""TLIGV1531Z""}]",2026-08-31T18:53:35.136434,2026-08-31T18:53:35.136437
PERSON-000595,Mahesh Verma,MALE,2002-02-21,24,"65, MG Road, Sector 5, Ahmedabad, Gujarat - 458243",Ahmedabad,Gujarat,+91-9309727533,mahesh.verma595@mail.com,Lawyer,Indian,[],"[{""id_type"": ""AADHAAR"", ""id_number"": ""4735-4223-5630""}, {""id_type"": ""PAN"", ""id_number"": ""VVBQJ3760V""}]",2026-08-31T18:53:35.136465,2026-08-31T18:53:35.136468
PERSON-000596,Meena Das,FEMALE,1981-03-19,45,"767, MG Road, Sector 10, Pune, Maharashtra - 600310",Pune,Maharashtra,+91-9825666289,meena.das596@mail.com,Doctor,Indian,"[""Mole on forehead"", ""Scar on right palm""]","[{""id_type"": ""AADHAAR"", ""id_number"": ""9893-7086-4004""}, {""id_type"": ""PAN"", ""id_number"": ""YFULP6629T""}]",2026-08-31T18:53:35.136505,2026-08-31T18:53:35.136508
PERSON-000597,Sachin Tripathi,MALE,1994-10-10,31,"482, MG Road, Sector 16, Mumbai, Maharashtra - 489776",Mumbai,Maharashtra,+91-9414252056,sachin.tripathi597@mail.com,Bank Employee,Indian,"[""Mole on forehead"", ""Scar on forehead""]","[{""id_type"": ""AADHAAR"", ""id_number"": ""2657-6680-1171""}, {""id_type"": ""PAN"", ""id_number"": ""ZSSNZ2051T""}]",2026-08-31T18:53:35.136540,2026-08-31T18:53:35.136543
PERSON-000598,Hitesh Pandey,MALE,1951-05-11,75,"143, MG Road, Sector 8, Thiruvananthapuram, Kerala - 424033",Thiruvananthapuram,Kerala,+91-9986391902,,Businessman,Indian,"[""Mole on right shoulder"", ""Scar on forehead""]","[{""id_type"": ""AADHAAR"", ""id_number"": ""6836-3265-1069""}, {""id_type"": ""PAN"", ""id_number"": ""HUFDZ1344I""}]",2026-08-31T18:53:35.136572,2026-08-31T18:53:35.136574
PERSON-000599,Karan Bhatt,MALE,1992-05-19,34,"602, MG Road, Sector 28, Central Delhi, Delhi - 618005",Central Delhi,Delhi,+91-9850714820,,Accountant,Indian,[],"[{""id_type"": ""AADHAAR"", ""id_number"": ""6956-2640-5567""}, {""id_type"": ""PAN"", ""id_number"": ""JTTSI6013J""}]",2026-08-31T18:53:35.136601,2026-08-31T18:53:35.136604
PERSON-000600,Suman Yadav,FEMALE,1996-04-01,30,"829, MG Road, Sector 5, Mumbai, Maharashtra - 608547",Mumbai,Maharashtra,+91-9495754322,suman.yadav600@mail.com,Lawyer,Indian,[],"[{""id_type"": ""AADHAAR"", ""id_number"": ""6784-6177-1058""}, {""id_type"": ""PAN"", ""id_number"": ""RENZK4718H""}]",2026-08-31T18:53:35.136637,2026-08-31T18:53:35.136640
PERSON-000601,Sneha Gupta,FEMALE,1996-11-21,29,"813, MG Road, Sector 7, Central Delhi, Delhi - 576762",Central Delhi,Delhi,+91-9998842834,,Contractor,Indian,"[""Mole on left cheek"", ""Scar on left knee""]","[{""id_type"": ""AADHAAR"", ""id_number"": ""7062-6824-7397""}, {""id_type"": ""PAN"", ""id_number"": ""RAEXK7329O""}]",2026-08-31T18:53:35.136676,2026-08-31T18:53:35.136679
PERSON-000602,Vinod Sharma,MALE,2005-01-23,21,"940, MG Road, Sector 30, Pune, Maharashtra - 654582",Pune,Maharashtra,+91-9789337109,,Businessman,Indian,"[""Mole on forehead"", ""Scar on right palm""]","[{""id_type"": ""AADHAAR"", ""id_number"": ""7522-9264-3787""}, {""id_type"": ""PAN"", ""id_number"": ""CYJHY3054S""}]",2026-08-31T18:53:35.136708,2026-08-31T18:53:35.136711
PERSON-000603,Ritu Kulkarni,FEMALE,1963-10-21,62,"672, MG Road, Sector 12, Thiruvananthapuram, Kerala - 513229",Thiruvananthapuram,Kerala,+91-9895581467,,Real Estate Agent,Indian,[],"[{""id_type"": ""AADHAAR"", ""id_number"": ""4225-3386-9364""}, {""id_type"": ""PAN"", ""id_number"": ""MSJNF2244S""}]",2026-08-31T18:53:35.136739,2026-08-31T18:53:35.136742
PERSON-000604,Aarti Naidu,FEMALE,1971-08-01,55,"348, MG Road, Sector 21, Pune, Maharashtra - 667139",Pune,Maharashtra,+91-9703694424,aarti.naidu604@mail.com,Electrician,Indian,[],"[{""id_type"": ""AADHAAR"", ""id_number"": ""6068-4024-4489""}, {""id_type"": ""PAN"", ""id_number"": ""TNXMI8391Z""}]",2026-08-31T18:53:35.136768,2026-08-31T18:53:35.136771
PERSON-000605,Anand Bansal,MALE,1992-06-16,34,"529, MG Road, Sector 3, Kolkata, West Bengal - 670296",Kolkata,West Bengal,+91-9575875517,anand.bansal605@mail.com,Lawyer,Indian,[],"[{""id_type"": ""AADHAAR"", ""id_number"": ""3353-6460-3498""}, {""id_type"": ""PAN"", ""id_number"": ""FCXSE4846N""}]",2026-08-31T18:53:35.136798,2026-08-31T18:53:35.136801
PERSON-000606,Vandana Malik,FEMALE,1969-08-21,57,"758, MG Road, Sector 5, Chennai, Tamil Nadu - 564776",Chennai,Tamil Nadu,+91-9252478512,,Accountant,Indian,[],"[{""id_type"": ""AADHAAR"", ""id_number"": ""6722-6215-2269""}, {""id_type"": ""PAN"", ""id_number"": ""JNSCR4142O""}]",2026-08-31T18:53:35.136827,2026-08-31T18:53:35.136830
PERSON-000607,Ananya Srivastava,FEMALE,1993-11-03,32,"767, MG Road, Sector 14, Chennai, Tamil Nadu - 443691",Chennai,Tamil Nadu,+91-9694264990,,Homemaker,Indian,[],"[{""id_type"": ""AADHAAR"", ""id_number"": ""9244-5095-1833""}, {""id_type"": ""PAN"", ""id_number"": ""KHKQN2962P""}]",2026-08-31T18:53:35.136889,2026-08-31T18:53:35.136894
PERSON-000608,Renu Rao,FEMALE,1976-04-08,50,"308, MG Road, Sector 29, Lucknow, Uttar Pradesh - 543344",Lucknow,Uttar Pradesh,+91-9272626800,renu.rao608@mail.com,Driver,Indian,"[""Mole on chin"", ""Scar on right palm""]","[{""id_type"": ""AADHAAR"", ""id_number"": ""4310-9161-3311""}, {""id_type"": ""PAN"", ""id_number"": ""RZZHK1263D""}]",2026-08-31T18:53:35.136936,2026-08-31T18:53:35.136939
PERSON-000609,Sanjay Saxena,MALE,1999-09-02,27,"256, MG Road, Sector 9, Pune, Maharashtra - 492756",Pune,Maharashtra,+91-9269844698,sanjay.saxena609@mail.com,Homemaker,Indian,[],"[{""id_type"": ""AADHAAR"", ""id_number"": ""8384-7575-4453""}, {""id_type"": ""PAN"", ""id_number"": ""JNTUJ8478B""}]",2026-08-31T18:53:35.136972,2026-08-31T18:53:35.136975
PERSON-000610,Nilesh Chauhan,MALE,2007-02-27,19,"663, MG Road, Sector 3, Mumbai, Maharashtra - 591558",Mumbai,Maharashtra,+91-9752856454,nilesh.chauhan610@mail.com,Bank Employee,Indian,[],"[{""id_type"": ""AADHAAR"", ""id_number"": ""4119-4015-1003""}, {""id_type"": ""PAN"", ""id_number"": ""QSTAD6771L""}]",2026-08-31T18:53:35.137006,2026-08-31T18:53:35.137009
PERSON-000611,Sachin Dubey,MALE,1972-09-19,53,"225, MG Road, Sector 6, Jaipur, Rajasthan - 664172",Jaipur,Rajasthan,+91-9301833035,sachin.dubey611@mail.com,Civil Engineer,Indian,[],"[{""id_type"": ""AADHAAR"", ""id_number"": ""2139-6396-6700""}, {""id_type"": ""PAN"", ""id_number"": ""OEQSN4026S""}]",2026-08-31T18:53:35.137039,2026-08-31T18:53:35.137042
PERSON-000612,Meera Malik,FEMALE,1959-09-09,67,"189, MG Road, Sector 27, Lucknow, Uttar Pradesh - 426501",Lucknow,Uttar Pradesh,+91-9420895337,meera.malik612@mail.com,Bank Employee,Indian,[],"[{""id_type"": ""AADHAAR"", ""id_number"": ""4742-1241-5145""}, {""id_type"": ""PAN"", ""id_number"": ""JMYAZ5143L""}]",2026-08-31T18:53:35.137073,2026-08-31T18:53:35.137075
PERSON-000613,Radha Bhowmick,FEMALE,1954-04-16,72,"241, MG Road, Sector 9, Pune, Maharashtra - 505546",Pune,Maharashtra,+91-9109113038,,Driver,Indian,[],"[{""id_type"": ""AADHAAR"", ""id_number"": ""6291-4405-4058""}, {""id_type"": ""PAN"", ""id_number"": ""DLHTM3023V""}]",2026-08-31T18:53:35.137102,2026-08-31T18:53:35.137105
PERSON-000614,Vivek Mishra,MALE,1951-08-03,75,"962, MG Road, Sector 11, Lucknow, Uttar Pradesh - 553272",Lucknow,Uttar Pradesh,+91-9935795561,vivek.mishra614@mail.com,Software Engineer,Indian,[],"[{""id_type"": ""AADHAAR"", ""id_number"": ""9104-9837-4683""}, {""id_type"": ""PAN"", ""id_number"": ""WNQQB1662P""}]",2026-08-31T18:53:35.137136,2026-08-31T18:53:35.137138
PERSON-000615,Jitendra Mehta,MALE,1991-01-01,35,"753, MG Road, Sector 24, Thiruvananthapuram, Kerala - 576927",Thiruvananthapuram,Kerala,+91-9370298529,jitendra.mehta615@mail.com,Student,Indian,[],"[{""id_type"": ""AADHAAR"", ""id_number"": ""6085-4194-8481""}, {""id_type"": ""PAN"", ""id_number"": ""GFWZF5466Z""}]",2026-08-31T18:53:35.137166,2026-08-31T18:53:35.137169
PERSON-000616,Sunil Tiwari,MALE,2000-12-17,25,"467, MG Road, Sector 27, Ahmedabad, Gujarat - 617451",Ahmedabad,Gujarat,+91-9101893568,sunil.tiwari616@mail.com,Student,Indian,[],"[{""id_type"": ""AADHAAR"", ""id_number"": ""7183-7258-4674""}, {""id_type"": ""PAN"", ""id_number"": ""VOKJA3909U""}]",2026-08-31T18:53:35.137198,2026-08-31T18:53:35.137201
PERSON-000617,Sachin Chauhan,MALE,1976-08-15,50,"604, MG Road, Sector 30, Central Delhi, Delhi - 441240",Central Delhi,Delhi,+91-9616394941,sachin.chauhan617@mail.com,Lawyer,Indian,[],"[{""id_type"": ""AADHAAR"", ""id_number"": ""2262-8047-2419""}, {""id_type"": ""PAN"", ""id_number"": ""QPRMZ3477T""}]",2026-08-31T18:53:35.137230,2026-08-31T18:53:35.137233
PERSON-000618,Vivek Gupta,MALE,1992-01-11,34,"919, MG Road, Sector 17, Kolkata, West Bengal - 426469",Kolkata,West Bengal,+91-9790464277,vivek.gupta618@mail.com,Unemployed,Indian,[],"[{""id_type"": ""AADHAAR"", ""id_number"": ""9888-3015-7497""}, {""id_type"": ""PAN"", ""id_number"": ""CCXDP5540B""}]",2026-08-31T18:53:35.137262,2026-08-31T18:53:35.137265
PERSON-000619,Rahul Kumar,MALE,1960-02-13,66,"956, MG Road, Sector 2, Thiruvananthapuram, Kerala - 542278",Thiruvananthapuram,Kerala,+91-9848774776,,Doctor,Indian,"[""Mole on right shoulder"", ""Scar on right palm""]","[{""id_type"": ""AADHAAR"", ""id_number"": ""5133-1169-3759""}, {""id_type"": ""PAN"", ""id_number"": ""VCBBJ9872O""}]",2026-08-31T18:53:35.137316,2026-08-31T18:53:35.137320
PERSON-000620,Sneha Bhowmick,FEMALE,2008-03-19,18,"474, MG Road, Sector 2, Central Delhi, Delhi - 542138",Central Delhi,Delhi,+91-9980903180,sneha.bhowmick620@mail.com,Homemaker,Indian,"[""Mole on left cheek"", ""Scar on left knee""]","[{""id_type"": ""AADHAAR"", ""id_number"": ""6943-1985-4313""}, {""id_type"": ""PAN"", ""id_number"": ""SKMKW3389S""}]",2026-08-31T18:53:35.137359,2026-08-31T18:53:35.137362
PERSON-000621,Nilesh Verma,MALE,1958-01-31,68,"646, MG Road, Sector 12, Ahmedabad, Gujarat - 604932",Ahmedabad,Gujarat,+91-9522672727,,Accountant,Indian,[],"[{""id_type"": ""AADHAAR"", ""id_number"": ""8279-6017-2401""}, {""id_type"": ""PAN"", ""id_number"": ""QOHDS1784Z""}]",2026-08-31T18:53:35.137392,2026-08-31T18:53:35.137395
PERSON-000622,Rahul Iyer,MALE,1971-04-19,55,"122, MG Road, Sector 4, Chennai, Tamil Nadu - 658779",Chennai,Tamil Nadu,+91-9324663999,rahul.iyer622@mail.com,Mechanic,Indian,[],"[{""id_type"": ""AADHAAR"", ""id_number"": ""3937-8274-3207""}, {""id_type"": ""PAN"", ""id_number"": ""UKTKK2508M""}]",2026-08-31T18:53:35.137425,2026-08-31T18:53:35.137428
PERSON-000623,Devendra Singh,MALE,1956-10-11,69,"234, MG Road, Sector 30, Kolkata, West Bengal - 600711",Kolkata,West Bengal,+91-9689694355,devendra.singh623@mail.com,Mechanic,Indian,"[""Mole on right shoulder"", ""Scar on right palm""]","[{""id_type"": ""AADHAAR"", ""id_number"": ""2488-4229-2610""}, {""id_type"": ""PAN"", ""id_number"": ""HUXQY4805S""}]",2026-08-31T18:53:35.137459,2026-08-31T18:53:35.137462
PERSON-000624,Anand Gupta,MALE,1971-04-24,55,"869, MG Road, Sector 1, Thiruvananthapuram, Kerala - 663294",Thiruvananthapuram,Kerala,+91-9545061286,anand.gupta624@mail.com,Electrician,Indian,[],"[{""id_type"": ""AADHAAR"", ""id_number"": ""9840-4946-3066""}, {""id_type"": ""PAN"", ""id_number"": ""XWFEP5973H""}]",2026-08-31T18:53:35.137495,2026-08-31T18:53:35.137498
PERSON-000625,Shanti Naidu,FEMALE,1974-05-24,52,"541, MG Road, Sector 11, Pune, Maharashtra - 690947",Pune,Maharashtra,+91-9330425726,shanti.naidu625@mail.com,Journalist,Indian,"[""Mole on chin"", ""Scar on right palm""]","[{""id_type"": ""AADHAAR"", ""id_number"": ""5969-4752-1822""}, {""id_type"": ""PAN"", ""id_number"": ""VPQJM7307Q""}]",2026-08-31T18:53:35.137529,2026-08-31T18:53:35.137549
PERSON-000626,Geeta Gupta,FEMALE,1955-01-22,71,"322, MG Road, Sector 13, Mumbai, Maharashtra - 441785",Mumbai,Maharashtra,+91-9971667866,geeta.gupta626@mail.com,Student,Indian,[],"[{""id_type"": ""AADHAAR"", ""id_number"": ""9931-2037-8611""}, {""id_type"": ""PAN"", ""id_number"": ""ADGWA7476R""}]",2026-08-31T18:53:35.137599,2026-08-31T18:53:35.137602
PERSON-000627,Yogesh Mukherjee,MALE,1961-06-23,65,"645, MG Road, Sector 29, Chennai, Tamil Nadu - 545419",Chennai,Tamil Nadu,+91-9163841581,yogesh.mukherjee627@mail.com,Shopkeeper,Indian,[],"[{""id_type"": ""AADHAAR"", ""id_number"": ""7381-5982-3459""}, {""id_type"": ""PAN"", ""id_number"": ""GBAPC6818G""}]",2026-08-31T18:53:35.137634,2026-08-31T18:53:35.137637
PERSON-000628,Anil Chauhan,MALE,1994-04-28,32,"575, MG Road, Sector 11, Lucknow, Uttar Pradesh - 555888",Lucknow,Uttar Pradesh,+91-9555414928,anil.chauhan628@mail.com,Journalist,Indian,[],"[{""id_type"": ""AADHAAR"", ""id_number"": ""3007-4810-9828""}, {""id_type"": ""PAN"", ""id_number"": ""RSVIY7542J""}]",2026-08-31T18:53:35.137666,2026-08-31T18:53:35.137669
PERSON-000629,Amit Patel,MALE,1989-04-05,37,"737, MG Road, Sector 19, Chennai, Tamil Nadu - 403850",Chennai,Tamil Nadu,+91-9770743682,amit.patel629@mail.com,Unemployed,Indian,"[""Mole on chin"", ""Scar on forehead""]","[{""id_type"": ""AADHAAR"", ""id_number"": ""3859-3175-6055""}, {""id_type"": ""PAN"", ""id_number"": ""NZRJS6078Q""}]",2026-08-31T18:53:35.137701,2026-08-31T18:53:35.137704
PERSON-000630,Nisha Shetty,FEMALE,1955-01-17,71,"47, MG Road, Sector 4, Chennai, Tamil Nadu - 440422",Chennai,Tamil Nadu,+91-9152826199,nisha.shetty630@mail.com,Unemployed,Indian,"[""Mole on right shoulder"", ""Scar on left knee""]","[{""id_type"": ""AADHAAR"", ""id_number"": ""8590-2061-7294""}, {""id_type"": ""PAN"", ""id_number"": ""LOCVB7679T""}]",2026-08-31T18:53:35.137733,2026-08-31T18:53:35.137736
PERSON-000631,Pravin Shah,MALE,1972-02-03,54,"912, MG Road, Sector 24, Central Delhi, Delhi - 495723",Central Delhi,Delhi,+91-9821146730,pravin.shah631@mail.com,Accountant,Indian,"[""Mole on forehead"", ""Scar on forehead""]","[{""id_type"": ""AADHAAR"", ""id_number"": ""5346-4724-8331""}, {""id_type"": ""PAN"", ""id_number"": ""EGENA2992V""}]",2026-08-31T18:53:35.137765,2026-08-31T18:53:35.137768
PERSON-000632,Ajay Kumar,MALE,1983-06-24,43,"620, MG Road, Sector 1, Mumbai, Maharashtra - 442809",Mumbai,Maharashtra,+91-9927271937,ajay.kumar632@mail.com,Farmer,Indian,"[""Mole on left cheek"", ""Scar on forehead""]","[{""id_type"": ""AADHAAR"", ""id_number"": ""7842-6663-4663""}, {""id_type"": ""PAN"", ""id_number"": ""QPVNO9455E""}]",2026-08-31T18:53:35.137817,2026-08-31T18:53:35.137822
PERSON-000633,Nikhil Bhowmick,MALE,1999-04-23,27,"66, MG Road, Sector 3, Kolkata, West Bengal - 546976",Kolkata,West Bengal,+91-9304559094,nikhil.bhowmick633@mail.com,Doctor,Indian,"[""Mole on right shoulder"", ""Scar on forehead""]","[{""id_type"": ""AADHAAR"", ""id_number"": ""4561-8480-7482""}, {""id_type"": ""PAN"", ""id_number"": ""IMMWS7193J""}]",2026-08-31T18:53:35.137861,2026-08-31T18:53:35.137864
PERSON-000634,Ananya Shetty,FEMALE,2005-02-19,21,"932, MG Road, Sector 12, Ahmedabad, Gujarat - 423654",Ahmedabad,Gujarat,+91-9119787556,ananya.shetty634@mail.com,Accountant,Indian,[],"[{""id_type"": ""AADHAAR"", ""id_number"": ""2901-7437-3379""}, {""id_type"": ""PAN"", ""id_number"": ""ZGUDC1489E""}]",2026-08-31T18:53:35.137894,2026-08-31T18:53:35.137897
PERSON-000635,Aditya Iyer,MALE,1997-04-27,29,"55, MG Road, Sector 19, Ahmedabad, Gujarat - 550924",Ahmedabad,Gujarat,+91-9946084146,,Real Estate Agent,Indian,"[""Mole on forehead"", ""Scar on right palm""]","[{""id_type"": ""AADHAAR"", ""id_number"": ""9690-6056-7909""}, {""id_type"": ""PAN"", ""id_number"": ""NGARP3817J""}]",2026-08-31T18:53:35.137931,2026-08-31T18:53:35.137934
PERSON-000636,Renu Tiwari,FEMALE,1993-02-17,33,"879, MG Road, Sector 24, Bangalore, Karnataka - 589795",Bangalore,Karnataka,+91-9642702332,renu.tiwari636@mail.com,Software Engineer,Indian,[],"[{""id_type"": ""AADHAAR"", ""id_number"": ""7315-6510-7906""}, {""id_type"": ""PAN"", ""id_number"": ""XVBPU7427B""}]",2026-08-31T18:53:35.137966,2026-08-31T18:53:35.137969
PERSON-000637,Usha Reddy,FEMALE,1970-06-19,56,"304, MG Road, Sector 29, Ahmedabad, Gujarat - 607371",Ahmedabad,Gujarat,+91-9507199670,usha.reddy637@mail.com,Farmer,Indian,"[""Mole on right shoulder"", ""Scar on right palm""]","[{""id_type"": ""AADHAAR"", ""id_number"": ""4136-8481-5130""}, {""id_type"": ""PAN"", ""id_number"": ""HXJHJ2840F""}]",2026-08-31T18:53:35.137998,2026-08-31T18:53:35.138001
PERSON-000638,Abhishek Reddy,MALE,2000-03-11,26,"265, MG Road, Sector 28, Pune, Maharashtra - 548246",Pune,Maharashtra,+91-9776830487,abhishek.reddy638@mail.com,Government Servant,Indian,"[""Mole on chin"", ""Scar on left knee""]","[{""id_type"": ""AADHAAR"", ""id_number"": ""2748-6768-4112""}, {""id_type"": ""PAN"", ""id_number"": ""VTWDM2279Y""}]",2026-08-31T18:53:35.138032,2026-08-31T18:53:35.138035
PERSON-000639,Meera Bhatt,FEMALE,1993-02-19,33,"635, MG Road, Sector 20, Central Delhi, Delhi - 435236",Central Delhi,Delhi,+91-9474279856,meera.bhatt639@mail.com,Security Guard,Indian,[],"[{""id_type"": ""AADHAAR"", ""id_number"": ""9450-1472-3330""}, {""id_type"": ""PAN"", ""id_number"": ""AVLRT5468M""}]",2026-08-31T18:53:35.138064,2026-08-31T18:53:35.138067
PERSON-000640,Rahul Shukla,MALE,1965-04-13,61,"741, MG Road, Sector 4, Chennai, Tamil Nadu - 685780",Chennai,Tamil Nadu,+91-9942868647,rahul.shukla640@mail.com,Government Servant,Indian,[],"[{""id_type"": ""AADHAAR"", ""id_number"": ""2698-6564-6527""}, {""id_type"": ""PAN"", ""id_number"": ""NFDAR5786F""}]",2026-08-31T18:53:35.138092,2026-08-31T18:53:35.138094
PERSON-000641,Dinesh Deshmukh,MALE,2001-08-17,25,"847, MG Road, Sector 29, Pune, Maharashtra - 449732",Pune,Maharashtra,+91-9587867132,,Shopkeeper,Indian,"[""Mole on right shoulder"", ""Scar on right palm""]","[{""id_type"": ""AADHAAR"", ""id_number"": ""4460-5990-5158""}, {""id_type"": ""PAN"", ""id_number"": ""TAAMA4807S""}]",2026-08-31T18:53:35.138123,2026-08-31T18:53:35.138126
PERSON-000642,Usha Reddy,FEMALE,1969-10-09,56,"314, MG Road, Sector 23, Pune, Maharashtra - 517722",Pune,Maharashtra,+91-9962662601,,Teacher,Indian,"[""Mole on forehead"", ""Scar on forehead""]","[{""id_type"": ""AADHAAR"", ""id_number"": ""2556-1395-7371""}, {""id_type"": ""PAN"", ""id_number"": ""ZHHJC7414L""}]",2026-08-31T18:53:35.138154,2026-08-31T18:53:35.138157
PERSON-000643,Abhishek Das,MALE,1962-04-08,64,"511, MG Road, Sector 10, Kolkata, West Bengal - 471624",Kolkata,West Bengal,+91-9652892516,abhishek.das643@mail.com,Student,Indian,[],"[{""id_type"": ""AADHAAR"", ""id_number"": ""6117-1538-1143""}, {""id_type"": ""PAN"", ""id_number"": ""EROBN7032M""}]",2026-08-31T18:53:35.138185,2026-08-31T18:53:35.138188
PERSON-000644,Pradeep Kulkarni,MALE,1988-07-05,38,"513, MG Road, Sector 5, Bangalore, Karnataka - 433104",Bangalore,Karnataka,+91-9274712005,pradeep.kulkarni644@mail.com,Software Engineer,Indian,[],"[{""id_type"": ""AADHAAR"", ""id_number"": ""2463-6157-6652""}, {""id_type"": ""PAN"", ""id_number"": ""PFNTO8827B""}]",2026-08-31T18:53:35.138217,2026-08-31T18:53:35.138220
PERSON-000645,Manish Rao,MALE,2006-10-19,19,"304, MG Road, Sector 19, Ahmedabad, Gujarat - 576355",Ahmedabad,Gujarat,+91-9672997921,manish.rao645@mail.com,Journalist,Indian,[],"[{""id_type"": ""AADHAAR"", ""id_number"": ""8776-1316-8946""}, {""id_type"": ""PAN"", ""id_number"": ""ITIYB9110T""}]",2026-08-31T18:53:35.138265,2026-08-31T18:53:35.138270
PERSON-000646,Arjun Bansal,MALE,1981-08-07,45,"85, MG Road, Sector 17, Bangalore, Karnataka - 557273",Bangalore,Karnataka,+91-9441166998,,Driver,Indian,"[""Mole on chin"", ""Scar on forehead""]","[{""id_type"": ""AADHAAR"", ""id_number"": ""3494-4784-9198""}, {""id_type"": ""PAN"", ""id_number"": ""EMLZP8625Z""}]",2026-08-31T18:53:35.138315,2026-08-31T18:53:35.138319
PERSON-000647,Sunil Mishra,MALE,1972-04-29,54,"113, MG Road, Sector 2, Lucknow, Uttar Pradesh - 468763",Lucknow,Uttar Pradesh,+91-9845780029,,Civil Engineer,Indian,[],"[{""id_type"": ""AADHAAR"", ""id_number"": ""8560-9057-5517""}, {""id_type"": ""PAN"", ""id_number"": ""DOGBS5693V""}]",2026-08-31T18:53:35.138351,2026-08-31T18:53:35.138354
PERSON-000648,Pravin Nair,MALE,2003-12-30,22,"813, MG Road, Sector 2, Chennai, Tamil Nadu - 500135",Chennai,Tamil Nadu,+91-9402321931,,Student,Indian,"[""Mole on right shoulder"", ""Scar on left knee""]","[{""id_type"": ""AADHAAR"", ""id_number"": ""4729-5467-5269""}, {""id_type"": ""PAN"", ""id_number"": ""RBWJC1833N""}]",2026-08-31T18:53:35.138388,2026-08-31T18:53:35.138391
PERSON-000649,Suman Bhowmick,FEMALE,1985-08-09,41,"13, MG Road, Sector 22, Chennai, Tamil Nadu - 584624",Chennai,Tamil Nadu,+91-9724099988,suman.bhowmick649@mail.com,Accountant,Indian,[],"[{""id_type"": ""AADHAAR"", ""id_number"": ""4144-8074-4078""}, {""id_type"": ""PAN"", ""id_number"": ""LWTTY3182I""}]",2026-08-31T18:53:35.138434,2026-08-31T18:53:35.138438
PERSON-000650,Deepa Shah,FEMALE,1993-05-17,33,"71, MG Road, Sector 8, Mumbai, Maharashtra - 579453",Mumbai,Maharashtra,+91-9309617187,deepa.shah650@mail.com,Civil Engineer,Indian,"[""Mole on forehead"", ""Scar on forehead""]","[{""id_type"": ""AADHAAR"", ""id_number"": ""9493-3292-2181""}, {""id_type"": ""PAN"", ""id_number"": ""NMQTC9933R""}]",2026-08-31T18:53:35.138474,2026-08-31T18:53:35.138478
PERSON-000651,Mukesh Shetty,MALE,1954-01-19,72,"884, MG Road, Sector 17, Central Delhi, Delhi - 435358",Central Delhi,Delhi,+91-9289741428,mukesh.shetty651@mail.com,Accountant,Indian,[],"[{""id_type"": ""AADHAAR"", ""id_number"": ""3374-2164-1321""}, {""id_type"": ""PAN"", ""id_number"": ""PVSIO2964P""}]",2026-08-31T18:53:35.138508,2026-08-31T18:53:35.138510
PERSON-000652,Prachi Reddy,FEMALE,1965-05-09,61,"311, MG Road, Sector 29, Bangalore, Karnataka - 422703",Bangalore,Karnataka,+91-9914116885,prachi.reddy652@mail.com,Journalist,Indian,[],"[{""id_type"": ""AADHAAR"", ""id_number"": ""9356-5964-8415""}, {""id_type"": ""PAN"", ""id_number"": ""YTCFD2111P""}]",2026-08-31T18:53:35.138559,2026-08-31T18:53:35.138563
PERSON-000653,Varun Saxena,MALE,2007-12-14,18,"139, MG Road, Sector 25, Thiruvananthapuram, Kerala - 580330",Thiruvananthapuram,Kerala,+91-9247950259,varun.saxena653@mail.com,Mechanic,Indian,"[""Mole on forehead"", ""Scar on left knee""]","[{""id_type"": ""AADHAAR"", ""id_number"": ""3101-4848-9225""}, {""id_type"": ""PAN"", ""id_number"": ""CPSLI1255B""}]",2026-08-31T18:53:35.138608,2026-08-31T18:53:35.138611
PERSON-000654,Savita Gowda,FEMALE,2004-07-11,22,"197, MG Road, Sector 20, Pune, Maharashtra - 622339",Pune,Maharashtra,+91-9370480774,,Civil Engineer,Indian,[],"[{""id_type"": ""AADHAAR"", ""id_number"": ""2108-7660-6399""}, {""id_type"": ""PAN"", ""id_number"": ""LHMDD3244A""}]",2026-08-31T18:53:35.138648,2026-08-31T18:53:35.138651
PERSON-000655,Kiran Dubey,FEMALE,1966-01-09,60,"459, MG Road, Sector 14, Chennai, Tamil Nadu - 414885",Chennai,Tamil Nadu,+91-9601092650,kiran.dubey655@mail.com,Electrician,Indian,"[""Mole on right shoulder"", ""Scar on right palm""]","[{""id_type"": ""AADHAAR"", ""id_number"": ""8118-6619-3310""}, {""id_type"": ""PAN"", ""id_number"": ""QAIPV6991A""}]",2026-08-31T18:53:35.138708,2026-08-31T18:53:35.138713
PERSON-000656,Bhavna Patel,FEMALE,1965-06-12,61,"271, MG Road, Sector 3, Central Delhi, Delhi - 625310",Central Delhi,Delhi,+91-9878330704,bhavna.patel656@mail.com,Teacher,Indian,"[""Mole on left cheek"", ""Scar on right palm""]","[{""id_type"": ""AADHAAR"", ""id_number"": ""7622-3230-1093""}, {""id_type"": ""PAN"", ""id_number"": ""JCPDR8773K""}]",2026-08-31T18:53:35.138763,2026-08-31T18:53:35.138766
PERSON-000657,Divya Dubey,FEMALE,1988-05-21,38,"90, MG Road, Sector 29, Ahmedabad, Gujarat - 620999",Ahmedabad,Gujarat,+91-9435948388,divya.dubey657@mail.com,Contractor,Indian,"[""Mole on right shoulder"", ""Scar on left knee""]","[{""id_type"": ""AADHAAR"", ""id_number"": ""9015-9271-5884""}, {""id_type"": ""PAN"", ""id_number"": ""DYZCG8675Z""}]",2026-08-31T18:53:35.138804,2026-08-31T18:53:35.138809
PERSON-000658,Hitesh Pandey,MALE,2000-08-13,26,"613, MG Road, Sector 28, Central Delhi, Delhi - 641987",Central Delhi,Delhi,+91-9504395385,hitesh.pandey658@mail.com,Mechanic,Indian,[],"[{""id_type"": ""AADHAAR"", ""id_number"": ""6030-8829-2780""}, {""id_type"": ""PAN"", ""id_number"": ""JVRPC6683B""}]",2026-08-31T18:53:35.138853,2026-08-31T18:53:35.138856
PERSON-000659,Deepa Patil,FEMALE,1955-07-27,71,"593, MG Road, Sector 18, Mumbai, Maharashtra - 669989",Mumbai,Maharashtra,+91-9421866993,deepa.patil659@mail.com,Driver,Indian,"[""Mole on right shoulder"", ""Scar on forehead""]","[{""id_type"": ""AADHAAR"", ""id_number"": ""8873-4250-8961""}, {""id_type"": ""PAN"", ""id_number"": ""GLDIQ7762J""}]",2026-08-31T18:53:35.138901,2026-08-31T18:53:35.138904
PERSON-000660,Rohan Nair,MALE,1972-06-06,54,"97, MG Road, Sector 26, Ahmedabad, Gujarat - 551330",Ahmedabad,Gujarat,+91-9314042232,rohan.nair660@mail.com,Software Engineer,Indian,"[""Mole on forehead"", ""Scar on right palm""]","[{""id_type"": ""AADHAAR"", ""id_number"": ""6879-5651-4046""}, {""id_type"": ""PAN"", ""id_number"": ""STIQU7242K""}]",2026-08-31T18:53:35.138939,2026-08-31T18:53:35.138942
PERSON-000661,Mukesh Deshmukh,MALE,2000-10-02,25,"140, MG Road, Sector 6, Pune, Maharashtra - 691505",Pune,Maharashtra,+91-9361562050,mukesh.deshmukh661@mail.com,Shopkeeper,Indian,[],"[{""id_type"": ""AADHAAR"", ""id_number"": ""6865-5033-4157""}, {""id_type"": ""PAN"", ""id_number"": ""KQBDZ3147A""}]",2026-08-31T18:53:35.138973,2026-08-31T18:53:35.138976
PERSON-000662,Gaurav Shukla,MALE,2001-12-03,24,"446, MG Road, Sector 24, Central Delhi, Delhi - 574606",Central Delhi,Delhi,+91-9796721302,gaurav.shukla662@mail.com,Teacher,Indian,"[""Mole on right shoulder"", ""Scar on left knee""]","[{""id_type"": ""AADHAAR"", ""id_number"": ""4797-6936-2433""}, {""id_type"": ""PAN"", ""id_number"": ""LUJOO6413F""}]",2026-08-31T18:53:35.139010,2026-08-31T18:53:35.139013
PERSON-000663,Siddharth Yadav,MALE,1971-07-05,55,"757, MG Road, Sector 8, Lucknow, Uttar Pradesh - 471737",Lucknow,Uttar Pradesh,+91-9125326375,siddharth.yadav663@mail.com,Software Engineer,Indian,[],"[{""id_type"": ""AADHAAR"", ""id_number"": ""8852-6438-4496""}, {""id_type"": ""PAN"", ""id_number"": ""MIUSP3403G""}]",2026-08-31T18:53:35.139048,2026-08-31T18:53:35.139051
PERSON-000664,Ganesh Srivastava,MALE,1969-12-26,56,"535, MG Road, Sector 25, Thiruvananthapuram, Kerala - 535827",Thiruvananthapuram,Kerala,+91-9951560555,ganesh.srivastava664@mail.com,Security Guard,Indian,[],"[{""id_type"": ""AADHAAR"", ""id_number"": ""2884-3120-7148""}, {""id_type"": ""PAN"", ""id_number"": ""OJHCE7061H""}]",2026-08-31T18:53:35.139111,2026-08-31T18:53:35.139116
PERSON-000665,Ramesh Singh,MALE,1959-08-24,67,"222, MG Road, Sector 14, Ahmedabad, Gujarat - 651217",Ahmedabad,Gujarat,+91-9158826741,ramesh.singh665@mail.com,Bank Employee,Indian,[],"[{""id_type"": ""AADHAAR"", ""id_number"": ""9400-7887-4840""}, {""id_type"": ""PAN"", ""id_number"": ""WWMWJ3334C""}]",2026-08-31T18:53:35.139155,2026-08-31T18:53:35.139159
PERSON-000666,Savita Das,FEMALE,2005-06-23,21,"374, MG Road, Sector 29, Pune, Maharashtra - 667800",Pune,Maharashtra,+91-9876262286,savita.das666@mail.com,Civil Engineer,Indian,"[""Mole on chin"", ""Scar on forehead""]","[{""id_type"": ""AADHAAR"", ""id_number"": ""9913-6333-4635""}, {""id_type"": ""PAN"", ""id_number"": ""KHIBE1262G""}]",2026-08-31T18:53:35.139195,2026-08-31T18:53:35.139198
PERSON-000667,Lata Bansal,FEMALE,1971-10-07,54,"823, MG Road, Sector 25, Bangalore, Karnataka - 535131",Bangalore,Karnataka,+91-9694694553,,Bank Employee,Indian,[],"[{""id_type"": ""AADHAAR"", ""id_number"": ""8632-8583-3114""}, {""id_type"": ""PAN"", ""id_number"": ""TXDOS8276G""}]",2026-08-31T18:53:35.139231,2026-08-31T18:53:35.139234
PERSON-000668,Sanjay Iyer,MALE,1999-12-18,26,"451, MG Road, Sector 28, Bangalore, Karnataka - 616921",Bangalore,Karnataka,+91-9468807924,sanjay.iyer668@mail.com,Driver,Indian,"[""Mole on forehead"", ""Scar on forehead""]","[{""id_type"": ""AADHAAR"", ""id_number"": ""4659-8737-2132""}, {""id_type"": ""PAN"", ""id_number"": ""AYLHI8057L""}]",2026-08-31T18:53:35.139268,2026-08-31T18:53:35.139271
PERSON-000669,Pankaj Dutta,MALE,1954-04-14,72,"708, MG Road, Sector 20, Thiruvananthapuram, Kerala - 475328",Thiruvananthapuram,Kerala,+91-9900134667,pankaj.dutta669@mail.com,Software Engineer,Indian,"[""Mole on forehead"", ""Scar on right palm""]","[{""id_type"": ""AADHAAR"", ""id_number"": ""2535-8431-4163""}, {""id_type"": ""PAN"", ""id_number"": ""JRRLO1250R""}]",2026-08-31T18:53:35.139313,2026-08-31T18:53:35.139317
PERSON-000670,Gaurav Kumar,MALE,1997-06-16,29,"615, MG Road, Sector 5, Ahmedabad, Gujarat - 529916",Ahmedabad,Gujarat,+91-9844983483,gaurav.kumar670@mail.com,Civil Engineer,Indian,[],"[{""id_type"": ""AADHAAR"", ""id_number"": ""9198-4592-9847""}, {""id_type"": ""PAN"", ""id_number"": ""QYRTN5464I""}]",2026-08-31T18:53:35.139350,2026-08-31T18:53:35.139358
PERSON-000671,Nisha Reddy,FEMALE,1976-07-01,50,"216, MG Road, Sector 22, Thiruvananthapuram, Kerala - 408957",Thiruvananthapuram,Kerala,+91-9617296756,nisha.reddy671@mail.com,Unemployed,Indian,"[""Mole on forehead"", ""Scar on left knee""]","[{""id_type"": ""AADHAAR"", ""id_number"": ""3468-9639-4916""}, {""id_type"": ""PAN"", ""id_number"": ""GCTUC7932I""}]",2026-08-31T18:53:35.139415,2026-08-31T18:53:35.139418
PERSON-000672,Dinesh Srivastava,MALE,1994-06-16,32,"952, MG Road, Sector 4, Bangalore, Karnataka - 507117",Bangalore,Karnataka,+91-9926018823,dinesh.srivastava672@mail.com,Homemaker,Indian,[],"[{""id_type"": ""AADHAAR"", ""id_number"": ""9504-8412-7135""}, {""id_type"": ""PAN"", ""id_number"": ""IDIJA5080D""}]",2026-08-31T18:53:35.139453,2026-08-31T18:53:35.139457
PERSON-000673,Indu Gupta,FEMALE,1958-02-16,68,"599, MG Road, Sector 24, Lucknow, Uttar Pradesh - 605010",Lucknow,Uttar Pradesh,+91-9843899076,indu.gupta673@mail.com,Security Guard,Indian,[],"[{""id_type"": ""AADHAAR"", ""id_number"": ""8045-3605-1738""}, {""id_type"": ""PAN"", ""id_number"": ""ILURN5803G""}]",2026-08-31T18:53:35.139500,2026-08-31T18:53:35.139503
PERSON-000674,Ganesh Dubey,MALE,1993-11-27,32,"194, MG Road, Sector 28, Kolkata, West Bengal - 535179",Kolkata,West Bengal,+91-9186763450,,Journalist,Indian,[],"[{""id_type"": ""AADHAAR"", ""id_number"": ""6620-7999-9143""}, {""id_type"": ""PAN"", ""id_number"": ""HICLA3713M""}]",2026-08-31T18:53:35.139571,2026-08-31T18:53:35.139574
PERSON-000675,Suresh Nair,MALE,1970-12-24,55,"421, MG Road, Sector 30, Ahmedabad, Gujarat - 583935",Ahmedabad,Gujarat,+91-9749517289,suresh.nair675@mail.com,Shopkeeper,Indian,"[""Mole on chin"", ""Scar on left knee""]","[{""id_type"": ""AADHAAR"", ""id_number"": ""2906-8148-1140""}, {""id_type"": ""PAN"", ""id_number"": ""RLCAZ6935O""}]",2026-08-31T18:53:35.139620,2026-08-31T18:53:35.139623
PERSON-000676,Amit Malik,MALE,2007-05-07,19,"610, MG Road, Sector 5, Kolkata, West Bengal - 489021",Kolkata,West Bengal,+91-9978510222,amit.malik676@mail.com,Mechanic,Indian,[],"[{""id_type"": ""AADHAAR"", ""id_number"": ""4885-4676-4008""}, {""id_type"": ""PAN"", ""id_number"": ""FPPTE8107D""}]",2026-08-31T18:53:35.139659,2026-08-31T18:53:35.139662
PERSON-000677,Pankaj Menon,MALE,1984-09-10,42,"301, MG Road, Sector 30, Kolkata, West Bengal - 644157",Kolkata,West Bengal,+91-9437820207,pankaj.menon677@mail.com,Real Estate Agent,Indian,"[""Mole on left cheek"", ""Scar on right palm""]","[{""id_type"": ""AADHAAR"", ""id_number"": ""9001-4546-5160""}, {""id_type"": ""PAN"", ""id_number"": ""LIDTC9689B""}]",2026-08-31T18:53:35.139699,2026-08-31T18:53:35.139702
PERSON-000678,Meera Kumar,FEMALE,2007-05-26,19,"759, MG Road, Sector 11, Central Delhi, Delhi - 655740",Central Delhi,Delhi,+91-9141295757,meera.kumar678@mail.com,Civil Engineer,Indian,[],"[{""id_type"": ""AADHAAR"", ""id_number"": ""4144-1091-1459""}, {""id_type"": ""PAN"", ""id_number"": ""WVPPJ4643Z""}]",2026-08-31T18:53:35.139732,2026-08-31T18:53:35.139735
PERSON-000679,Ananya Deshmukh,FEMALE,1955-04-29,71,"559, MG Road, Sector 20, Thiruvananthapuram, Kerala - 608514",Thiruvananthapuram,Kerala,+91-9953997923,ananya.deshmukh679@mail.com,Contractor,Indian,"[""Mole on right shoulder"", ""Scar on forehead""]","[{""id_type"": ""AADHAAR"", ""id_number"": ""4771-6561-5944""}, {""id_type"": ""PAN"", ""id_number"": ""ZHNTX6502T""}]",2026-08-31T18:53:35.139768,2026-08-31T18:53:35.139771
PERSON-000680,Neha Dubey,FEMALE,1979-06-04,47,"493, MG Road, Sector 24, Ahmedabad, Gujarat - 616320",Ahmedabad,Gujarat,+91-9188871840,neha.dubey680@mail.com,Driver,Indian,[],"[{""id_type"": ""AADHAAR"", ""id_number"": ""5201-8534-7424""}, {""id_type"": ""PAN"", ""id_number"": ""GGTFQ5738G""}]",2026-08-31T18:53:35.139812,2026-08-31T18:53:35.139815
PERSON-000681,Kavita Bansal,FEMALE,1959-09-26,66,"206, MG Road, Sector 21, Central Delhi, Delhi - 639901",Central Delhi,Delhi,+91-9710128637,kavita.bansal681@mail.com,Homemaker,Indian,"[""Mole on right shoulder"", ""Scar on right palm""]","[{""id_type"": ""AADHAAR"", ""id_number"": ""5531-1558-4484""}, {""id_type"": ""PAN"", ""id_number"": ""PBMGF2541T""}]",2026-08-31T18:53:35.139853,2026-08-31T18:53:35.139856
PERSON-000682,Pankaj Bhatt,MALE,1958-09-10,68,"701, MG Road, Sector 20, Lucknow, Uttar Pradesh - 586282",Lucknow,Uttar Pradesh,+91-9288511051,pankaj.bhatt682@mail.com,Businessman,Indian,[],"[{""id_type"": ""AADHAAR"", ""id_number"": ""8314-7042-6788""}, {""id_type"": ""PAN"", ""id_number"": ""HDTZX4806L""}]",2026-08-31T18:53:35.139888,2026-08-31T18:53:35.139889
PERSON-000683,Vidya Kumar,FEMALE,1961-10-16,64,"691, MG Road, Sector 19, Bangalore, Karnataka - 601451",Bangalore,Karnataka,+91-9277488418,vidya.kumar683@mail.com,Accountant,Indian,[],"[{""id_type"": ""AADHAAR"", ""id_number"": ""8727-9948-5055""}, {""id_type"": ""PAN"", ""id_number"": ""OTZFW7930P""}]",2026-08-31T18:53:35.139915,2026-08-31T18:53:35.139920
PERSON-000684,Mohan Bhatt,MALE,1971-05-27,55,"916, MG Road, Sector 8, Kolkata, West Bengal - 582066",Kolkata,West Bengal,+91-9182062192,mohan.bhatt684@mail.com,Software Engineer,Indian,"[""Mole on left cheek"", ""Scar on left knee""]","[{""id_type"": ""AADHAAR"", ""id_number"": ""2739-9425-5951""}, {""id_type"": ""PAN"", ""id_number"": ""UWNMF5710V""}]",2026-08-31T18:53:35.139956,2026-08-31T18:53:35.139958
PERSON-000685,Aarti Patel,FEMALE,2001-05-10,25,"455, MG Road, Sector 8, Thiruvananthapuram, Kerala - 401187",Thiruvananthapuram,Kerala,+91-9890412651,aarti.patel685@mail.com,Electrician,Indian,[],"[{""id_type"": ""AADHAAR"", ""id_number"": ""7863-2043-8677""}, {""id_type"": ""PAN"", ""id_number"": ""XNFBO9633Y""}]",2026-08-31T18:53:35.139982,2026-08-31T18:53:35.139984
PERSON-000686,Aarti Bhatt,FEMALE,1977-03-05,49,"974, MG Road, Sector 2, Lucknow, Uttar Pradesh - 493227",Lucknow,Uttar Pradesh,+91-9385796095,,Doctor,Indian,"[""Mole on forehead"", ""Scar on forehead""]","[{""id_type"": ""AADHAAR"", ""id_number"": ""3726-6049-8317""}, {""id_type"": ""PAN"", ""id_number"": ""WWZOX4342F""}]",2026-08-31T18:53:35.140002,2026-08-31T18:53:35.140004
PERSON-000687,Hitesh Iyer,MALE,1977-04-07,49,"324, MG Road, Sector 18, Ahmedabad, Gujarat - 663461",Ahmedabad,Gujarat,+91-9759208389,hitesh.iyer687@mail.com,Software Engineer,Indian,[],"[{""id_type"": ""AADHAAR"", ""id_number"": ""4098-7076-3604""}, {""id_type"": ""PAN"", ""id_number"": ""LUKMN7363L""}]",2026-08-31T18:53:35.140022,2026-08-31T18:53:35.140024
PERSON-000688,Swati Joshi,FEMALE,1989-07-18,37,"789, MG Road, Sector 3, Kolkata, West Bengal - 513653",Kolkata,West Bengal,+91-9983367618,swati.joshi688@mail.com,Government Servant,Indian,[],"[{""id_type"": ""AADHAAR"", ""id_number"": ""6807-1936-9142""}, {""id_type"": ""PAN"", ""id_number"": ""MCHTV2524L""}]",2026-08-31T18:53:35.140065,2026-08-31T18:53:35.140068
PERSON-000689,Alok Patil,MALE,1966-04-07,60,"124, MG Road, Sector 18, Ahmedabad, Gujarat - 478609",Ahmedabad,Gujarat,+91-9804938853,alok.patil689@mail.com,Driver,Indian,"[""Mole on left cheek"", ""Scar on right palm""]","[{""id_type"": ""AADHAAR"", ""id_number"": ""4338-7328-1346""}, {""id_type"": ""PAN"", ""id_number"": ""HFQWO2921O""}]",2026-08-31T18:53:35.140091,2026-08-31T18:53:35.140093
PERSON-000690,Suman Pillai,FEMALE,1986-08-06,40,"890, MG Road, Sector 2, Thiruvananthapuram, Kerala - 543452",Thiruvananthapuram,Kerala,+91-9201021206,,Accountant,Indian,[],"[{""id_type"": ""AADHAAR"", ""id_number"": ""5807-3914-4632""}, {""id_type"": ""PAN"", ""id_number"": ""ETVIR1947O""}]",2026-08-31T18:53:35.140142,2026-08-31T18:53:35.140147
PERSON-000691,Priya Deshmukh,FEMALE,1955-01-19,71,"648, MG Road, Sector 6, Jaipur, Rajasthan - 564074",Jaipur,Rajasthan,+91-9375468857,priya.deshmukh691@mail.com,Real Estate Agent,Indian,"[""Mole on left cheek"", ""Scar on forehead""]","[{""id_type"": ""AADHAAR"", ""id_number"": ""7942-3317-7282""}, {""id_type"": ""PAN"", ""id_number"": ""YVBMH1094I""}]",2026-08-31T18:53:35.140184,2026-08-31T18:53:35.140187
PERSON-000692,Jyoti Pillai,FEMALE,1994-02-27,32,"302, MG Road, Sector 15, Kolkata, West Bengal - 550201",Kolkata,West Bengal,+91-9231361163,jyoti.pillai692@mail.com,Teacher,Indian,"[""Mole on chin"", ""Scar on left knee""]","[{""id_type"": ""AADHAAR"", ""id_number"": ""2062-1511-5291""}, {""id_type"": ""PAN"", ""id_number"": ""HXKTZ1745I""}]",2026-08-31T18:53:35.140227,2026-08-31T18:53:35.140233
PERSON-000693,Sneha Dutta,FEMALE,1981-04-20,45,"132, MG Road, Sector 7, Ahmedabad, Gujarat - 434691",Ahmedabad,Gujarat,+91-9861056012,sneha.dutta693@mail.com,Real Estate Agent,Indian,[],"[{""id_type"": ""AADHAAR"", ""id_number"": ""7636-3690-4127""}, {""id_type"": ""PAN"", ""id_number"": ""YUWNN2171R""}]",2026-08-31T18:53:35.140278,2026-08-31T18:53:35.140281
PERSON-000694,Indu Sharma,FEMALE,1987-03-16,39,"617, MG Road, Sector 19, Ahmedabad, Gujarat - 682597",Ahmedabad,Gujarat,+91-9259201730,indu.sharma694@mail.com,Lawyer,Indian,[],"[{""id_type"": ""AADHAAR"", ""id_number"": ""6905-2558-2272""}, {""id_type"": ""PAN"", ""id_number"": ""ZBZEZ7458V""}]",2026-08-31T18:53:35.140316,2026-08-31T18:53:35.140318
PERSON-000695,Vinod Kumar,MALE,1978-10-09,47,"360, MG Road, Sector 25, Bangalore, Karnataka - 506951",Bangalore,Karnataka,+91-9836270011,vinod.kumar695@mail.com,Farmer,Indian,"[""Mole on left cheek"", ""Scar on left knee""]","[{""id_type"": ""AADHAAR"", ""id_number"": ""2127-5440-6733""}, {""id_type"": ""PAN"", ""id_number"": ""IZZJV3764A""}]",2026-08-31T18:53:35.140349,2026-08-31T18:53:35.140351
PERSON-000696,Sunita Joshi,FEMALE,1970-04-06,56,"948, MG Road, Sector 9, Ahmedabad, Gujarat - 426418",Ahmedabad,Gujarat,+91-9633429989,sunita.joshi696@mail.com,Journalist,Indian,"[""Mole on right shoulder"", ""Scar on right palm""]","[{""id_type"": ""AADHAAR"", ""id_number"": ""4262-3358-3390""}, {""id_type"": ""PAN"", ""id_number"": ""LUWEV7724H""}]",2026-08-31T18:53:35.140376,2026-08-31T18:53:35.140379
PERSON-000697,Ajay Malik,MALE,1956-09-05,70,"68, MG Road, Sector 11, Kolkata, West Bengal - 503466",Kolkata,West Bengal,+91-9680640199,ajay.malik697@mail.com,Driver,Indian,"[""Mole on right shoulder"", ""Scar on forehead""]","[{""id_type"": ""AADHAAR"", ""id_number"": ""6101-2773-9413""}, {""id_type"": ""PAN"", ""id_number"": ""DOMIX9323T""}]",2026-08-31T18:53:35.140414,2026-08-31T18:53:35.140417
PERSON-000698,Sunil Das,MALE,2004-10-09,21,"306, MG Road, Sector 23, Jaipur, Rajasthan - 607279",Jaipur,Rajasthan,+91-9762110686,sunil.das698@mail.com,Teacher,Indian,[],"[{""id_type"": ""AADHAAR"", ""id_number"": ""5281-6393-3833""}, {""id_type"": ""PAN"", ""id_number"": ""NHLSZ4681I""}]",2026-08-31T18:53:35.140447,2026-08-31T18:53:35.140449
PERSON-000699,Chandan Malik,MALE,1972-10-19,53,"719, MG Road, Sector 15, Central Delhi, Delhi - 640094",Central Delhi,Delhi,+91-9273920929,chandan.malik699@mail.com,Contractor,Indian,"[""Mole on right shoulder"", ""Scar on right palm""]","[{""id_type"": ""AADHAAR"", ""id_number"": ""7569-4636-6831""}, {""id_type"": ""PAN"", ""id_number"": ""HICUB3688L""}]",2026-08-31T18:53:35.140469,2026-08-31T18:53:35.140470
PERSON-000700,Deepa Das,FEMALE,1985-02-13,41,"779, MG Road, Sector 27, Mumbai, Maharashtra - 647654",Mumbai,Maharashtra,+91-9250838346,,Journalist,Indian,"[""Mole on right shoulder"", ""Scar on left knee""]","[{""id_type"": ""AADHAAR"", ""id_number"": ""5193-8381-1389""}, {""id_type"": ""PAN"", ""id_number"": ""DKANH6539F""}]",2026-08-31T18:53:35.140492,2026-08-31T18:53:35.140494
PERSON-000701,Satish Menon,MALE,1998-02-07,28,"563, MG Road, Sector 10, Central Delhi, Delhi - 575246",Central Delhi,Delhi,+91-9422124564,satish.menon701@mail.com,Student,Indian,[],"[{""id_type"": ""AADHAAR"", ""id_number"": ""2676-5306-1983""}, {""id_type"": ""PAN"", ""id_number"": ""ICURM9446Q""}]",2026-08-31T18:53:35.140511,2026-08-31T18:53:35.140513
PERSON-000702,Vinod Dutta,MALE,1962-06-22,64,"141, MG Road, Sector 15, Lucknow, Uttar Pradesh - 450469",Lucknow,Uttar Pradesh,+91-9150337199,,Lawyer,Indian,[],"[{""id_type"": ""AADHAAR"", ""id_number"": ""5391-9856-2222""}, {""id_type"": ""PAN"", ""id_number"": ""DVWLO3878J""}]",2026-08-31T18:53:35.140529,2026-08-31T18:53:35.140531
PERSON-000703,Meera Banerjee,FEMALE,2005-02-04,21,"567, MG Road, Sector 21, Bangalore, Karnataka - 666996",Bangalore,Karnataka,+91-9216351297,,Security Guard,Indian,[],"[{""id_type"": ""AADHAAR"", ""id_number"": ""5397-6210-8180""}, {""id_type"": ""PAN"", ""id_number"": ""OAGOE5545J""}]",2026-08-31T18:53:35.140550,2026-08-31T18:53:35.140552
PERSON-000704,Rahul Rao,MALE,1992-12-11,33,"210, MG Road, Sector 3, Bangalore, Karnataka - 696342",Bangalore,Karnataka,+91-9605947567,rahul.rao704@mail.com,Accountant,Indian,"[""Mole on chin"", ""Scar on right palm""]","[{""id_type"": ""AADHAAR"", ""id_number"": ""6679-6744-4991""}, {""id_type"": ""PAN"", ""id_number"": ""KXGTF3967D""}]",2026-08-31T18:53:35.140571,2026-08-31T18:53:35.140573
PERSON-000705,Sachin Banerjee,MALE,1998-02-23,28,"431, MG Road, Sector 14, Pune, Maharashtra - 690875",Pune,Maharashtra,+91-9132595322,sachin.banerjee705@mail.com,Farmer,Indian,"[""Mole on forehead"", ""Scar on forehead""]","[{""id_type"": ""AADHAAR"", ""id_number"": ""7817-9384-9850""}, {""id_type"": ""PAN"", ""id_number"": ""YDGXY1108S""}]",2026-08-31T18:53:35.140595,2026-08-31T18:53:35.140596
PERSON-000706,Abhishek Srivastava,MALE,1977-04-04,49,"464, MG Road, Sector 11, Central Delhi, Delhi - 672108",Central Delhi,Delhi,+91-9653946699,abhishek.srivastava706@mail.com,Accountant,Indian,"[""Mole on left cheek"", ""Scar on forehead""]","[{""id_type"": ""AADHAAR"", ""id_number"": ""9458-6650-7420""}, {""id_type"": ""PAN"", ""id_number"": ""YLMTS7324D""}]",2026-08-31T18:53:35.140619,2026-08-31T18:53:35.140621
PERSON-000707,Pradeep Dubey,MALE,1972-06-24,54,"208, MG Road, Sector 11, Mumbai, Maharashtra - 615932",Mumbai,Maharashtra,+91-9202616806,pradeep.dubey707@mail.com,Electrician,Indian,[],"[{""id_type"": ""AADHAAR"", ""id_number"": ""3084-2471-2686""}, {""id_type"": ""PAN"", ""id_number"": ""GEMSL5668S""}]",2026-08-31T18:53:35.140638,2026-08-31T18:53:35.140639
PERSON-000708,Manoj Menon,MALE,1962-06-27,64,"925, MG Road, Sector 15, Lucknow, Uttar Pradesh - 684761",Lucknow,Uttar Pradesh,+91-9374928787,manoj.menon708@mail.com,Journalist,Indian,"[""Mole on left cheek"", ""Scar on left knee""]","[{""id_type"": ""AADHAAR"", ""id_number"": ""6944-2322-8273""}, {""id_type"": ""PAN"", ""id_number"": ""NTJNN5654S""}]",2026-08-31T18:53:35.140657,2026-08-31T18:53:35.140659
PERSON-000709,Vijay Kumar,MALE,1969-02-08,57,"131, MG Road, Sector 27, Lucknow, Uttar Pradesh - 506756",Lucknow,Uttar Pradesh,+91-9411471402,,Driver,Indian,[],"[{""id_type"": ""AADHAAR"", ""id_number"": ""7859-9921-5826""}, {""id_type"": ""PAN"", ""id_number"": ""HYLQZ3723C""}]",2026-08-31T18:53:35.140677,2026-08-31T18:53:35.140678
PERSON-000710,Rahul Shetty,MALE,1969-03-31,57,"859, MG Road, Sector 12, Bangalore, Karnataka - 590301",Bangalore,Karnataka,+91-9540938444,rahul.shetty710@mail.com,Farmer,Indian,"[""Mole on forehead"", ""Scar on left knee""]","[{""id_type"": ""AADHAAR"", ""id_number"": ""7117-2970-9627""}, {""id_type"": ""PAN"", ""id_number"": ""KBZVU3540T""}]",2026-08-31T18:53:35.140698,2026-08-31T18:53:35.140700
PERSON-000711,Pooja Shetty,FEMALE,1978-08-14,48,"495, MG Road, Sector 2, Pune, Maharashtra - 661540",Pune,Maharashtra,+91-9975436411,,Businessman,Indian,[],"[{""id_type"": ""AADHAAR"", ""id_number"": ""9691-6147-9908""}, {""id_type"": ""PAN"", ""id_number"": ""FKFXV4130J""}]",2026-08-31T18:53:35.140716,2026-08-31T18:53:35.140718
PERSON-000712,Kiran Joshi,FEMALE,1969-04-25,57,"63, MG Road, Sector 4, Thiruvananthapuram, Kerala - 563635",Thiruvananthapuram,Kerala,+91-9527300003,kiran.joshi712@mail.com,Unemployed,Indian,[],"[{""id_type"": ""AADHAAR"", ""id_number"": ""6827-3816-1748""}, {""id_type"": ""PAN"", ""id_number"": ""LLEVN4411Q""}]",2026-08-31T18:53:35.140734,2026-08-31T18:53:35.140735
PERSON-000713,Umesh Dutta,MALE,1979-11-28,46,"451, MG Road, Sector 4, Bangalore, Karnataka - 663803",Bangalore,Karnataka,+91-9633987780,,Farmer,Indian,"[""Mole on chin"", ""Scar on right palm""]","[{""id_type"": ""AADHAAR"", ""id_number"": ""2734-9582-3580""}, {""id_type"": ""PAN"", ""id_number"": ""QRKHV4445M""}]",2026-08-31T18:53:35.140757,2026-08-31T18:53:35.140758
PERSON-000714,Hitesh Agarwal,MALE,1968-04-10,58,"791, MG Road, Sector 9, Ahmedabad, Gujarat - 556304",Ahmedabad,Gujarat,+91-9333316548,hitesh.agarwal714@mail.com,Journalist,Indian,[],"[{""id_type"": ""AADHAAR"", ""id_number"": ""4978-5623-6791""}, {""id_type"": ""PAN"", ""id_number"": ""THUUP7578Y""}]",2026-08-31T18:53:35.140775,2026-08-31T18:53:35.140777
PERSON-000715,Lata Shetty,FEMALE,1958-06-16,68,"536, MG Road, Sector 2, Jaipur, Rajasthan - 538841",Jaipur,Rajasthan,+91-9432288786,lata.shetty715@mail.com,Farmer,Indian,[],"[{""id_type"": ""AADHAAR"", ""id_number"": ""6301-2451-9820""}, {""id_type"": ""PAN"", ""id_number"": ""FAOYX7774N""}]",2026-08-31T18:53:35.140793,2026-08-31T18:53:35.140794
PERSON-000716,Sanjay Patel,MALE,1959-09-01,67,"741, MG Road, Sector 29, Lucknow, Uttar Pradesh - 680477",Lucknow,Uttar Pradesh,+91-9281948122,sanjay.patel716@mail.com,Shopkeeper,Indian,[],"[{""id_type"": ""AADHAAR"", ""id_number"": ""4935-3350-1916""}, {""id_type"": ""PAN"", ""id_number"": ""UHCUR6445L""}]",2026-08-31T18:53:35.140815,2026-08-31T18:53:35.140816
PERSON-000717,Bhaskar Chatterjee,MALE,1987-03-09,39,"141, MG Road, Sector 2, Bangalore, Karnataka - 693891",Bangalore,Karnataka,+91-9935095757,,Doctor,Indian,[],"[{""id_type"": ""AADHAAR"", ""id_number"": ""5561-3339-9793""}, {""id_type"": ""PAN"", ""id_number"": ""COJAW4346Z""}]",2026-08-31T18:53:35.140834,2026-08-31T18:53:35.140835
PERSON-000718,Seema Gowda,FEMALE,1993-05-02,33,"460, MG Road, Sector 30, Ahmedabad, Gujarat - 472128",Ahmedabad,Gujarat,+91-9468251247,seema.gowda718@mail.com,Electrician,Indian,[],"[{""id_type"": ""AADHAAR"", ""id_number"": ""6962-4537-7356""}, {""id_type"": ""PAN"", ""id_number"": ""HWENH7783O""}]",2026-08-31T18:53:35.140851,2026-08-31T18:53:35.140853
PERSON-000719,Devendra Kumar,MALE,2001-08-01,25,"62, MG Road, Sector 28, Mumbai, Maharashtra - 443356",Mumbai,Maharashtra,+91-9871342854,devendra.kumar719@mail.com,Driver,Indian,[],"[{""id_type"": ""AADHAAR"", ""id_number"": ""8582-7732-4732""}, {""id_type"": ""PAN"", ""id_number"": ""HGTII5047Z""}]",2026-08-31T18:53:35.140868,2026-08-31T18:53:35.140869
PERSON-000720,Suresh Singh,MALE,1972-04-25,54,"157, MG Road, Sector 29, Bangalore, Karnataka - 439419",Bangalore,Karnataka,+91-9412892960,,Shopkeeper,Indian,"[""Mole on chin"", ""Scar on forehead""]","[{""id_type"": ""AADHAAR"", ""id_number"": ""5109-9222-1203""}, {""id_type"": ""PAN"", ""id_number"": ""MIFWK5533T""}]",2026-08-31T18:53:35.140887,2026-08-31T18:53:35.140888
PERSON-000721,Mohan Chauhan,MALE,2006-08-29,20,"224, MG Road, Sector 21, Mumbai, Maharashtra - 478149",Mumbai,Maharashtra,+91-9915756981,mohan.chauhan721@mail.com,Student,Indian,[],"[{""id_type"": ""AADHAAR"", ""id_number"": ""8517-5534-7754""}, {""id_type"": ""PAN"", ""id_number"": ""DSLPO7614L""}]",2026-08-31T18:53:35.140907,2026-08-31T18:53:35.140909
PERSON-000722,Ritu Kulkarni,FEMALE,1972-12-28,53,"458, MG Road, Sector 27, Pune, Maharashtra - 653302",Pune,Maharashtra,+91-9376844115,ritu.kulkarni722@mail.com,Driver,Indian,[],"[{""id_type"": ""AADHAAR"", ""id_number"": ""3390-7187-1641""}, {""id_type"": ""PAN"", ""id_number"": ""OTGUM6889J""}]",2026-08-31T18:53:35.140924,2026-08-31T18:53:35.140926
PERSON-000723,Siddharth Patil,MALE,1981-11-22,44,"611, MG Road, Sector 12, Lucknow, Uttar Pradesh - 474460",Lucknow,Uttar Pradesh,+91-9940823281,siddharth.patil723@mail.com,Mechanic,Indian,[],"[{""id_type"": ""AADHAAR"", ""id_number"": ""2531-5217-3294""}, {""id_type"": ""PAN"", ""id_number"": ""BBUUS8975B""}]",2026-08-31T18:53:35.140943,2026-08-31T18:53:35.140944
PERSON-000724,Aditya Saxena,MALE,1959-10-07,66,"904, MG Road, Sector 3, Chennai, Tamil Nadu - 662033",Chennai,Tamil Nadu,+91-9800009910,,Teacher,Indian,[],"[{""id_type"": ""AADHAAR"", ""id_number"": ""2912-1519-9142""}, {""id_type"": ""PAN"", ""id_number"": ""OWXUH7873H""}]",2026-08-31T18:53:35.140960,2026-08-31T18:53:35.140961
PERSON-000725,Nandini Singh,FEMALE,1986-01-20,40,"71, MG Road, Sector 10, Ahmedabad, Gujarat - 546841",Ahmedabad,Gujarat,+91-9429443491,,Shopkeeper,Indian,[],"[{""id_type"": ""AADHAAR"", ""id_number"": ""5404-1239-9247""}, {""id_type"": ""PAN"", ""id_number"": ""RNUGR2052C""}]",2026-08-31T18:53:35.140977,2026-08-31T18:53:35.140979
PERSON-000726,Mukesh Bhowmick,MALE,2006-02-14,20,"484, MG Road, Sector 6, Thiruvananthapuram, Kerala - 521734",Thiruvananthapuram,Kerala,+91-9523363093,mukesh.bhowmick726@mail.com,Contractor,Indian,[],"[{""id_type"": ""AADHAAR"", ""id_number"": ""7003-1732-9897""}, {""id_type"": ""PAN"", ""id_number"": ""OHOVK6136W""}]",2026-08-31T18:53:35.140997,2026-08-31T18:53:35.140998
PERSON-000727,Payal Chauhan,FEMALE,1980-03-05,46,"717, MG Road, Sector 24, Central Delhi, Delhi - 406180",Central Delhi,Delhi,+91-9776159762,payal.chauhan727@mail.com,Government Servant,Indian,"[""Mole on chin"", ""Scar on right palm""]","[{""id_type"": ""AADHAAR"", ""id_number"": ""6026-6289-1621""}, {""id_type"": ""PAN"", ""id_number"": ""MXELT8852N""}]",2026-08-31T18:53:35.141017,2026-08-31T18:53:35.141018
PERSON-000728,Neha Chatterjee,FEMALE,1991-08-08,35,"299, MG Road, Sector 11, Lucknow, Uttar Pradesh - 657218",Lucknow,Uttar Pradesh,+91-9706907584,neha.chatterjee728@mail.com,Accountant,Indian,"[""Mole on forehead"", ""Scar on forehead""]","[{""id_type"": ""AADHAAR"", ""id_number"": ""7247-4722-3339""}, {""id_type"": ""PAN"", ""id_number"": ""BRMAI7468M""}]",2026-08-31T18:53:35.141035,2026-08-31T18:53:35.141037
PERSON-000729,Kavita Bhatt,FEMALE,1986-10-29,39,"656, MG Road, Sector 15, Central Delhi, Delhi - 495153",Central Delhi,Delhi,+91-9660342368,kavita.bhatt729@mail.com,Unemployed,Indian,"[""Mole on right shoulder"", ""Scar on right palm""]","[{""id_type"": ""AADHAAR"", ""id_number"": ""2416-5304-5326""}, {""id_type"": ""PAN"", ""id_number"": ""HSQYK6181P""}]",2026-08-31T18:53:35.141053,2026-08-31T18:53:35.141055
PERSON-000730,Tejal Rao,FEMALE,1995-12-18,30,"677, MG Road, Sector 5, Central Delhi, Delhi - 669767",Central Delhi,Delhi,+91-9364472919,tejal.rao730@mail.com,Driver,Indian,"[""Mole on chin"", ""Scar on right palm""]","[{""id_type"": ""AADHAAR"", ""id_number"": ""3541-7977-8900""}, {""id_type"": ""PAN"", ""id_number"": ""BNVMW8826Z""}]",2026-08-31T18:53:35.141075,2026-08-31T18:53:35.141076
PERSON-000731,Suman Mishra,FEMALE,1968-01-12,58,"760, MG Road, Sector 2, Central Delhi, Delhi - 519262",Central Delhi,Delhi,+91-9227705564,suman.mishra731@mail.com,Government Servant,Indian,"[""Mole on right shoulder"", ""Scar on left knee""]","[{""id_type"": ""AADHAAR"", ""id_number"": ""7588-6056-9171""}, {""id_type"": ""PAN"", ""id_number"": ""HYARV7536L""}]",2026-08-31T18:53:35.141093,2026-08-31T18:53:35.141094
PERSON-000732,Divya Shukla,FEMALE,1965-05-30,61,"898, MG Road, Sector 26, Chennai, Tamil Nadu - 622790",Chennai,Tamil Nadu,+91-9337817812,,Electrician,Indian,"[""Mole on right shoulder"", ""Scar on left knee""]","[{""id_type"": ""AADHAAR"", ""id_number"": ""7641-4836-5347""}, {""id_type"": ""PAN"", ""id_number"": ""QJSSJ2029M""}]",2026-08-31T18:53:35.141114,2026-08-31T18:53:35.141115
PERSON-000733,Pooja Chatterjee,FEMALE,1951-01-20,75,"642, MG Road, Sector 9, Ahmedabad, Gujarat - 531719",Ahmedabad,Gujarat,+91-9297847143,,Farmer,Indian,"[""Mole on right shoulder"", ""Scar on right palm""]","[{""id_type"": ""AADHAAR"", ""id_number"": ""2279-6735-9690""}, {""id_type"": ""PAN"", ""id_number"": ""PIXCQ1706P""}]",2026-08-31T18:53:35.141147,2026-08-31T18:53:35.141150
PERSON-000734,Rajesh Joshi,MALE,1997-04-26,29,"160, MG Road, Sector 16, Central Delhi, Delhi - 419290",Central Delhi,Delhi,+91-9481898095,rajesh.joshi734@mail.com,Farmer,Indian,"[""Mole on right shoulder"", ""Scar on forehead""]","[{""id_type"": ""AADHAAR"", ""id_number"": ""4793-6161-2859""}, {""id_type"": ""PAN"", ""id_number"": ""AODYP2115W""}]",2026-08-31T18:53:35.141182,2026-08-31T18:53:35.141185
PERSON-000735,Yashoda Saxena,FEMALE,1987-03-16,39,"747, MG Road, Sector 24, Mumbai, Maharashtra - 554115",Mumbai,Maharashtra,+91-9688731647,yashoda.saxena735@mail.com,Student,Indian,"[""Mole on right shoulder"", ""Scar on right palm""]","[{""id_type"": ""AADHAAR"", ""id_number"": ""4034-1589-1822""}, {""id_type"": ""PAN"", ""id_number"": ""EYHZC9201Y""}]",2026-08-31T18:53:35.141217,2026-08-31T18:53:35.141220
PERSON-000736,Divya Mukherjee,FEMALE,2005-02-18,21,"290, MG Road, Sector 24, Ahmedabad, Gujarat - 442214",Ahmedabad,Gujarat,+91-9251042343,divya.mukherjee736@mail.com,Doctor,Indian,[],"[{""id_type"": ""AADHAAR"", ""id_number"": ""8334-3586-2905""}, {""id_type"": ""PAN"", ""id_number"": ""RUMAG3287Z""}]",2026-08-31T18:53:35.141249,2026-08-31T18:53:35.141251
PERSON-000737,Tejal Joshi,FEMALE,1991-05-07,35,"789, MG Road, Sector 1, Ahmedabad, Gujarat - 549950",Ahmedabad,Gujarat,+91-9450672089,,Businessman,Indian,[],"[{""id_type"": ""AADHAAR"", ""id_number"": ""8113-8162-5236""}, {""id_type"": ""PAN"", ""id_number"": ""TWMSX2561U""}]",2026-08-31T18:53:35.141284,2026-08-31T18:53:35.141287
PERSON-000738,Devendra Kulkarni,MALE,1984-03-22,42,"186, MG Road, Sector 20, Kolkata, West Bengal - 548085",Kolkata,West Bengal,+91-9477843763,devendra.kulkarni738@mail.com,Doctor,Indian,"[""Mole on chin"", ""Scar on forehead""]","[{""id_type"": ""AADHAAR"", ""id_number"": ""2527-3578-3317""}, {""id_type"": ""PAN"", ""id_number"": ""NHQKK5395Y""}]",2026-08-31T18:53:35.141320,2026-08-31T18:53:35.141323
PERSON-000739,Abhishek Reddy,MALE,1974-12-28,51,"46, MG Road, Sector 7, Ahmedabad, Gujarat - 613640",Ahmedabad,Gujarat,+91-9101426799,abhishek.reddy739@mail.com,Accountant,Indian,[],"[{""id_type"": ""AADHAAR"", ""id_number"": ""7045-1819-9848""}, {""id_type"": ""PAN"", ""id_number"": ""PXFPJ6492X""}]",2026-08-31T18:53:35.141351,2026-08-31T18:53:35.141354
PERSON-000740,Bhaskar Joshi,MALE,2007-07-28,19,"684, MG Road, Sector 19, Pune, Maharashtra - 543808",Pune,Maharashtra,+91-9908879289,bhaskar.joshi740@mail.com,Civil Engineer,Indian,"[""Mole on forehead"", ""Scar on forehead""]","[{""id_type"": ""AADHAAR"", ""id_number"": ""3246-5405-2956""}, {""id_type"": ""PAN"", ""id_number"": ""YFOZC7605L""}]",2026-08-31T18:53:35.141386,2026-08-31T18:53:35.141389
PERSON-000741,Geeta Shah,FEMALE,1981-04-30,45,"50, MG Road, Sector 19, Ahmedabad, Gujarat - 571759",Ahmedabad,Gujarat,+91-9668077336,,Contractor,Indian,"[""Mole on left cheek"", ""Scar on left knee""]","[{""id_type"": ""AADHAAR"", ""id_number"": ""6817-8763-9248""}, {""id_type"": ""PAN"", ""id_number"": ""ICLAV8701A""}]",2026-08-31T18:53:35.141420,2026-08-31T18:53:35.141423
PERSON-000742,Tarun Malik,MALE,1969-09-13,57,"380, MG Road, Sector 24, Bangalore, Karnataka - 515547",Bangalore,Karnataka,+91-9754889570,,Businessman,Indian,[],"[{""id_type"": ""AADHAAR"", ""id_number"": ""6100-1990-5190""}, {""id_type"": ""PAN"", ""id_number"": ""SACWM6250J""}]",2026-08-31T18:53:35.141459,2026-08-31T18:53:35.141462
PERSON-000743,Manish Deshmukh,MALE,2002-06-30,24,"712, MG Road, Sector 8, Mumbai, Maharashtra - 504811",Mumbai,Maharashtra,+91-9606640346,manish.deshmukh743@mail.com,Bank Employee,Indian,"[""Mole on right shoulder"", ""Scar on right palm""]","[{""id_type"": ""AADHAAR"", ""id_number"": ""2558-3685-9767""}, {""id_type"": ""PAN"", ""id_number"": ""LHWBZ5413U""}]",2026-08-31T18:53:35.141501,2026-08-31T18:53:35.141504
PERSON-000744,Pankaj Bansal,MALE,1981-07-31,45,"900, MG Road, Sector 24, Ahmedabad, Gujarat - 585164",Ahmedabad,Gujarat,+91-9351921455,pankaj.bansal744@mail.com,Unemployed,Indian,"[""Mole on chin"", ""Scar on left knee""]","[{""id_type"": ""AADHAAR"", ""id_number"": ""6076-7235-8432""}, {""id_type"": ""PAN"", ""id_number"": ""HYPOM8581C""}]",2026-08-31T18:53:35.141538,2026-08-31T18:53:35.141541
PERSON-000745,Pradeep Chauhan,MALE,1957-11-23,68,"445, MG Road, Sector 28, Thiruvananthapuram, Kerala - 462263",Thiruvananthapuram,Kerala,+91-9586886197,pradeep.chauhan745@mail.com,Driver,Indian,[],"[{""id_type"": ""AADHAAR"", ""id_number"": ""2110-7685-5112""}, {""id_type"": ""PAN"", ""id_number"": ""ZZGMO1373S""}]",2026-08-31T18:53:35.141602,2026-08-31T18:53:35.141605
PERSON-000746,Bhaskar Shah,MALE,1968-09-04,58,"345, MG Road, Sector 23, Kolkata, West Bengal - 632391",Kolkata,West Bengal,+91-9747426214,,Mechanic,Indian,[],"[{""id_type"": ""AADHAAR"", ""id_number"": ""5159-9239-1089""}, {""id_type"": ""PAN"", ""id_number"": ""PVIKF1314H""}]",2026-08-31T18:53:35.141641,2026-08-31T18:53:35.141644
PERSON-000747,Nisha Iyer,FEMALE,1981-07-03,45,"123, MG Road, Sector 21, Chennai, Tamil Nadu - 626809",Chennai,Tamil Nadu,+91-9511132122,nisha.iyer747@mail.com,Unemployed,Indian,"[""Mole on forehead"", ""Scar on left knee""]","[{""id_type"": ""AADHAAR"", ""id_number"": ""5148-9366-7369""}, {""id_type"": ""PAN"", ""id_number"": ""KXUIX1726N""}]",2026-08-31T18:53:35.141670,2026-08-31T18:53:35.141672
PERSON-000748,Priya Reddy,FEMALE,1993-08-13,33,"538, MG Road, Sector 28, Kolkata, West Bengal - 564591",Kolkata,West Bengal,+91-9239358297,priya.reddy748@mail.com,Student,Indian,"[""Mole on forehead"", ""Scar on left knee""]","[{""id_type"": ""AADHAAR"", ""id_number"": ""4930-5735-4710""}, {""id_type"": ""PAN"", ""id_number"": ""DLIFH1629A""}]",2026-08-31T18:53:35.141692,2026-08-31T18:53:35.141694
PERSON-000749,Vandana Chauhan,FEMALE,1989-08-29,37,"938, MG Road, Sector 29, Central Delhi, Delhi - 447219",Central Delhi,Delhi,+91-9524861498,vandana.chauhan749@mail.com,Civil Engineer,Indian,"[""Mole on left cheek"", ""Scar on right palm""]","[{""id_type"": ""AADHAAR"", ""id_number"": ""8416-7310-2807""}, {""id_type"": ""PAN"", ""id_number"": ""QEZJZ9704S""}]",2026-08-31T18:53:35.141711,2026-08-31T18:53:35.141713
PERSON-000750,Mahesh Dubey,MALE,2002-10-01,23,"309, MG Road, Sector 14, Thiruvananthapuram, Kerala - 580942",Thiruvananthapuram,Kerala,+91-9120777946,mahesh.dubey750@mail.com,Lawyer,Indian,"[""Mole on left cheek"", ""Scar on left knee""]","[{""id_type"": ""AADHAAR"", ""id_number"": ""8776-2884-9600""}, {""id_type"": ""PAN"", ""id_number"": ""JCRTY3286S""}]",2026-08-31T18:53:35.141730,2026-08-31T18:53:35.141731
PERSON-000751,Indu Dubey,FEMALE,1987-10-24,38,"688, MG Road, Sector 13, Chennai, Tamil Nadu - 511453",Chennai,Tamil Nadu,+91-9265557749,indu.dubey751@mail.com,Teacher,Indian,[],"[{""id_type"": ""AADHAAR"", ""id_number"": ""2779-7357-7885""}, {""id_type"": ""PAN"", ""id_number"": ""VULUZ1745C""}]",2026-08-31T18:53:35.141748,2026-08-31T18:53:35.141749
PERSON-000752,Pooja Deshmukh,FEMALE,1996-03-26,30,"755, MG Road, Sector 15, Jaipur, Rajasthan - 604890",Jaipur,Rajasthan,+91-9114000004,,Farmer,Indian,"[""Mole on forehead"", ""Scar on forehead""]","[{""id_type"": ""AADHAAR"", ""id_number"": ""8737-2024-9625""}, {""id_type"": ""PAN"", ""id_number"": ""GPNOP9514G""}]",2026-08-31T18:53:35.141770,2026-08-31T18:53:35.141771
PERSON-000753,Aditya Joshi,MALE,1986-11-15,39,"882, MG Road, Sector 20, Thiruvananthapuram, Kerala - 481894",Thiruvananthapuram,Kerala,+91-9453107570,aditya.joshi753@mail.com,Civil Engineer,Indian,[],"[{""id_type"": ""AADHAAR"", ""id_number"": ""9650-3033-9449""}, {""id_type"": ""PAN"", ""id_number"": ""OIMAR3083K""}]",2026-08-31T18:53:35.141790,2026-08-31T18:53:35.141791
PERSON-000754,Mahesh Naidu,MALE,1968-07-30,58,"172, MG Road, Sector 18, Chennai, Tamil Nadu - 481600",Chennai,Tamil Nadu,+91-9265475859,mahesh.naidu754@mail.com,Journalist,Indian,"[""Mole on forehead"", ""Scar on right palm""]","[{""id_type"": ""AADHAAR"", ""id_number"": ""5775-2921-2575""}, {""id_type"": ""PAN"", ""id_number"": ""SLQZI6016V""}]",2026-08-31T18:53:35.141813,2026-08-31T18:53:35.141814
PERSON-000755,Nikhil Kulkarni,MALE,1999-06-05,27,"616, MG Road, Sector 1, Bangalore, Karnataka - 503188",Bangalore,Karnataka,+91-9537532245,nikhil.kulkarni755@mail.com,Doctor,Indian,"[""Mole on forehead"", ""Scar on left knee""]","[{""id_type"": ""AADHAAR"", ""id_number"": ""4533-7915-2253""}, {""id_type"": ""PAN"", ""id_number"": ""OSTWJ3748J""}]",2026-08-31T18:53:35.141832,2026-08-31T18:53:35.141833
PERSON-000756,Karan Iyer,MALE,1951-12-06,74,"801, MG Road, Sector 29, Bangalore, Karnataka - 581760",Bangalore,Karnataka,+91-9689403058,karan.iyer756@mail.com,Driver,Indian,[],"[{""id_type"": ""AADHAAR"", ""id_number"": ""7249-4375-2041""}, {""id_type"": ""PAN"", ""id_number"": ""TCCBL4485E""}]",2026-08-31T18:53:35.141952,2026-08-31T18:53:35.141957
PERSON-000757,Amit Banerjee,MALE,1980-10-05,45,"808, MG Road, Sector 28, Central Delhi, Delhi - 630086",Central Delhi,Delhi,+91-9620626414,,Government Servant,Indian,[],"[{""id_type"": ""AADHAAR"", ""id_number"": ""3643-8291-2197""}, {""id_type"": ""PAN"", ""id_number"": ""EDHUC6113G""}]",2026-08-31T18:53:35.142011,2026-08-31T18:53:35.142016
PERSON-000758,Anil Kumar,MALE,1991-10-18,34,"577, MG Road, Sector 7, Pune, Maharashtra - 616792",Pune,Maharashtra,+91-9563230661,anil.kumar758@mail.com,Journalist,Indian,[],"[{""id_type"": ""AADHAAR"", ""id_number"": ""8821-7319-1614""}, {""id_type"": ""PAN"", ""id_number"": ""MCXMW5960Z""}]",2026-08-31T18:53:35.142054,2026-08-31T18:53:35.142058
PERSON-000759,Ananya Mehta,FEMALE,1984-05-08,42,"866, MG Road, Sector 13, Chennai, Tamil Nadu - 585961",Chennai,Tamil Nadu,+91-9510378089,,Teacher,Indian,[],"[{""id_type"": ""AADHAAR"", ""id_number"": ""8023-3957-8850""}, {""id_type"": ""PAN"", ""id_number"": ""ZPLTA4032C""}]",2026-08-31T18:53:35.142100,2026-08-31T18:53:35.142102
PERSON-000760,Swati Bansal,FEMALE,1975-12-17,50,"829, MG Road, Sector 20, Pune, Maharashtra - 659035",Pune,Maharashtra,+91-9321618503,,Journalist,Indian,[],"[{""id_type"": ""AADHAAR"", ""id_number"": ""9582-7684-6328""}, {""id_type"": ""PAN"", ""id_number"": ""IPDES6922Z""}]",2026-08-31T18:53:35.142124,2026-08-31T18:53:35.142126
PERSON-000761,Vivek Chatterjee,MALE,1998-02-24,28,"270, MG Road, Sector 24, Mumbai, Maharashtra - 643433",Mumbai,Maharashtra,+91-9113308531,,Real Estate Agent,Indian,"[""Mole on chin"", ""Scar on forehead""]","[{""id_type"": ""AADHAAR"", ""id_number"": ""3584-1344-1856""}, {""id_type"": ""PAN"", ""id_number"": ""ITSQE2048W""}]",2026-08-31T18:53:35.142147,2026-08-31T18:53:35.142149
PERSON-000762,Radha Bansal,FEMALE,1991-06-08,35,"180, MG Road, Sector 24, Central Delhi, Delhi - 630373",Central Delhi,Delhi,+91-9167376613,radha.bansal762@mail.com,Contractor,Indian,"[""Mole on chin"", ""Scar on forehead""]","[{""id_type"": ""AADHAAR"", ""id_number"": ""7013-3804-7376""}, {""id_type"": ""PAN"", ""id_number"": ""EBZZL7518M""}]",2026-08-31T18:53:35.142182,2026-08-31T18:53:35.142184
PERSON-000763,Aditya Kumar,MALE,1984-01-31,42,"525, MG Road, Sector 28, Mumbai, Maharashtra - 614419",Mumbai,Maharashtra,+91-9572330556,aditya.kumar763@mail.com,Unemployed,Indian,[],"[{""id_type"": ""AADHAAR"", ""id_number"": ""2504-7486-6889""}, {""id_type"": ""PAN"", ""id_number"": ""QSDZR5973Z""}]",2026-08-31T18:53:35.142210,2026-08-31T18:53:35.142212
PERSON-000764,Mohan Patil,MALE,1965-08-08,61,"621, MG Road, Sector 22, Ahmedabad, Gujarat - 573703",Ahmedabad,Gujarat,+91-9968748559,,Government Servant,Indian,"[""Mole on left cheek"", ""Scar on right palm""]","[{""id_type"": ""AADHAAR"", ""id_number"": ""3181-5496-9605""}, {""id_type"": ""PAN"", ""id_number"": ""OCDKV3074Q""}]",2026-08-31T18:53:35.142230,2026-08-31T18:53:35.142231
PERSON-000765,Krutika Pandey,FEMALE,2000-12-05,25,"11, MG Road, Sector 30, Central Delhi, Delhi - 475541",Central Delhi,Delhi,+91-9582058568,krutika.pandey765@mail.com,Civil Engineer,Indian,[],"[{""id_type"": ""AADHAAR"", ""id_number"": ""7888-2954-5048""}, {""id_type"": ""PAN"", ""id_number"": ""OQPUD3274F""}]",2026-08-31T18:53:35.142249,2026-08-31T18:53:35.142250
PERSON-000766,Madhu Dutta,FEMALE,1979-08-17,47,"326, MG Road, Sector 14, Bangalore, Karnataka - 525720",Bangalore,Karnataka,+91-9583427474,madhu.dutta766@mail.com,Contractor,Indian,"[""Mole on chin"", ""Scar on right palm""]","[{""id_type"": ""AADHAAR"", ""id_number"": ""9217-5074-2760""}, {""id_type"": ""PAN"", ""id_number"": ""JVQWN5318C""}]",2026-08-31T18:53:35.142268,2026-08-31T18:53:35.142272
PERSON-000767,Kiran Pandey,FEMALE,2007-06-11,19,"960, MG Road, Sector 27, Chennai, Tamil Nadu - 465891",Chennai,Tamil Nadu,+91-9386698435,kiran.pandey767@mail.com,Businessman,Indian,"[""Mole on forehead"", ""Scar on right palm""]","[{""id_type"": ""AADHAAR"", ""id_number"": ""8319-9826-8825""}, {""id_type"": ""PAN"", ""id_number"": ""IYGFV7085V""}]",2026-08-31T18:53:35.142290,2026-08-31T18:53:35.142292
PERSON-000768,Tarun Mishra,MALE,1994-10-09,31,"5, MG Road, Sector 16, Mumbai, Maharashtra - 439470",Mumbai,Maharashtra,+91-9269645053,tarun.mishra768@mail.com,Homemaker,Indian,"[""Mole on left cheek"", ""Scar on right palm""]","[{""id_type"": ""AADHAAR"", ""id_number"": ""2019-4672-3550""}, {""id_type"": ""PAN"", ""id_number"": ""PEKNT1480V""}]",2026-08-31T18:53:35.142313,2026-08-31T18:53:35.142314
PERSON-000769,Ravi Dutta,MALE,1964-04-09,62,"174, MG Road, Sector 8, Kolkata, West Bengal - 530175",Kolkata,West Bengal,+91-9630051642,,Lawyer,Indian,"[""Mole on left cheek"", ""Scar on forehead""]","[{""id_type"": ""AADHAAR"", ""id_number"": ""2567-7920-3602""}, {""id_type"": ""PAN"", ""id_number"": ""BXKAC1901X""}]",2026-08-31T18:53:35.142331,2026-08-31T18:53:35.142333
PERSON-000770,Sunil Dubey,MALE,1961-10-01,64,"943, MG Road, Sector 21, Pune, Maharashtra - 549105",Pune,Maharashtra,+91-9919162325,sunil.dubey770@mail.com,Government Servant,Indian,"[""Mole on chin"", ""Scar on forehead""]","[{""id_type"": ""AADHAAR"", ""id_number"": ""9770-9010-7349""}, {""id_type"": ""PAN"", ""id_number"": ""LHAZC9815L""}]",2026-08-31T18:53:35.142351,2026-08-31T18:53:35.142352
PERSON-000771,Yashoda Agarwal,FEMALE,1991-07-27,35,"187, MG Road, Sector 25, Pune, Maharashtra - 490121",Pune,Maharashtra,+91-9166236054,,Software Engineer,Indian,"[""Mole on left cheek"", ""Scar on right palm""]","[{""id_type"": ""AADHAAR"", ""id_number"": ""2360-8163-6202""}, {""id_type"": ""PAN"", ""id_number"": ""TOJSM8691Y""}]",2026-08-31T18:53:35.142369,2026-08-31T18:53:35.142371
PERSON-000772,Usha Gowda,FEMALE,1994-08-29,32,"183, MG Road, Sector 4, Central Delhi, Delhi - 412214",Central Delhi,Delhi,+91-9127334876,,Businessman,Indian,"[""Mole on left cheek"", ""Scar on left knee""]","[{""id_type"": ""AADHAAR"", ""id_number"": ""9202-8916-1035""}, {""id_type"": ""PAN"", ""id_number"": ""AZBEN8393B""}]",2026-08-31T18:53:35.142387,2026-08-31T18:53:35.142389
PERSON-000773,Yashoda Mukherjee,FEMALE,2003-03-12,23,"678, MG Road, Sector 23, Pune, Maharashtra - 406264",Pune,Maharashtra,+91-9298062453,yashoda.mukherjee773@mail.com,Businessman,Indian,"[""Mole on chin"", ""Scar on right palm""]","[{""id_type"": ""AADHAAR"", ""id_number"": ""4107-7641-1025""}, {""id_type"": ""PAN"", ""id_number"": ""QZHGB3231J""}]",2026-08-31T18:53:35.142411,2026-08-31T18:53:35.142413
PERSON-000774,Devendra Naidu,MALE,2006-12-12,19,"796, MG Road, Sector 21, Thiruvananthapuram, Kerala - 601444",Thiruvananthapuram,Kerala,+91-9578325545,devendra.naidu774@mail.com,Homemaker,Indian,[],"[{""id_type"": ""AADHAAR"", ""id_number"": ""9646-6211-8952""}, {""id_type"": ""PAN"", ""id_number"": ""MKSSK1747F""}]",2026-08-31T18:53:35.142430,2026-08-31T18:53:35.142431
PERSON-000775,Rohan Gowda,MALE,1984-02-03,42,"866, MG Road, Sector 24, Chennai, Tamil Nadu - 630483",Chennai,Tamil Nadu,+91-9489336224,rohan.gowda775@mail.com,Government Servant,Indian,[],"[{""id_type"": ""AADHAAR"", ""id_number"": ""6328-3118-8277""}, {""id_type"": ""PAN"", ""id_number"": ""DVLGZ7029P""}]",2026-08-31T18:53:35.142447,2026-08-31T18:53:35.142449
PERSON-000776,Vijay Chatterjee,MALE,1997-12-12,28,"910, MG Road, Sector 1, Thiruvananthapuram, Kerala - 484233",Thiruvananthapuram,Kerala,+91-9829262062,,Unemployed,Indian,"[""Mole on right shoulder"", ""Scar on left knee""]","[{""id_type"": ""AADHAAR"", ""id_number"": ""3291-2239-6802""}, {""id_type"": ""PAN"", ""id_number"": ""UCEHK8688Y""}]",2026-08-31T18:53:35.142466,2026-08-31T18:53:35.142468
PERSON-000777,Ashok Gupta,MALE,1988-08-01,38,"911, MG Road, Sector 1, Bangalore, Karnataka - 422823",Bangalore,Karnataka,+91-9261037060,,Farmer,Indian,[],"[{""id_type"": ""AADHAAR"", ""id_number"": ""9342-6886-1306""}, {""id_type"": ""PAN"", ""id_number"": ""SHTHF9726K""}]",2026-08-31T18:53:35.142483,2026-08-31T18:53:35.142484
PERSON-000778,Siddharth Naidu,MALE,1956-06-23,70,"475, MG Road, Sector 23, Lucknow, Uttar Pradesh - 500197",Lucknow,Uttar Pradesh,+91-9835261854,,Unemployed,Indian,[],"[{""id_type"": ""AADHAAR"", ""id_number"": ""2502-6656-6782""}, {""id_type"": ""PAN"", ""id_number"": ""TIPDL7533A""}]",2026-08-31T18:53:35.142501,2026-08-31T18:53:35.142503
PERSON-000779,Rahul Saxena,MALE,1970-07-08,56,"965, MG Road, Sector 29, Pune, Maharashtra - 452793",Pune,Maharashtra,+91-9421030015,,Shopkeeper,Indian,[],"[{""id_type"": ""AADHAAR"", ""id_number"": ""5261-8896-8749""}, {""id_type"": ""PAN"", ""id_number"": ""IRYFE9587N""}]",2026-08-31T18:53:35.142518,2026-08-31T18:53:35.142520
PERSON-000780,Vijay Chatterjee,MALE,1970-01-03,56,"291, MG Road, Sector 8, Bangalore, Karnataka - 463941",Bangalore,Karnataka,+91-9235964332,vijay.chatterjee780@mail.com,Government Servant,Indian,"[""Mole on chin"", ""Scar on left knee""]","[{""id_type"": ""AADHAAR"", ""id_number"": ""7994-6200-6463""}, {""id_type"": ""PAN"", ""id_number"": ""GRTQO5859S""}]",2026-08-31T18:53:35.142536,2026-08-31T18:53:35.142538
PERSON-000781,Vishal Chatterjee,MALE,1981-08-26,45,"159, MG Road, Sector 9, Bangalore, Karnataka - 543507",Bangalore,Karnataka,+91-9478761746,vishal.chatterjee781@mail.com,Software Engineer,Indian,"[""Mole on chin"", ""Scar on right palm""]","[{""id_type"": ""AADHAAR"", ""id_number"": ""3284-9969-1556""}, {""id_type"": ""PAN"", ""id_number"": ""TECOM6699G""}]",2026-08-31T18:53:35.142555,2026-08-31T18:53:35.142556
PERSON-000782,Shweta Joshi,FEMALE,1981-02-19,45,"807, MG Road, Sector 23, Kolkata, West Bengal - 630232",Kolkata,West Bengal,+91-9574804367,shweta.joshi782@mail.com,Accountant,Indian,"[""Mole on chin"", ""Scar on left knee""]","[{""id_type"": ""AADHAAR"", ""id_number"": ""5451-8834-1839""}, {""id_type"": ""PAN"", ""id_number"": ""CDVTT3664B""}]",2026-08-31T18:53:35.142573,2026-08-31T18:53:35.142574
PERSON-000783,Anand Verma,MALE,1982-06-06,44,"680, MG Road, Sector 3, Kolkata, West Bengal - 465951",Kolkata,West Bengal,+91-9245725187,anand.verma783@mail.com,Mechanic,Indian,"[""Mole on left cheek"", ""Scar on forehead""]","[{""id_type"": ""AADHAAR"", ""id_number"": ""4826-7608-5674""}, {""id_type"": ""PAN"", ""id_number"": ""IPLDP8090K""}]",2026-08-31T18:53:35.142595,2026-08-31T18:53:35.142597
PERSON-000784,Aditya Pillai,MALE,2005-12-11,20,"851, MG Road, Sector 20, Lucknow, Uttar Pradesh - 465517",Lucknow,Uttar Pradesh,+91-9373924519,aditya.pillai784@mail.com,Real Estate Agent,Indian,"[""Mole on forehead"", ""Scar on forehead""]","[{""id_type"": ""AADHAAR"", ""id_number"": ""4367-8704-9558""}, {""id_type"": ""PAN"", ""id_number"": ""NQXYE2038V""}]",2026-08-31T18:53:35.142613,2026-08-31T18:53:35.142614
PERSON-000785,Rahul Gowda,MALE,1953-11-25,72,"533, MG Road, Sector 4, Central Delhi, Delhi - 600036",Central Delhi,Delhi,+91-9306329152,rahul.gowda785@mail.com,Contractor,Indian,[],"[{""id_type"": ""AADHAAR"", ""id_number"": ""4526-2832-6840""}, {""id_type"": ""PAN"", ""id_number"": ""KPRWF8461H""}]",2026-08-31T18:53:35.142629,2026-08-31T18:53:35.142631
PERSON-000786,Krutika Rao,FEMALE,1960-02-01,66,"719, MG Road, Sector 9, Ahmedabad, Gujarat - 609817",Ahmedabad,Gujarat,+91-9285225812,krutika.rao786@mail.com,Homemaker,Indian,"[""Mole on forehead"", ""Scar on right palm""]","[{""id_type"": ""AADHAAR"", ""id_number"": ""6445-2693-2020""}, {""id_type"": ""PAN"", ""id_number"": ""RUDAQ5717O""}]",2026-08-31T18:53:35.142653,2026-08-31T18:53:35.142655
PERSON-000787,Indu Nair,FEMALE,1989-01-06,37,"245, MG Road, Sector 14, Ahmedabad, Gujarat - 597041",Ahmedabad,Gujarat,+91-9527621710,,Contractor,Indian,[],"[{""id_type"": ""AADHAAR"", ""id_number"": ""9445-4720-4637""}, {""id_type"": ""PAN"", ""id_number"": ""RYIKA9150O""}]",2026-08-31T18:53:35.142671,2026-08-31T18:53:35.142672
PERSON-000788,Ganesh Gupta,MALE,2008-08-29,18,"705, MG Road, Sector 9, Lucknow, Uttar Pradesh - 512862",Lucknow,Uttar Pradesh,+91-9896985496,ganesh.gupta788@mail.com,Student,Indian,[],"[{""id_type"": ""AADHAAR"", ""id_number"": ""3330-9785-1850""}, {""id_type"": ""PAN"", ""id_number"": ""HSUYC6430B""}]",2026-08-31T18:53:35.142693,2026-08-31T18:53:35.142694
PERSON-000789,Siddharth Agarwal,MALE,1978-03-22,48,"107, MG Road, Sector 6, Mumbai, Maharashtra - 628579",Mumbai,Maharashtra,+91-9784932387,,Security Guard,Indian,[],"[{""id_type"": ""AADHAAR"", ""id_number"": ""2577-1378-1998""}, {""id_type"": ""PAN"", ""id_number"": ""BWTYS4687E""}]",2026-08-31T18:53:35.142715,2026-08-31T18:53:35.142716
PERSON-000790,Divya Iyer,FEMALE,1994-07-14,32,"708, MG Road, Sector 19, Chennai, Tamil Nadu - 596199",Chennai,Tamil Nadu,+91-9576280405,divya.iyer790@mail.com,Journalist,Indian,"[""Mole on chin"", ""Scar on forehead""]","[{""id_type"": ""AADHAAR"", ""id_number"": ""8220-2932-7919""}, {""id_type"": ""PAN"", ""id_number"": ""YGYYE7609M""}]",2026-08-31T18:53:35.142733,2026-08-31T18:53:35.142735
PERSON-000791,Prachi Rao,FEMALE,1984-01-05,42,"89, MG Road, Sector 4, Chennai, Tamil Nadu - 653018",Chennai,Tamil Nadu,+91-9467588285,prachi.rao791@mail.com,Security Guard,Indian,[],"[{""id_type"": ""AADHAAR"", ""id_number"": ""5194-8708-7853""}, {""id_type"": ""PAN"", ""id_number"": ""WZIEZ7545O""}]",2026-08-31T18:53:35.142750,2026-08-31T18:53:35.142752
PERSON-000792,Hitesh Saxena,MALE,1980-03-17,46,"330, MG Road, Sector 11, Jaipur, Rajasthan - 434307",Jaipur,Rajasthan,+91-9883606154,hitesh.saxena792@mail.com,Lawyer,Indian,[],"[{""id_type"": ""AADHAAR"", ""id_number"": ""6307-9647-1057""}, {""id_type"": ""PAN"", ""id_number"": ""RSHPU1369S""}]",2026-08-31T18:53:35.142768,2026-08-31T18:53:35.142770
PERSON-000793,Sneha Nair,FEMALE,1969-06-03,57,"933, MG Road, Sector 18, Pune, Maharashtra - 630354",Pune,Maharashtra,+91-9980168548,sneha.nair793@mail.com,Security Guard,Indian,[],"[{""id_type"": ""AADHAAR"", ""id_number"": ""5368-9632-6908""}, {""id_type"": ""PAN"", ""id_number"": ""JQVBR4566B""}]",2026-08-31T18:53:35.142789,2026-08-31T18:53:35.142791
PERSON-000794,Yogesh Malik,MALE,1985-05-13,41,"124, MG Road, Sector 4, Chennai, Tamil Nadu - 500228",Chennai,Tamil Nadu,+91-9749230683,yogesh.malik794@mail.com,Contractor,Indian,[],"[{""id_type"": ""AADHAAR"", ""id_number"": ""2068-6761-2124""}, {""id_type"": ""PAN"", ""id_number"": ""IIACS8066F""}]",2026-08-31T18:53:35.142810,2026-08-31T18:53:35.142811
PERSON-000795,Vishal Kumar,MALE,1962-01-09,64,"253, MG Road, Sector 1, Mumbai, Maharashtra - 434403",Mumbai,Maharashtra,+91-9887399761,vishal.kumar795@mail.com,Software Engineer,Indian,"[""Mole on forehead"", ""Scar on right palm""]","[{""id_type"": ""AADHAAR"", ""id_number"": ""7803-2469-9102""}, {""id_type"": ""PAN"", ""id_number"": ""LWRXE5724E""}]",2026-08-31T18:53:35.142828,2026-08-31T18:53:35.142830
PERSON-000796,Abhishek Reddy,MALE,1985-09-07,41,"649, MG Road, Sector 5, Lucknow, Uttar Pradesh - 661824",Lucknow,Uttar Pradesh,+91-9410969430,abhishek.reddy796@mail.com,Unemployed,Indian,"[""Mole on forehead"", ""Scar on left knee""]","[{""id_type"": ""AADHAAR"", ""id_number"": ""8913-9461-4824""}, {""id_type"": ""PAN"", ""id_number"": ""TLPBL9266F""}]",2026-08-31T18:53:35.142850,2026-08-31T18:53:35.142852
PERSON-000797,Neha Chauhan,FEMALE,1981-08-19,45,"253, MG Road, Sector 28, Mumbai, Maharashtra - 522806",Mumbai,Maharashtra,+91-9959939919,,Farmer,Indian,[],"[{""id_type"": ""AADHAAR"", ""id_number"": ""3993-6577-6176""}, {""id_type"": ""PAN"", ""id_number"": ""VAIRF4017L""}]",2026-08-31T18:53:35.142868,2026-08-31T18:53:35.142869
PERSON-000798,Tarun Gowda,MALE,1959-12-25,66,"766, MG Road, Sector 21, Ahmedabad, Gujarat - 511598",Ahmedabad,Gujarat,+91-9823749139,tarun.gowda798@mail.com,Accountant,Indian,[],"[{""id_type"": ""AADHAAR"", ""id_number"": ""3211-9003-3468""}, {""id_type"": ""PAN"", ""id_number"": ""NXPBO2175G""}]",2026-08-31T18:53:35.142885,2026-08-31T18:53:35.142887
PERSON-000799,Bhavna Pillai,FEMALE,1969-09-01,57,"148, MG Road, Sector 17, Pune, Maharashtra - 517467",Pune,Maharashtra,+91-9416017888,bhavna.pillai799@mail.com,Farmer,Indian,[],"[{""id_type"": ""AADHAAR"", ""id_number"": ""8916-1354-5079""}, {""id_type"": ""PAN"", ""id_number"": ""ZDVBF8042W""}]",2026-08-31T18:53:35.142906,2026-08-31T18:53:35.142907
PERSON-000800,Vishal Joshi,MALE,1984-08-26,42,"337, MG Road, Sector 13, Kolkata, West Bengal - 536942",Kolkata,West Bengal,+91-9379713671,vishal.joshi800@mail.com,Mechanic,Indian,"[""Mole on right shoulder"", ""Scar on forehead""]","[{""id_type"": ""AADHAAR"", ""id_number"": ""3286-4554-8210""}, {""id_type"": ""PAN"", ""id_number"": ""PHKWF5073W""}]",2026-08-31T18:53:35.142924,2026-08-31T18:53:35.142926
PERSON-000801,Karan Mukherjee,MALE,1988-02-09,38,"139, MG Road, Sector 6, Mumbai, Maharashtra - 547740",Mumbai,Maharashtra,+91-9731213330,karan.mukherjee801@mail.com,Doctor,Indian,[],"[{""id_type"": ""AADHAAR"", ""id_number"": ""3091-8057-5134""}, {""id_type"": ""PAN"", ""id_number"": ""YLNHA4180V""}]",2026-08-31T18:53:35.142941,2026-08-31T18:53:35.142942
PERSON-000802,Usha Dutta,FEMALE,1985-10-11,40,"333, MG Road, Sector 17, Central Delhi, Delhi - 630245",Central Delhi,Delhi,+91-9700509865,usha.dutta802@mail.com,Software Engineer,Indian,[],"[{""id_type"": ""AADHAAR"", ""id_number"": ""8150-8913-7760""}, {""id_type"": ""PAN"", ""id_number"": ""LDRXJ2353B""}]",2026-08-31T18:53:35.142964,2026-08-31T18:53:35.142967
PERSON-000803,Pradeep Verma,MALE,1963-03-24,63,"217, MG Road, Sector 7, Jaipur, Rajasthan - 527810",Jaipur,Rajasthan,+91-9883536095,,Mechanic,Indian,"[""Mole on forehead"", ""Scar on right palm""]","[{""id_type"": ""AADHAAR"", ""id_number"": ""5832-8550-4079""}, {""id_type"": ""PAN"", ""id_number"": ""EGOSW9714S""}]",2026-08-31T18:53:35.142996,2026-08-31T18:53:35.142998
PERSON-000804,Kavita Malik,FEMALE,1983-07-13,43,"514, MG Road, Sector 10, Chennai, Tamil Nadu - 537699",Chennai,Tamil Nadu,+91-9705455360,kavita.malik804@mail.com,Journalist,Indian,"[""Mole on right shoulder"", ""Scar on forehead""]","[{""id_type"": ""AADHAAR"", ""id_number"": ""9209-1129-7313""}, {""id_type"": ""PAN"", ""id_number"": ""ZZNQV9050M""}]",2026-08-31T18:53:35.143019,2026-08-31T18:53:35.143020
PERSON-000805,Priya Tripathi,FEMALE,1976-02-20,50,"934, MG Road, Sector 1, Lucknow, Uttar Pradesh - 586880",Lucknow,Uttar Pradesh,+91-9957817067,priya.tripathi805@mail.com,Civil Engineer,Indian,[],"[{""id_type"": ""AADHAAR"", ""id_number"": ""8920-9548-7834""}, {""id_type"": ""PAN"", ""id_number"": ""PPOBR1758E""}]",2026-08-31T18:53:35.143036,2026-08-31T18:53:35.143038
PERSON-000806,Siddharth Srivastava,MALE,1985-10-07,40,"99, MG Road, Sector 4, Jaipur, Rajasthan - 434782",Jaipur,Rajasthan,+91-9960713302,,Civil Engineer,Indian,"[""Mole on chin"", ""Scar on left knee""]","[{""id_type"": ""AADHAAR"", ""id_number"": ""4887-2735-5601""}, {""id_type"": ""PAN"", ""id_number"": ""CXUXX5210A""}]",2026-08-31T18:53:35.143054,2026-08-31T18:53:35.143055
PERSON-000807,Vikram Bhatt,MALE,1979-02-19,47,"913, MG Road, Sector 2, Thiruvananthapuram, Kerala - 453993",Thiruvananthapuram,Kerala,+91-9609153740,vikram.bhatt807@mail.com,Civil Engineer,Indian,"[""Mole on right shoulder"", ""Scar on left knee""]","[{""id_type"": ""AADHAAR"", ""id_number"": ""5160-4624-2753""}, {""id_type"": ""PAN"", ""id_number"": ""TSXVQ3978Z""}]",2026-08-31T18:53:35.143072,2026-08-31T18:53:35.143073
PERSON-000808,Priya Tripathi,FEMALE,1969-08-18,57,"667, MG Road, Sector 15, Mumbai, Maharashtra - 694284",Mumbai,Maharashtra,+91-9129193124,,Student,Indian,"[""Mole on forehead"", ""Scar on right palm""]","[{""id_type"": ""AADHAAR"", ""id_number"": ""8044-4504-9563""}, {""id_type"": ""PAN"", ""id_number"": ""NSCGV1807G""}]",2026-08-31T18:53:35.143093,2026-08-31T18:53:35.143094
PERSON-000809,Seema Iyer,FEMALE,1992-07-09,34,"150, MG Road, Sector 10, Central Delhi, Delhi - 540793",Central Delhi,Delhi,+91-9183531470,seema.iyer809@mail.com,Unemployed,Indian,"[""Mole on right shoulder"", ""Scar on left knee""]","[{""id_type"": ""AADHAAR"", ""id_number"": ""6377-8645-5925""}, {""id_type"": ""PAN"", ""id_number"": ""BSOFP2567P""}]",2026-08-31T18:53:35.143114,2026-08-31T18:53:35.143115
PERSON-000810,Vishal Singh,MALE,1958-08-08,68,"748, MG Road, Sector 15, Chennai, Tamil Nadu - 679399",Chennai,Tamil Nadu,+91-9300318876,,Accountant,Indian,"[""Mole on left cheek"", ""Scar on left knee""]","[{""id_type"": ""AADHAAR"", ""id_number"": ""8891-3881-5671""}, {""id_type"": ""PAN"", ""id_number"": ""IMUZL5053Q""}]",2026-08-31T18:53:35.143132,2026-08-31T18:53:35.143133
PERSON-000811,Pankaj Patil,MALE,1987-10-10,38,"483, MG Road, Sector 10, Bangalore, Karnataka - 617616",Bangalore,Karnataka,+91-9672770684,pankaj.patil811@mail.com,Mechanic,Indian,"[""Mole on forehead"", ""Scar on right palm""]","[{""id_type"": ""AADHAAR"", ""id_number"": ""2945-4394-4008""}, {""id_type"": ""PAN"", ""id_number"": ""TIFLY4933K""}]",2026-08-31T18:53:35.143150,2026-08-31T18:53:35.143151
PERSON-000812,Krutika Mehta,FEMALE,1973-07-06,53,"826, MG Road, Sector 15, Thiruvananthapuram, Kerala - 538840",Thiruvananthapuram,Kerala,+91-9552184944,krutika.mehta812@mail.com,Teacher,Indian,[],"[{""id_type"": ""AADHAAR"", ""id_number"": ""6700-4349-7614""}, {""id_type"": ""PAN"", ""id_number"": ""TBTXA2035K""}]",2026-08-31T18:53:35.143167,2026-08-31T18:53:35.143168
PERSON-000813,Manish Sharma,MALE,2003-01-19,23,"544, MG Road, Sector 10, Thiruvananthapuram, Kerala - 472778",Thiruvananthapuram,Kerala,+91-9568382137,,Doctor,Indian,"[""Mole on right shoulder"", ""Scar on right palm""]","[{""id_type"": ""AADHAAR"", ""id_number"": ""3093-2688-4205""}, {""id_type"": ""PAN"", ""id_number"": ""CVTTW9416L""}]",2026-08-31T18:53:35.143190,2026-08-31T18:53:35.143191
PERSON-000814,Suresh Bansal,MALE,1978-03-09,48,"523, MG Road, Sector 4, Mumbai, Maharashtra - 625119",Mumbai,Maharashtra,+91-9643962483,,Contractor,Indian,[],"[{""id_type"": ""AADHAAR"", ""id_number"": ""5775-4901-6730""}, {""id_type"": ""PAN"", ""id_number"": ""OQAON9671L""}]",2026-08-31T18:53:35.143210,2026-08-31T18:53:35.143211
PERSON-000815,Abhishek Bansal,MALE,1951-05-15,75,"43, MG Road, Sector 26, Mumbai, Maharashtra - 616471",Mumbai,Maharashtra,+91-9154388560,abhishek.bansal815@mail.com,Electrician,Indian,"[""Mole on forehead"", ""Scar on forehead""]","[{""id_type"": ""AADHAAR"", ""id_number"": ""2921-9700-9939""}, {""id_type"": ""PAN"", ""id_number"": ""PEXFK1354H""}]",2026-08-31T18:53:35.143228,2026-08-31T18:53:35.143230
PERSON-000816,Shweta Shah,FEMALE,1992-05-27,34,"828, MG Road, Sector 28, Mumbai, Maharashtra - 594171",Mumbai,Maharashtra,+91-9941698252,shweta.shah816@mail.com,Contractor,Indian,[],"[{""id_type"": ""AADHAAR"", ""id_number"": ""4751-1619-8129""}, {""id_type"": ""PAN"", ""id_number"": ""XIEKA5209J""}]",2026-08-31T18:53:35.143246,2026-08-31T18:53:35.143247
PERSON-000817,Geeta Pandey,FEMALE,1973-10-18,52,"688, MG Road, Sector 22, Lucknow, Uttar Pradesh - 510542",Lucknow,Uttar Pradesh,+91-9410022055,geeta.pandey817@mail.com,Real Estate Agent,Indian,"[""Mole on forehead"", ""Scar on forehead""]","[{""id_type"": ""AADHAAR"", ""id_number"": ""4309-4490-4305""}, {""id_type"": ""PAN"", ""id_number"": ""HLACQ2444Q""}]",2026-08-31T18:53:35.143263,2026-08-31T18:53:35.143265
PERSON-000818,Sunita Das,FEMALE,1964-11-26,61,"866, MG Road, Sector 5, Chennai, Tamil Nadu - 692792",Chennai,Tamil Nadu,+91-9270655912,sunita.das818@mail.com,Real Estate Agent,Indian,[],"[{""id_type"": ""AADHAAR"", ""id_number"": ""5488-4536-8676""}, {""id_type"": ""PAN"", ""id_number"": ""VVQEW4074Z""}]",2026-08-31T18:53:35.143281,2026-08-31T18:53:35.143282
PERSON-000819,Aditya Bhowmick,MALE,1996-07-16,30,"859, MG Road, Sector 15, Kolkata, West Bengal - 474840",Kolkata,West Bengal,+91-9397784623,aditya.bhowmick819@mail.com,Teacher,Indian,"[""Mole on right shoulder"", ""Scar on right palm""]","[{""id_type"": ""AADHAAR"", ""id_number"": ""7262-2069-9609""}, {""id_type"": ""PAN"", ""id_number"": ""WQBSS5940G""}]",2026-08-31T18:53:35.143302,2026-08-31T18:53:35.143305
PERSON-000820,Vivek Reddy,MALE,1992-05-08,34,"468, MG Road, Sector 24, Thiruvananthapuram, Kerala - 625917",Thiruvananthapuram,Kerala,+91-9240032314,,Software Engineer,Indian,[],"[{""id_type"": ""AADHAAR"", ""id_number"": ""8935-8652-1355""}, {""id_type"": ""PAN"", ""id_number"": ""BNCGB6629B""}]",2026-08-31T18:53:35.143334,2026-08-31T18:53:35.143337
PERSON-000821,Jyoti Shah,FEMALE,1991-08-27,35,"176, MG Road, Sector 6, Bangalore, Karnataka - 576141",Bangalore,Karnataka,+91-9669809125,jyoti.shah821@mail.com,Security Guard,Indian,"[""Mole on left cheek"", ""Scar on forehead""]","[{""id_type"": ""AADHAAR"", ""id_number"": ""3136-4212-4889""}, {""id_type"": ""PAN"", ""id_number"": ""NARLS2143H""}]",2026-08-31T18:53:35.143365,2026-08-31T18:53:35.143368
PERSON-000822,Pankaj Bhowmick,MALE,1990-01-11,36,"439, MG Road, Sector 6, Bangalore, Karnataka - 522686",Bangalore,Karnataka,+91-9369555919,pankaj.bhowmick822@mail.com,Accountant,Indian,[],"[{""id_type"": ""AADHAAR"", ""id_number"": ""8691-4221-6242""}, {""id_type"": ""PAN"", ""id_number"": ""WOTYR6160Z""}]",2026-08-31T18:53:35.143393,2026-08-31T18:53:35.143395
PERSON-000823,Neha Pandey,FEMALE,1981-10-20,44,"17, MG Road, Sector 5, Jaipur, Rajasthan - 572894",Jaipur,Rajasthan,+91-9966902275,neha.pandey823@mail.com,Shopkeeper,Indian,[],"[{""id_type"": ""AADHAAR"", ""id_number"": ""6170-3940-8728""}, {""id_type"": ""PAN"", ""id_number"": ""YAOKM8795Q""}]",2026-08-31T18:53:35.143425,2026-08-31T18:53:35.143428
PERSON-000824,Sanjay Bhowmick,MALE,1987-06-27,39,"874, MG Road, Sector 16, Chennai, Tamil Nadu - 634849",Chennai,Tamil Nadu,+91-9718698198,sanjay.bhowmick824@mail.com,Lawyer,Indian,[],"[{""id_type"": ""AADHAAR"", ""id_number"": ""7783-6579-2918""}, {""id_type"": ""PAN"", ""id_number"": ""TCAXE9276J""}]",2026-08-31T18:53:35.143448,2026-08-31T18:53:35.143450
PERSON-000825,Renu Dubey,FEMALE,1952-09-29,73,"608, MG Road, Sector 3, Pune, Maharashtra - 461142",Pune,Maharashtra,+91-9212542712,,Journalist,Indian,[],"[{""id_type"": ""AADHAAR"", ""id_number"": ""5847-6387-3089""}, {""id_type"": ""PAN"", ""id_number"": ""JENTT2157A""}]",2026-08-31T18:53:35.143468,2026-08-31T18:53:35.143469
PERSON-000826,Kavita Verma,FEMALE,1991-12-21,34,"511, MG Road, Sector 8, Chennai, Tamil Nadu - 552796",Chennai,Tamil Nadu,+91-9638905051,kavita.verma826@mail.com,Real Estate Agent,Indian,[],"[{""id_type"": ""AADHAAR"", ""id_number"": ""4306-8375-3320""}, {""id_type"": ""PAN"", ""id_number"": ""LBNNW7371I""}]",2026-08-31T18:53:35.143485,2026-08-31T18:53:35.143486
PERSON-000827,Ritu Pandey,FEMALE,1986-03-13,40,"806, MG Road, Sector 24, Jaipur, Rajasthan - 558951",Jaipur,Rajasthan,+91-9960534196,,Bank Employee,Indian,[],"[{""id_type"": ""AADHAAR"", ""id_number"": ""7403-2323-4730""}, {""id_type"": ""PAN"", ""id_number"": ""DXBOS9673O""}]",2026-08-31T18:53:35.143510,2026-08-31T18:53:35.143512
PERSON-000828,Sanjay Deshmukh,MALE,1997-03-21,29,"999, MG Road, Sector 5, Chennai, Tamil Nadu - 524120",Chennai,Tamil Nadu,+91-9811268908,sanjay.deshmukh828@mail.com,Homemaker,Indian,[],"[{""id_type"": ""AADHAAR"", ""id_number"": ""7501-2376-2061""}, {""id_type"": ""PAN"", ""id_number"": ""MXJOQ2439V""}]",2026-08-31T18:53:35.143538,2026-08-31T18:53:35.143539
PERSON-000829,Karan Nair,MALE,1997-09-18,28,"843, MG Road, Sector 25, Central Delhi, Delhi - 628094",Central Delhi,Delhi,+91-9868762079,,Homemaker,Indian,"[""Mole on left cheek"", ""Scar on forehead""]","[{""id_type"": ""AADHAAR"", ""id_number"": ""2579-6743-3540""}, {""id_type"": ""PAN"", ""id_number"": ""CRQBM9711S""}]",2026-08-31T18:53:35.143563,2026-08-31T18:53:35.143566
PERSON-000830,Sachin Patel,MALE,1962-03-29,64,"458, MG Road, Sector 22, Mumbai, Maharashtra - 511483",Mumbai,Maharashtra,+91-9388053655,sachin.patel830@mail.com,Student,Indian,"[""Mole on chin"", ""Scar on left knee""]","[{""id_type"": ""AADHAAR"", ""id_number"": ""4946-9323-2386""}, {""id_type"": ""PAN"", ""id_number"": ""DIYGJ3131G""}]",2026-08-31T18:53:35.143602,2026-08-31T18:53:35.143603
PERSON-000831,Pravin Bansal,MALE,1961-10-30,64,"135, MG Road, Sector 5, Mumbai, Maharashtra - 496291",Mumbai,Maharashtra,+91-9237806715,pravin.bansal831@mail.com,Driver,Indian,"[""Mole on chin"", ""Scar on right palm""]","[{""id_type"": ""AADHAAR"", ""id_number"": ""3651-8269-7715""}, {""id_type"": ""PAN"", ""id_number"": ""HBQER3610C""}]",2026-08-31T18:53:35.143621,2026-08-31T18:53:35.143623
PERSON-000832,Satish Srivastava,MALE,1977-06-01,49,"863, MG Road, Sector 17, Kolkata, West Bengal - 471354",Kolkata,West Bengal,+91-9529971560,,Bank Employee,Indian,[],"[{""id_type"": ""AADHAAR"", ""id_number"": ""8185-2991-5402""}, {""id_type"": ""PAN"", ""id_number"": ""LCJXB2159I""}]",2026-08-31T18:53:35.143639,2026-08-31T18:53:35.143640
PERSON-000833,Varun Verma,MALE,1974-07-14,52,"589, MG Road, Sector 22, Bangalore, Karnataka - 508366",Bangalore,Karnataka,+91-9865527142,varun.verma833@mail.com,Software Engineer,Indian,[],"[{""id_type"": ""AADHAAR"", ""id_number"": ""2614-4504-1024""}, {""id_type"": ""PAN"", ""id_number"": ""KAALD1450J""}]",2026-08-31T18:53:35.143658,2026-08-31T18:53:35.143659
PERSON-000834,Alok Yadav,MALE,1956-09-01,70,"801, MG Road, Sector 6, Jaipur, Rajasthan - 529381",Jaipur,Rajasthan,+91-9194720600,,Homemaker,Indian,"[""Mole on left cheek"", ""Scar on forehead""]","[{""id_type"": ""AADHAAR"", ""id_number"": ""6558-6936-9036""}, {""id_type"": ""PAN"", ""id_number"": ""AZKVM7451C""}]",2026-08-31T18:53:35.143676,2026-08-31T18:53:35.143678
PERSON-000835,Lata Chatterjee,FEMALE,1953-11-02,72,"726, MG Road, Sector 11, Kolkata, West Bengal - 677640",Kolkata,West Bengal,+91-9151091454,,Businessman,Indian,"[""Mole on right shoulder"", ""Scar on right palm""]","[{""id_type"": ""AADHAAR"", ""id_number"": ""5819-7755-4433""}, {""id_type"": ""PAN"", ""id_number"": ""PFGBN9779G""}]",2026-08-31T18:53:35.143694,2026-08-31T18:53:35.143696
PERSON-000836,Hitesh Pillai,MALE,1987-05-14,39,"821, MG Road, Sector 23, Thiruvananthapuram, Kerala - 604392",Thiruvananthapuram,Kerala,+91-9633480764,,Security Guard,Indian,"[""Mole on left cheek"", ""Scar on left knee""]","[{""id_type"": ""AADHAAR"", ""id_number"": ""7044-4108-1465""}, {""id_type"": ""PAN"", ""id_number"": ""RGLAF8469G""}]",2026-08-31T18:53:35.143715,2026-08-31T18:53:35.143717
PERSON-000837,Seema Bhatt,FEMALE,1994-08-06,32,"716, MG Road, Sector 23, Kolkata, West Bengal - 444985",Kolkata,West Bengal,+91-9529593563,seema.bhatt837@mail.com,Businessman,Indian,[],"[{""id_type"": ""AADHAAR"", ""id_number"": ""7736-3905-7240""}, {""id_type"": ""PAN"", ""id_number"": ""HGZFO6547A""}]",2026-08-31T18:53:35.143733,2026-08-31T18:53:35.143735
PERSON-000838,Dinesh Shukla,MALE,1981-04-15,45,"92, MG Road, Sector 24, Kolkata, West Bengal - 412206",Kolkata,West Bengal,+91-9840218745,,Electrician,Indian,[],"[{""id_type"": ""AADHAAR"", ""id_number"": ""8823-1648-1252""}, {""id_type"": ""PAN"", ""id_number"": ""YGKGQ5452D""}]",2026-08-31T18:53:35.143751,2026-08-31T18:53:35.143752
PERSON-000839,Vivek Chauhan,MALE,1974-10-29,51,"890, MG Road, Sector 14, Pune, Maharashtra - 404333",Pune,Maharashtra,+91-9506654864,,Civil Engineer,Indian,[],"[{""id_type"": ""AADHAAR"", ""id_number"": ""6752-7104-1055""}, {""id_type"": ""PAN"", ""id_number"": ""TNPHR2813A""}]",2026-08-31T18:53:35.143768,2026-08-31T18:53:35.143769
PERSON-000840,Dinesh Bhowmick,MALE,1977-06-23,49,"749, MG Road, Sector 9, Chennai, Tamil Nadu - 529547",Chennai,Tamil Nadu,+91-9933325466,dinesh.bhowmick840@mail.com,Doctor,Indian,[],"[{""id_type"": ""AADHAAR"", ""id_number"": ""7326-1230-4595""}, {""id_type"": ""PAN"", ""id_number"": ""JHNQJ1257J""}]",2026-08-31T18:53:35.143785,2026-08-31T18:53:35.143787
PERSON-000841,Dinesh Verma,MALE,1992-10-04,33,"433, MG Road, Sector 2, Bangalore, Karnataka - 424047",Bangalore,Karnataka,+91-9768698253,dinesh.verma841@mail.com,Bank Employee,Indian,[],"[{""id_type"": ""AADHAAR"", ""id_number"": ""9384-9885-1880""}, {""id_type"": ""PAN"", ""id_number"": ""BSEZJ8871W""}]",2026-08-31T18:53:35.143806,2026-08-31T18:53:35.143809
PERSON-000842,Ramesh Dutta,MALE,1979-09-18,46,"797, MG Road, Sector 15, Mumbai, Maharashtra - 442035",Mumbai,Maharashtra,+91-9895877126,ramesh.dutta842@mail.com,Electrician,Indian,[],"[{""id_type"": ""AADHAAR"", ""id_number"": ""6297-1815-5597""}, {""id_type"": ""PAN"", ""id_number"": ""DNBJV9690M""}]",2026-08-31T18:53:35.143839,2026-08-31T18:53:35.143841
PERSON-000843,Priya Menon,FEMALE,1977-04-02,49,"761, MG Road, Sector 28, Central Delhi, Delhi - 434087",Central Delhi,Delhi,+91-9749932451,,Teacher,Indian,[],"[{""id_type"": ""AADHAAR"", ""id_number"": ""9697-2996-2374""}, {""id_type"": ""PAN"", ""id_number"": ""CYFTJ4816C""}]",2026-08-31T18:53:35.143860,2026-08-31T18:53:35.143862
PERSON-000844,Nirmala Bhatt,FEMALE,1961-02-22,65,"871, MG Road, Sector 23, Bangalore, Karnataka - 542246",Bangalore,Karnataka,+91-9589180651,,Homemaker,Indian,[],"[{""id_type"": ""AADHAAR"", ""id_number"": ""7218-1276-7975""}, {""id_type"": ""PAN"", ""id_number"": ""QROGG1247C""}]",2026-08-31T18:53:35.143877,2026-08-31T18:53:35.143879
PERSON-000845,Yashoda Das,FEMALE,1982-08-29,44,"993, MG Road, Sector 3, Chennai, Tamil Nadu - 542704",Chennai,Tamil Nadu,+91-9979664276,,Businessman,Indian,"[""Mole on right shoulder"", ""Scar on forehead""]","[{""id_type"": ""AADHAAR"", ""id_number"": ""8430-2562-6007""}, {""id_type"": ""PAN"", ""id_number"": ""YLMOS8070P""}]",2026-08-31T18:53:35.143899,2026-08-31T18:53:35.143901
PERSON-000846,Meera Kumar,FEMALE,1957-06-01,69,"38, MG Road, Sector 7, Pune, Maharashtra - 637240",Pune,Maharashtra,+91-9845101257,meera.kumar846@mail.com,Bank Employee,Indian,"[""Mole on forehead"", ""Scar on right palm""]","[{""id_type"": ""AADHAAR"", ""id_number"": ""9053-3895-1780""}, {""id_type"": ""PAN"", ""id_number"": ""CJFLT1583J""}]",2026-08-31T18:53:35.143921,2026-08-31T18:53:35.143922
PERSON-000847,Karan Joshi,MALE,1975-05-25,51,"450, MG Road, Sector 17, Chennai, Tamil Nadu - 670304",Chennai,Tamil Nadu,+91-9896236249,karan.joshi847@mail.com,Lawyer,Indian,[],"[{""id_type"": ""AADHAAR"", ""id_number"": ""3011-8594-1473""}, {""id_type"": ""PAN"", ""id_number"": ""RSJZC4748W""}]",2026-08-31T18:53:35.143938,2026-08-31T18:53:35.143940
PERSON-000848,Aditya Rao,MALE,2004-06-05,22,"801, MG Road, Sector 5, Pune, Maharashtra - 469591",Pune,Maharashtra,+91-9859271428,aditya.rao848@mail.com,Civil Engineer,Indian,"[""Mole on forehead"", ""Scar on right palm""]","[{""id_type"": ""AADHAAR"", ""id_number"": ""6569-1663-1197""}, {""id_type"": ""PAN"", ""id_number"": ""XOGFN7824W""}]",2026-08-31T18:53:35.143956,2026-08-31T18:53:35.143958
PERSON-000849,Nirmala Patil,FEMALE,1964-06-25,62,"556, MG Road, Sector 21, Lucknow, Uttar Pradesh - 410755",Lucknow,Uttar Pradesh,+91-9405922897,,Accountant,Indian,"[""Mole on right shoulder"", ""Scar on forehead""]","[{""id_type"": ""AADHAAR"", ""id_number"": ""4985-2018-9395""}, {""id_type"": ""PAN"", ""id_number"": ""HZPCK2366G""}]",2026-08-31T18:53:35.143975,2026-08-31T18:53:35.143976
PERSON-000850,Ananya Chauhan,FEMALE,1962-11-28,63,"757, MG Road, Sector 12, Bangalore, Karnataka - 568745",Bangalore,Karnataka,+91-9292853973,ananya.chauhan850@mail.com,Lawyer,Indian,"[""Mole on right shoulder"", ""Scar on right palm""]","[{""id_type"": ""AADHAAR"", ""id_number"": ""7765-8272-5227""}, {""id_type"": ""PAN"", ""id_number"": ""EESYE7073W""}]",2026-08-31T18:53:35.143994,2026-08-31T18:53:35.143995
PERSON-000851,Nirmala Rao,FEMALE,2000-08-10,26,"915, MG Road, Sector 28, Central Delhi, Delhi - 600305",Central Delhi,Delhi,+91-9112152389,nirmala.rao851@mail.com,Electrician,Indian,"[""Mole on forehead"", ""Scar on forehead""]","[{""id_type"": ""AADHAAR"", ""id_number"": ""3124-9317-1624""}, {""id_type"": ""PAN"", ""id_number"": ""UWVQR3588A""}]",2026-08-31T18:53:35.144015,2026-08-31T18:53:35.144018
PERSON-000852,Geeta Rao,FEMALE,1961-02-17,65,"836, MG Road, Sector 10, Lucknow, Uttar Pradesh - 433553",Lucknow,Uttar Pradesh,+91-9344328798,geeta.rao852@mail.com,Teacher,Indian,"[""Mole on forehead"", ""Scar on right palm""]","[{""id_type"": ""AADHAAR"", ""id_number"": ""6236-8193-2711""}, {""id_type"": ""PAN"", ""id_number"": ""SEYHZ8175P""}]",2026-08-31T18:53:35.144035,2026-08-31T18:53:35.144037
PERSON-000853,Umesh Malik,MALE,1953-06-23,73,"4, MG Road, Sector 5, Chennai, Tamil Nadu - 473690",Chennai,Tamil Nadu,+91-9876915667,,Civil Engineer,Indian,"[""Mole on chin"", ""Scar on left knee""]","[{""id_type"": ""AADHAAR"", ""id_number"": ""2439-5902-6338""}, {""id_type"": ""PAN"", ""id_number"": ""KFFSP9444V""}]",2026-08-31T18:53:35.144056,2026-08-31T18:53:35.144058
PERSON-000854,Sunita Saxena,FEMALE,1991-04-10,35,"699, MG Road, Sector 16, Jaipur, Rajasthan - 432619",Jaipur,Rajasthan,+91-9657695968,sunita.saxena854@mail.com,Software Engineer,Indian,"[""Mole on forehead"", ""Scar on left knee""]","[{""id_type"": ""AADHAAR"", ""id_number"": ""8486-2858-2376""}, {""id_type"": ""PAN"", ""id_number"": ""QQDFN6099W""}]",2026-08-31T18:53:35.144076,2026-08-31T18:53:35.144077
PERSON-000855,Abhishek Bhowmick,MALE,1963-10-06,62,"674, MG Road, Sector 28, Central Delhi, Delhi - 442831",Central Delhi,Delhi,+91-9672724721,abhishek.bhowmick855@mail.com,Driver,Indian,[],"[{""id_type"": ""AADHAAR"", ""id_number"": ""3731-4883-5883""}, {""id_type"": ""PAN"", ""id_number"": ""MCTAV2040X""}]",2026-08-31T18:53:35.144101,2026-08-31T18:53:35.144103
PERSON-000856,Asha Mehta,FEMALE,1955-06-14,71,"379, MG Road, Sector 1, Kolkata, West Bengal - 552898",Kolkata,West Bengal,+91-9835638344,,Civil Engineer,Indian,"[""Mole on chin"", ""Scar on right palm""]","[{""id_type"": ""AADHAAR"", ""id_number"": ""6279-2227-2798""}, {""id_type"": ""PAN"", ""id_number"": ""RXEDQ8561T""}]",2026-08-31T18:53:35.144146,2026-08-31T18:53:35.144151
PERSON-000857,Devendra Malik,MALE,1999-04-10,27,"801, MG Road, Sector 24, Kolkata, West Bengal - 404865",Kolkata,West Bengal,+91-9283275087,devendra.malik857@mail.com,Businessman,Indian,[],"[{""id_type"": ""AADHAAR"", ""id_number"": ""2685-1415-4956""}, {""id_type"": ""PAN"", ""id_number"": ""BTYBR7772Z""}]",2026-08-31T18:53:35.144194,2026-08-31T18:53:35.144196
PERSON-000858,Jyoti Patil,FEMALE,1963-09-21,62,"691, MG Road, Sector 13, Jaipur, Rajasthan - 509971",Jaipur,Rajasthan,+91-9967836855,,Teacher,Indian,[],"[{""id_type"": ""AADHAAR"", ""id_number"": ""4041-1303-9703""}, {""id_type"": ""PAN"", ""id_number"": ""ZWXZV9934P""}]",2026-08-31T18:53:35.144236,2026-08-31T18:53:35.144241
PERSON-000859,Manju Malik,FEMALE,2004-04-02,22,"595, MG Road, Sector 22, Chennai, Tamil Nadu - 623397",Chennai,Tamil Nadu,+91-9862398757,manju.malik859@mail.com,Driver,Indian,[],"[{""id_type"": ""AADHAAR"", ""id_number"": ""9375-2694-5608""}, {""id_type"": ""PAN"", ""id_number"": ""SCVSG7187W""}]",2026-08-31T18:53:35.144283,2026-08-31T18:53:35.144287
PERSON-000860,Swati Singh,FEMALE,1992-01-26,34,"886, MG Road, Sector 29, Pune, Maharashtra - 550200",Pune,Maharashtra,+91-9739930893,swati.singh860@mail.com,Software Engineer,Indian,[],"[{""id_type"": ""AADHAAR"", ""id_number"": ""9871-2969-9514""}, {""id_type"": ""PAN"", ""id_number"": ""EONCO5611R""}]",2026-08-31T18:53:35.144319,2026-08-31T18:53:35.144322
PERSON-000861,Pankaj Pandey,MALE,1971-10-08,54,"932, MG Road, Sector 29, Thiruvananthapuram, Kerala - 487098",Thiruvananthapuram,Kerala,+91-9128115541,pankaj.pandey861@mail.com,Farmer,Indian,[],"[{""id_type"": ""AADHAAR"", ""id_number"": ""2019-3196-9161""}, {""id_type"": ""PAN"", ""id_number"": ""FBVOM5646R""}]",2026-08-31T18:53:35.144352,2026-08-31T18:53:35.144355
PERSON-000862,Nirmala Reddy,FEMALE,1997-06-05,29,"140, MG Road, Sector 3, Ahmedabad, Gujarat - 657548",Ahmedabad,Gujarat,+91-9895396600,nirmala.reddy862@mail.com,Journalist,Indian,"[""Mole on left cheek"", ""Scar on left knee""]","[{""id_type"": ""AADHAAR"", ""id_number"": ""6588-6406-1001""}, {""id_type"": ""PAN"", ""id_number"": ""CBJSC2206F""}]",2026-08-31T18:53:35.144405,2026-08-31T18:53:35.144408
PERSON-000863,Sunita Chatterjee,FEMALE,2001-02-12,25,"326, MG Road, Sector 23, Bangalore, Karnataka - 604422",Bangalore,Karnataka,+91-9595675562,sunita.chatterjee863@mail.com,Businessman,Indian,[],"[{""id_type"": ""AADHAAR"", ""id_number"": ""9634-4838-4250""}, {""id_type"": ""PAN"", ""id_number"": ""FFCGS5016A""}]",2026-08-31T18:53:35.144458,2026-08-31T18:53:35.144464
PERSON-000864,Nikhil Bhowmick,MALE,1967-11-20,58,"18, MG Road, Sector 12, Thiruvananthapuram, Kerala - 534796",Thiruvananthapuram,Kerala,+91-9363637107,nikhil.bhowmick864@mail.com,Software Engineer,Indian,[],"[{""id_type"": ""AADHAAR"", ""id_number"": ""7773-4240-1852""}, {""id_type"": ""PAN"", ""id_number"": ""STRNZ7898Q""}]",2026-08-31T18:53:35.144502,2026-08-31T18:53:35.144505
PERSON-000865,Divya Gowda,FEMALE,2005-06-22,21,"276, MG Road, Sector 9, Chennai, Tamil Nadu - 673215",Chennai,Tamil Nadu,+91-9758098312,divya.gowda865@mail.com,Businessman,Indian,"[""Mole on left cheek"", ""Scar on left knee""]","[{""id_type"": ""AADHAAR"", ""id_number"": ""4418-3428-9126""}, {""id_type"": ""PAN"", ""id_number"": ""RZYKD9208S""}]",2026-08-31T18:53:35.144538,2026-08-31T18:53:35.144540
PERSON-000866,Nandini Singh,FEMALE,1955-12-18,70,"439, MG Road, Sector 22, Mumbai, Maharashtra - 576238",Mumbai,Maharashtra,+91-9275890343,,Shopkeeper,Indian,"[""Mole on left cheek"", ""Scar on forehead""]","[{""id_type"": ""AADHAAR"", ""id_number"": ""6438-4286-4149""}, {""id_type"": ""PAN"", ""id_number"": ""LLJVH8903J""}]",2026-08-31T18:53:35.144570,2026-08-31T18:53:35.144573
PERSON-000867,Arjun Saxena,MALE,2004-02-20,22,"900, MG Road, Sector 21, Pune, Maharashtra - 601125",Pune,Maharashtra,+91-9358621577,,Accountant,Indian,"[""Mole on forehead"", ""Scar on left knee""]","[{""id_type"": ""AADHAAR"", ""id_number"": ""5432-4050-9050""}, {""id_type"": ""PAN"", ""id_number"": ""YPMTH5224W""}]",2026-08-31T18:53:35.144631,2026-08-31T18:53:35.144635
PERSON-000868,Savita Sharma,FEMALE,1995-03-27,31,"69, MG Road, Sector 22, Bangalore, Karnataka - 623403",Bangalore,Karnataka,+91-9763790148,,Security Guard,Indian,[],"[{""id_type"": ""AADHAAR"", ""id_number"": ""2432-7277-9929""}, {""id_type"": ""PAN"", ""id_number"": ""EJVYN5516D""}]",2026-08-31T18:53:35.144669,2026-08-31T18:53:35.144672
PERSON-000869,Geeta Chatterjee,FEMALE,1966-12-16,59,"721, MG Road, Sector 21, Chennai, Tamil Nadu - 588497",Chennai,Tamil Nadu,+91-9483626809,geeta.chatterjee869@mail.com,Shopkeeper,Indian,"[""Mole on left cheek"", ""Scar on left knee""]","[{""id_type"": ""AADHAAR"", ""id_number"": ""9317-7591-9279""}, {""id_type"": ""PAN"", ""id_number"": ""BOVQR7807C""}]",2026-08-31T18:53:35.144705,2026-08-31T18:53:35.144708
PERSON-000870,Shweta Das,FEMALE,1960-04-20,66,"875, MG Road, Sector 18, Jaipur, Rajasthan - 580066",Jaipur,Rajasthan,+91-9581778593,shweta.das870@mail.com,Security Guard,Indian,[],"[{""id_type"": ""AADHAAR"", ""id_number"": ""9336-6217-7434""}, {""id_type"": ""PAN"", ""id_number"": ""NIONN5655D""}]",2026-08-31T18:53:35.144741,2026-08-31T18:53:35.144744
PERSON-000871,Mahesh Kumar,MALE,1976-05-24,50,"940, MG Road, Sector 3, Mumbai, Maharashtra - 542047",Mumbai,Maharashtra,+91-9305221540,mahesh.kumar871@mail.com,Accountant,Indian,[],"[{""id_type"": ""AADHAAR"", ""id_number"": ""3856-1822-6837""}, {""id_type"": ""PAN"", ""id_number"": ""MATSL4470O""}]",2026-08-31T18:53:35.144775,2026-08-31T18:53:35.144777
PERSON-000872,Yogesh Naidu,MALE,1960-08-21,66,"356, MG Road, Sector 21, Jaipur, Rajasthan - 651073",Jaipur,Rajasthan,+91-9333089468,,Government Servant,Indian,[],"[{""id_type"": ""AADHAAR"", ""id_number"": ""2827-7449-8352""}, {""id_type"": ""PAN"", ""id_number"": ""GQEUF4733S""}]",2026-08-31T18:53:35.144811,2026-08-31T18:53:35.144814
PERSON-000873,Lata Bhowmick,FEMALE,1966-03-22,60,"463, MG Road, Sector 26, Pune, Maharashtra - 437655",Pune,Maharashtra,+91-9387731353,,Teacher,Indian,[],"[{""id_type"": ""AADHAAR"", ""id_number"": ""5651-2450-1548""}, {""id_type"": ""PAN"", ""id_number"": ""TIYFZ2730Z""}]",2026-08-31T18:53:35.144850,2026-08-31T18:53:35.144853
PERSON-000874,Lata Kumar,FEMALE,1969-07-24,57,"16, MG Road, Sector 4, Kolkata, West Bengal - 402151",Kolkata,West Bengal,+91-9731163413,,Student,Indian,"[""Mole on forehead"", ""Scar on left knee""]","[{""id_type"": ""AADHAAR"", ""id_number"": ""5527-6361-8627""}, {""id_type"": ""PAN"", ""id_number"": ""OBLGO4221I""}]",2026-08-31T18:53:35.144890,2026-08-31T18:53:35.144895
PERSON-000875,Priya Mishra,FEMALE,1955-01-23,71,"285, MG Road, Sector 7, Mumbai, Maharashtra - 449367",Mumbai,Maharashtra,+91-9684650173,priya.mishra875@mail.com,Accountant,Indian,"[""Mole on forehead"", ""Scar on left knee""]","[{""id_type"": ""AADHAAR"", ""id_number"": ""9961-6877-7639""}, {""id_type"": ""PAN"", ""id_number"": ""ZFOTS9759K""}]",2026-08-31T18:53:35.144943,2026-08-31T18:53:35.144946
PERSON-000876,Shanti Kulkarni,FEMALE,1964-03-29,62,"83, MG Road, Sector 3, Mumbai, Maharashtra - 493787",Mumbai,Maharashtra,+91-9444742816,shanti.kulkarni876@mail.com,Driver,Indian,[],"[{""id_type"": ""AADHAAR"", ""id_number"": ""2399-8618-6056""}, {""id_type"": ""PAN"", ""id_number"": ""GCXIM9528N""}]",2026-08-31T18:53:35.144979,2026-08-31T18:53:35.144982
PERSON-000877,Nikhil Singh,MALE,2001-10-14,24,"454, MG Road, Sector 9, Jaipur, Rajasthan - 603781",Jaipur,Rajasthan,+91-9342801241,nikhil.singh877@mail.com,Student,Indian,[],"[{""id_type"": ""AADHAAR"", ""id_number"": ""8627-4632-4421""}, {""id_type"": ""PAN"", ""id_number"": ""SBADI1821T""}]",2026-08-31T18:53:35.145013,2026-08-31T18:53:35.145016
PERSON-000878,Bhaskar Shukla,MALE,1966-08-04,60,"704, MG Road, Sector 5, Lucknow, Uttar Pradesh - 565362",Lucknow,Uttar Pradesh,+91-9668728592,bhaskar.shukla878@mail.com,Student,Indian,[],"[{""id_type"": ""AADHAAR"", ""id_number"": ""7727-5119-8922""}, {""id_type"": ""PAN"", ""id_number"": ""CJPDJ3802H""}]",2026-08-31T18:53:35.145057,2026-08-31T18:53:35.145060
PERSON-000879,Rohan Singh,MALE,2003-08-29,23,"5, MG Road, Sector 24, Central Delhi, Delhi - 455523",Central Delhi,Delhi,+91-9433677408,rohan.singh879@mail.com,Driver,Indian,[],"[{""id_type"": ""AADHAAR"", ""id_number"": ""4592-6236-6983""}, {""id_type"": ""PAN"", ""id_number"": ""AQLZW3967E""}]",2026-08-31T18:53:35.145090,2026-08-31T18:53:35.145093
PERSON-000880,Payal Patil,FEMALE,2000-01-28,26,"736, MG Road, Sector 30, Thiruvananthapuram, Kerala - 401926",Thiruvananthapuram,Kerala,+91-9291490262,,Doctor,Indian,[],"[{""id_type"": ""AADHAAR"", ""id_number"": ""4019-5701-4587""}, {""id_type"": ""PAN"", ""id_number"": ""KHPLT3110V""}]",2026-08-31T18:53:35.145120,2026-08-31T18:53:35.145122
PERSON-000881,Radha Iyer,FEMALE,2006-12-02,19,"788, MG Road, Sector 19, Lucknow, Uttar Pradesh - 574032",Lucknow,Uttar Pradesh,+91-9355211567,radha.iyer881@mail.com,Bank Employee,Indian,[],"[{""id_type"": ""AADHAAR"", ""id_number"": ""9705-5161-7930""}, {""id_type"": ""PAN"", ""id_number"": ""HVISS8500Y""}]",2026-08-31T18:53:35.145149,2026-08-31T18:53:35.145152
PERSON-000882,Radha Menon,FEMALE,1977-08-01,49,"384, MG Road, Sector 25, Jaipur, Rajasthan - 484486",Jaipur,Rajasthan,+91-9963531764,,Homemaker,Indian,"[""Mole on left cheek"", ""Scar on forehead""]","[{""id_type"": ""AADHAAR"", ""id_number"": ""5573-9238-3717""}, {""id_type"": ""PAN"", ""id_number"": ""OIXEL4994B""}]",2026-08-31T18:53:35.145297,2026-08-31T18:53:35.145306
PERSON-000883,Manoj Malik,MALE,1993-05-23,33,"381, MG Road, Sector 2, Pune, Maharashtra - 589509",Pune,Maharashtra,+91-9409933707,manoj.malik883@mail.com,Government Servant,Indian,"[""Mole on left cheek"", ""Scar on right palm""]","[{""id_type"": ""AADHAAR"", ""id_number"": ""8298-9308-2793""}, {""id_type"": ""PAN"", ""id_number"": ""JPRCY6058C""}]",2026-08-31T18:53:35.145367,2026-08-31T18:53:35.145370
PERSON-000884,Dinesh Mishra,MALE,1991-07-26,35,"342, MG Road, Sector 23, Kolkata, West Bengal - 617563",Kolkata,West Bengal,+91-9153914477,dinesh.mishra884@mail.com,Homemaker,Indian,[],"[{""id_type"": ""AADHAAR"", ""id_number"": ""4066-4485-3228""}, {""id_type"": ""PAN"", ""id_number"": ""HBFQF5146V""}]",2026-08-31T18:53:35.145409,2026-08-31T18:53:35.145412
PERSON-000885,Indu Saxena,FEMALE,2008-04-05,18,"448, MG Road, Sector 24, Pune, Maharashtra - 514808",Pune,Maharashtra,+91-9956877338,indu.saxena885@mail.com,Doctor,Indian,[],"[{""id_type"": ""AADHAAR"", ""id_number"": ""3360-5319-2065""}, {""id_type"": ""PAN"", ""id_number"": ""LTCBS9192Y""}]",2026-08-31T18:53:35.145447,2026-08-31T18:53:35.145453
PERSON-000886,Kavita Menon,FEMALE,1953-11-06,72,"840, MG Road, Sector 25, Thiruvananthapuram, Kerala - 581770",Thiruvananthapuram,Kerala,+91-9857935597,,Homemaker,Indian,"[""Mole on left cheek"", ""Scar on left knee""]","[{""id_type"": ""AADHAAR"", ""id_number"": ""6823-5576-2497""}, {""id_type"": ""PAN"", ""id_number"": ""DZMPU8797C""}]",2026-08-31T18:53:35.145495,2026-08-31T18:53:35.145498
PERSON-000887,Bhavna Pillai,FEMALE,1987-08-05,39,"796, MG Road, Sector 12, Pune, Maharashtra - 692980",Pune,Maharashtra,+91-9848809164,,Driver,Indian,"[""Mole on forehead"", ""Scar on left knee""]","[{""id_type"": ""AADHAAR"", ""id_number"": ""5303-4253-9548""}, {""id_type"": ""PAN"", ""id_number"": ""THLWQ7646E""}]",2026-08-31T18:53:35.145532,2026-08-31T18:53:35.145535
PERSON-000888,Alok Patel,MALE,1993-08-16,33,"742, MG Road, Sector 25, Chennai, Tamil Nadu - 467999",Chennai,Tamil Nadu,+91-9898310171,alok.patel888@mail.com,Accountant,Indian,[],"[{""id_type"": ""AADHAAR"", ""id_number"": ""4271-9702-2944""}, {""id_type"": ""PAN"", ""id_number"": ""RVIAR3225L""}]",2026-08-31T18:53:35.145572,2026-08-31T18:53:35.145575
PERSON-000889,Savita Singh,FEMALE,1968-10-04,57,"939, MG Road, Sector 20, Lucknow, Uttar Pradesh - 542914",Lucknow,Uttar Pradesh,+91-9910637378,savita.singh889@mail.com,Security Guard,Indian,"[""Mole on left cheek"", ""Scar on right palm""]","[{""id_type"": ""AADHAAR"", ""id_number"": ""2370-9921-5247""}, {""id_type"": ""PAN"", ""id_number"": ""JXCCV6643R""}]",2026-08-31T18:53:35.145631,2026-08-31T18:53:35.145635
PERSON-000890,Gaurav Joshi,MALE,1954-02-01,72,"924, MG Road, Sector 19, Chennai, Tamil Nadu - 592967",Chennai,Tamil Nadu,+91-9825153102,gaurav.joshi890@mail.com,Shopkeeper,Indian,[],"[{""id_type"": ""AADHAAR"", ""id_number"": ""7993-1745-4719""}, {""id_type"": ""PAN"", ""id_number"": ""CNQZI9293T""}]",2026-08-31T18:53:35.145671,2026-08-31T18:53:35.145674
PERSON-000891,Aarti Deshmukh,FEMALE,1996-08-22,30,"706, MG Road, Sector 25, Chennai, Tamil Nadu - 463073",Chennai,Tamil Nadu,+91-9398510759,aarti.deshmukh891@mail.com,Journalist,Indian,[],"[{""id_type"": ""AADHAAR"", ""id_number"": ""9806-2830-1967""}, {""id_type"": ""PAN"", ""id_number"": ""NKDFD5880J""}]",2026-08-31T18:53:35.145705,2026-08-31T18:53:35.145708
PERSON-000892,Vijay Yadav,MALE,2002-01-09,24,"820, MG Road, Sector 4, Thiruvananthapuram, Kerala - 449681",Thiruvananthapuram,Kerala,+91-9219076478,vijay.yadav892@mail.com,Civil Engineer,Indian,[],"[{""id_type"": ""AADHAAR"", ""id_number"": ""7207-7335-2780""}, {""id_type"": ""PAN"", ""id_number"": ""BGEIM5503J""}]",2026-08-31T18:53:35.145739,2026-08-31T18:53:35.145742
PERSON-000893,Shanti Singh,FEMALE,1983-12-16,42,"690, MG Road, Sector 5, Ahmedabad, Gujarat - 585113",Ahmedabad,Gujarat,+91-9975692748,shanti.singh893@mail.com,Contractor,Indian,"[""Mole on forehead"", ""Scar on right palm""]","[{""id_type"": ""AADHAAR"", ""id_number"": ""9139-6465-1907""}, {""id_type"": ""PAN"", ""id_number"": ""RMREP2002P""}]",2026-08-31T18:53:35.145835,2026-08-31T18:53:35.145844
PERSON-000894,Indu Singh,FEMALE,2001-10-02,24,"347, MG Road, Sector 12, Bangalore, Karnataka - 407600",Bangalore,Karnataka,+91-9512074406,indu.singh894@mail.com,Student,Indian,[],"[{""id_type"": ""AADHAAR"", ""id_number"": ""7285-1723-7804""}, {""id_type"": ""PAN"", ""id_number"": ""YNFWQ1660L""}]",2026-08-31T18:53:35.145892,2026-08-31T18:53:35.145904
PERSON-000895,Vidya Deshmukh,FEMALE,1960-02-26,66,"928, MG Road, Sector 17, Thiruvananthapuram, Kerala - 529428",Thiruvananthapuram,Kerala,+91-9539897474,vidya.deshmukh895@mail.com,Electrician,Indian,"[""Mole on right shoulder"", ""Scar on left knee""]","[{""id_type"": ""AADHAAR"", ""id_number"": ""7118-3489-3787""}, {""id_type"": ""PAN"", ""id_number"": ""MSQXS8630C""}]",2026-08-31T18:53:35.145957,2026-08-31T18:53:35.145960
PERSON-000896,Satish Sharma,MALE,1987-05-02,39,"586, MG Road, Sector 2, Lucknow, Uttar Pradesh - 464001",Lucknow,Uttar Pradesh,+91-9752582731,,Businessman,Indian,[],"[{""id_type"": ""AADHAAR"", ""id_number"": ""9372-6629-4128""}, {""id_type"": ""PAN"", ""id_number"": ""UGOZS4291Z""}]",2026-08-31T18:53:35.145996,2026-08-31T18:53:35.145998
PERSON-000897,Rakesh Iyer,MALE,1983-06-20,43,"680, MG Road, Sector 20, Jaipur, Rajasthan - 640336",Jaipur,Rajasthan,+91-9819101093,rakesh.iyer897@mail.com,Farmer,Indian,[],"[{""id_type"": ""AADHAAR"", ""id_number"": ""7174-6719-5549""}, {""id_type"": ""PAN"", ""id_number"": ""YSFPT6500O""}]",2026-08-31T18:53:35.146030,2026-08-31T18:53:35.146033
PERSON-000898,Deepak Shukla,MALE,1988-06-11,38,"789, MG Road, Sector 6, Central Delhi, Delhi - 579941",Central Delhi,Delhi,+91-9638124439,,Shopkeeper,Indian,"[""Mole on forehead"", ""Scar on forehead""]","[{""id_type"": ""AADHAAR"", ""id_number"": ""5172-6977-6138""}, {""id_type"": ""PAN"", ""id_number"": ""QFCTK9525Z""}]",2026-08-31T18:53:35.146075,2026-08-31T18:53:35.146078
PERSON-000899,Vidya Dubey,FEMALE,1989-01-03,37,"369, MG Road, Sector 17, Chennai, Tamil Nadu - 401673",Chennai,Tamil Nadu,+91-9649704232,,Shopkeeper,Indian,[],"[{""id_type"": ""AADHAAR"", ""id_number"": ""7729-7594-3690""}, {""id_type"": ""PAN"", ""id_number"": ""DXSPB5837L""}]",2026-08-31T18:53:35.146111,2026-08-31T18:53:35.146114
PERSON-000900,Sunil Rao,MALE,1954-06-29,72,"222, MG Road, Sector 26, Central Delhi, Delhi - 573062",Central Delhi,Delhi,+91-9233161454,sunil.rao900@mail.com,Accountant,Indian,[],"[{""id_type"": ""AADHAAR"", ""id_number"": ""6401-3009-8739""}, {""id_type"": ""PAN"", ""id_number"": ""PECDB4474A""}]",2026-08-31T18:53:35.146142,2026-08-31T18:53:35.146145
PERSON-000901,Ananya Kulkarni,FEMALE,2006-01-14,20,"575, MG Road, Sector 15, Thiruvananthapuram, Kerala - 407794",Thiruvananthapuram,Kerala,+91-9259273818,,Businessman,Indian,[],"[{""id_type"": ""AADHAAR"", ""id_number"": ""9451-3139-3589""}, {""id_type"": ""PAN"", ""id_number"": ""EMVTJ6277U""}]",2026-08-31T18:53:35.146171,2026-08-31T18:53:35.146174
PERSON-000902,Suman Dutta,FEMALE,1996-03-14,30,"444, MG Road, Sector 4, Pune, Maharashtra - 622090",Pune,Maharashtra,+91-9653567594,suman.dutta902@mail.com,Teacher,Indian,[],"[{""id_type"": ""AADHAAR"", ""id_number"": ""7167-5565-9320""}, {""id_type"": ""PAN"", ""id_number"": ""UMZHT8075S""}]",2026-08-31T18:53:35.146200,2026-08-31T18:53:35.146203
PERSON-000903,Mukesh Bhowmick,MALE,2008-08-29,18,"528, MG Road, Sector 4, Chennai, Tamil Nadu - 484227",Chennai,Tamil Nadu,+91-9512688867,mukesh.bhowmick903@mail.com,Electrician,Indian,[],"[{""id_type"": ""AADHAAR"", ""id_number"": ""7379-4586-3482""}, {""id_type"": ""PAN"", ""id_number"": ""WWQBB6317S""}]",2026-08-31T18:53:35.146237,2026-08-31T18:53:35.146242
PERSON-000904,Sunil Dutta,MALE,1987-03-25,39,"279, MG Road, Sector 20, Kolkata, West Bengal - 576898",Kolkata,West Bengal,+91-9130075908,,Shopkeeper,Indian,[],"[{""id_type"": ""AADHAAR"", ""id_number"": ""5332-6581-1891""}, {""id_type"": ""PAN"", ""id_number"": ""QADMP8888M""}]",2026-08-31T18:53:35.146297,2026-08-31T18:53:35.146300
PERSON-000905,Asha Pillai,FEMALE,1957-12-16,68,"223, MG Road, Sector 23, Bangalore, Karnataka - 559794",Bangalore,Karnataka,+91-9761995864,asha.pillai905@mail.com,Businessman,Indian,[],"[{""id_type"": ""AADHAAR"", ""id_number"": ""4530-3779-1760""}, {""id_type"": ""PAN"", ""id_number"": ""KPLRZ5302M""}]",2026-08-31T18:53:35.146335,2026-08-31T18:53:35.146339
PERSON-000906,Ravi Mishra,MALE,1951-03-08,75,"988, MG Road, Sector 16, Mumbai, Maharashtra - 522272",Mumbai,Maharashtra,+91-9327821824,,Lawyer,Indian,"[""Mole on left cheek"", ""Scar on forehead""]","[{""id_type"": ""AADHAAR"", ""id_number"": ""3448-8190-8034""}, {""id_type"": ""PAN"", ""id_number"": ""SQTKR1573M""}]",2026-08-31T18:53:35.146373,2026-08-31T18:53:35.146376
PERSON-000907,Krutika Menon,FEMALE,1981-04-26,45,"207, MG Road, Sector 24, Pune, Maharashtra - 491679",Pune,Maharashtra,+91-9985223403,krutika.menon907@mail.com,Journalist,Indian,[],"[{""id_type"": ""AADHAAR"", ""id_number"": ""9593-4785-5439""}, {""id_type"": ""PAN"", ""id_number"": ""RSXWY8833V""}]",2026-08-31T18:53:35.146406,2026-08-31T18:53:35.146409
PERSON-000908,Meera Verma,FEMALE,1970-09-26,55,"351, MG Road, Sector 16, Ahmedabad, Gujarat - 698736",Ahmedabad,Gujarat,+91-9755718027,meera.verma908@mail.com,Accountant,Indian,[],"[{""id_type"": ""AADHAAR"", ""id_number"": ""2165-5061-1175""}, {""id_type"": ""PAN"", ""id_number"": ""REVPT7977O""}]",2026-08-31T18:53:35.146458,2026-08-31T18:53:35.146462
PERSON-000909,Nikhil Naidu,MALE,1952-01-13,74,"838, MG Road, Sector 27, Bangalore, Karnataka - 436982",Bangalore,Karnataka,+91-9453300577,nikhil.naidu909@mail.com,Homemaker,Indian,"[""Mole on chin"", ""Scar on left knee""]","[{""id_type"": ""AADHAAR"", ""id_number"": ""7630-1317-3016""}, {""id_type"": ""PAN"", ""id_number"": ""DSWMU4575H""}]",2026-08-31T18:53:35.146496,2026-08-31T18:53:35.146498
PERSON-000910,Krutika Bansal,FEMALE,1956-06-18,70,"387, MG Road, Sector 28, Mumbai, Maharashtra - 653997",Mumbai,Maharashtra,+91-9304074415,krutika.bansal910@mail.com,Real Estate Agent,Indian,"[""Mole on chin"", ""Scar on right palm""]","[{""id_type"": ""AADHAAR"", ""id_number"": ""8847-7454-1198""}, {""id_type"": ""PAN"", ""id_number"": ""TJWID2896I""}]",2026-08-31T18:53:35.146536,2026-08-31T18:53:35.146538
PERSON-000911,Vidya Tiwari,FEMALE,1996-08-15,30,"172, MG Road, Sector 12, Bangalore, Karnataka - 563521",Bangalore,Karnataka,+91-9992026362,vidya.tiwari911@mail.com,Real Estate Agent,Indian,[],"[{""id_type"": ""AADHAAR"", ""id_number"": ""8124-5078-6122""}, {""id_type"": ""PAN"", ""id_number"": ""NDAUK6548O""}]",2026-08-31T18:53:35.146566,2026-08-31T18:53:35.146568
PERSON-000912,Ravi Verma,MALE,1959-05-03,67,"787, MG Road, Sector 27, Kolkata, West Bengal - 688627",Kolkata,West Bengal,+91-9385539667,,Homemaker,Indian,[],"[{""id_type"": ""AADHAAR"", ""id_number"": ""2314-7794-8561""}, {""id_type"": ""PAN"", ""id_number"": ""QFTQR5780I""}]",2026-08-31T18:53:35.146611,2026-08-31T18:53:35.146616
PERSON-000913,Swati Nair,FEMALE,1965-12-27,60,"698, MG Road, Sector 16, Bangalore, Karnataka - 426657",Bangalore,Karnataka,+91-9648773431,,Driver,Indian,[],"[{""id_type"": ""AADHAAR"", ""id_number"": ""9499-6810-1921""}, {""id_type"": ""PAN"", ""id_number"": ""XTDNR2461Y""}]",2026-08-31T18:53:35.146662,2026-08-31T18:53:35.146665
PERSON-000914,Ganesh Shetty,MALE,1957-02-28,69,"733, MG Road, Sector 11, Bangalore, Karnataka - 412219",Bangalore,Karnataka,+91-9393656332,,Teacher,Indian,[],"[{""id_type"": ""AADHAAR"", ""id_number"": ""2922-8952-3781""}, {""id_type"": ""PAN"", ""id_number"": ""IYUHY6464O""}]",2026-08-31T18:53:35.146698,2026-08-31T18:53:35.146701
PERSON-000915,Vinod Malik,MALE,1982-08-13,44,"422, MG Road, Sector 3, Jaipur, Rajasthan - 535393",Jaipur,Rajasthan,+91-9236122613,vinod.malik915@mail.com,Homemaker,Indian,[],"[{""id_type"": ""AADHAAR"", ""id_number"": ""6556-2534-4242""}, {""id_type"": ""PAN"", ""id_number"": ""TKSKR9785H""}]",2026-08-31T18:53:35.146740,2026-08-31T18:53:35.146744
PERSON-000916,Deepak Nair,MALE,2006-04-21,20,"401, MG Road, Sector 1, Chennai, Tamil Nadu - 522688",Chennai,Tamil Nadu,+91-9356979617,,Accountant,Indian,"[""Mole on chin"", ""Scar on left knee""]","[{""id_type"": ""AADHAAR"", ""id_number"": ""3296-6247-7271""}, {""id_type"": ""PAN"", ""id_number"": ""XJHQY1794F""}]",2026-08-31T18:53:35.146782,2026-08-31T18:53:35.146785
PERSON-000917,Aditya Shukla,MALE,1977-10-21,48,"295, MG Road, Sector 9, Mumbai, Maharashtra - 651626",Mumbai,Maharashtra,+91-9566943980,aditya.shukla917@mail.com,Mechanic,Indian,[],"[{""id_type"": ""AADHAAR"", ""id_number"": ""8781-9189-9387""}, {""id_type"": ""PAN"", ""id_number"": ""ZTFTH9308R""}]",2026-08-31T18:53:35.146816,2026-08-31T18:53:35.146818
PERSON-000918,Nirmala Reddy,FEMALE,1988-02-04,38,"47, MG Road, Sector 7, Mumbai, Maharashtra - 441451",Mumbai,Maharashtra,+91-9501182581,nirmala.reddy918@mail.com,Electrician,Indian,[],"[{""id_type"": ""AADHAAR"", ""id_number"": ""7226-9957-7446""}, {""id_type"": ""PAN"", ""id_number"": ""GFOHW5671P""}]",2026-08-31T18:53:35.146844,2026-08-31T18:53:35.146847
PERSON-000919,Arjun Dubey,MALE,1990-06-12,36,"679, MG Road, Sector 6, Jaipur, Rajasthan - 596776",Jaipur,Rajasthan,+91-9556985919,,Contractor,Indian,[],"[{""id_type"": ""AADHAAR"", ""id_number"": ""5615-7726-2790""}, {""id_type"": ""PAN"", ""id_number"": ""DJPEE7940Q""}]",2026-08-31T18:53:35.146883,2026-08-31T18:53:35.146888
PERSON-000920,Swati Kumar,FEMALE,1978-02-13,48,"181, MG Road, Sector 1, Pune, Maharashtra - 420576",Pune,Maharashtra,+91-9757297274,swati.kumar920@mail.com,Farmer,Indian,[],"[{""id_type"": ""AADHAAR"", ""id_number"": ""5010-1262-6188""}, {""id_type"": ""PAN"", ""id_number"": ""EYSPC8333G""}]",2026-08-31T18:53:35.146932,2026-08-31T18:53:35.146936
PERSON-000921,Sanjay Bhatt,MALE,1984-01-09,42,"370, MG Road, Sector 6, Lucknow, Uttar Pradesh - 586525",Lucknow,Uttar Pradesh,+91-9903676188,sanjay.bhatt921@mail.com,Unemployed,Indian,[],"[{""id_type"": ""AADHAAR"", ""id_number"": ""4454-3533-6290""}, {""id_type"": ""PAN"", ""id_number"": ""QITFI9341P""}]",2026-08-31T18:53:35.146978,2026-08-31T18:53:35.146981
PERSON-000922,Geeta Shetty,FEMALE,1974-01-16,52,"588, MG Road, Sector 28, Chennai, Tamil Nadu - 403556",Chennai,Tamil Nadu,+91-9134840807,geeta.shetty922@mail.com,Real Estate Agent,Indian,"[""Mole on chin"", ""Scar on forehead""]","[{""id_type"": ""AADHAAR"", ""id_number"": ""8385-2824-6254""}, {""id_type"": ""PAN"", ""id_number"": ""YYHEM8025J""}]",2026-08-31T18:53:35.147016,2026-08-31T18:53:35.147020
PERSON-000923,Karan Pandey,MALE,2003-12-07,22,"385, MG Road, Sector 13, Bangalore, Karnataka - 586592",Bangalore,Karnataka,+91-9809969061,karan.pandey923@mail.com,Mechanic,Indian,"[""Mole on left cheek"", ""Scar on forehead""]","[{""id_type"": ""AADHAAR"", ""id_number"": ""3892-8276-5971""}, {""id_type"": ""PAN"", ""id_number"": ""UBCEQ3789D""}]",2026-08-31T18:53:35.147059,2026-08-31T18:53:35.147062
PERSON-000924,Kiran Joshi,FEMALE,1983-04-16,43,"688, MG Road, Sector 18, Central Delhi, Delhi - 490422",Central Delhi,Delhi,+91-9339425531,kiran.joshi924@mail.com,Security Guard,Indian,"[""Mole on right shoulder"", ""Scar on forehead""]","[{""id_type"": ""AADHAAR"", ""id_number"": ""4969-3664-5480""}, {""id_type"": ""PAN"", ""id_number"": ""MTEDX8548J""}]",2026-08-31T18:53:35.147092,2026-08-31T18:53:35.147094
PERSON-000925,Neha Tiwari,FEMALE,1987-08-15,39,"630, MG Road, Sector 22, Chennai, Tamil Nadu - 576017",Chennai,Tamil Nadu,+91-9900373576,neha.tiwari925@mail.com,Electrician,Indian,"[""Mole on right shoulder"", ""Scar on left knee""]","[{""id_type"": ""AADHAAR"", ""id_number"": ""4405-3400-8508""}, {""id_type"": ""PAN"", ""id_number"": ""XFHIY7852M""}]",2026-08-31T18:53:35.147126,2026-08-31T18:53:35.147129
PERSON-000926,Pankaj Gowda,MALE,1997-12-23,28,"794, MG Road, Sector 3, Chennai, Tamil Nadu - 426777",Chennai,Tamil Nadu,+91-9451737724,pankaj.gowda926@mail.com,Businessman,Indian,"[""Mole on forehead"", ""Scar on left knee""]","[{""id_type"": ""AADHAAR"", ""id_number"": ""9545-9773-8766""}, {""id_type"": ""PAN"", ""id_number"": ""ESFOF5808X""}]",2026-08-31T18:53:35.147165,2026-08-31T18:53:35.147170
PERSON-000927,Swati Kumar,FEMALE,1979-07-16,47,"476, MG Road, Sector 2, Bangalore, Karnataka - 602259",Bangalore,Karnataka,+91-9492656548,swati.kumar927@mail.com,Government Servant,Indian,"[""Mole on right shoulder"", ""Scar on left knee""]","[{""id_type"": ""AADHAAR"", ""id_number"": ""4921-5231-4960""}, {""id_type"": ""PAN"", ""id_number"": ""MNDCV6904I""}]",2026-08-31T18:53:35.147218,2026-08-31T18:53:35.147221
PERSON-000928,Jyoti Shah,FEMALE,1952-10-08,73,"678, MG Road, Sector 5, Chennai, Tamil Nadu - 662805",Chennai,Tamil Nadu,+91-9145144886,jyoti.shah928@mail.com,Bank Employee,Indian,[],"[{""id_type"": ""AADHAAR"", ""id_number"": ""6045-4469-8834""}, {""id_type"": ""PAN"", ""id_number"": ""EFYKQ9031M""}]",2026-08-31T18:53:35.147259,2026-08-31T18:53:35.147261
PERSON-000929,Pankaj Bhatt,MALE,2008-05-22,18,"468, MG Road, Sector 2, Bangalore, Karnataka - 646652",Bangalore,Karnataka,+91-9231687407,pankaj.bhatt929@mail.com,Lawyer,Indian,[],"[{""id_type"": ""AADHAAR"", ""id_number"": ""8463-8344-5024""}, {""id_type"": ""PAN"", ""id_number"": ""PVFVP3442W""}]",2026-08-31T18:53:35.147294,2026-08-31T18:53:35.147297
PERSON-000930,Neha Bhowmick,FEMALE,1968-11-11,57,"162, MG Road, Sector 6, Chennai, Tamil Nadu - 691880",Chennai,Tamil Nadu,+91-9457833884,neha.bhowmick930@mail.com,Security Guard,Indian,[],"[{""id_type"": ""AADHAAR"", ""id_number"": ""5820-7982-4368""}, {""id_type"": ""PAN"", ""id_number"": ""RFBXE8364A""}]",2026-08-31T18:53:35.147330,2026-08-31T18:53:35.147333
PERSON-000931,Vijay Kumar,MALE,1989-11-18,36,"945, MG Road, Sector 5, Mumbai, Maharashtra - 546857",Mumbai,Maharashtra,+91-9507009737,vijay.kumar931@mail.com,Lawyer,Indian,"[""Mole on chin"", ""Scar on right palm""]","[{""id_type"": ""AADHAAR"", ""id_number"": ""6398-3205-5001""}, {""id_type"": ""PAN"", ""id_number"": ""IKFKB8009H""}]",2026-08-31T18:53:35.147370,2026-08-31T18:53:35.147372
PERSON-000932,Deepa Sharma,FEMALE,2001-05-25,25,"238, MG Road, Sector 18, Lucknow, Uttar Pradesh - 446793",Lucknow,Uttar Pradesh,+91-9975968670,,Shopkeeper,Indian,"[""Mole on forehead"", ""Scar on left knee""]","[{""id_type"": ""AADHAAR"", ""id_number"": ""4613-6316-1092""}, {""id_type"": ""PAN"", ""id_number"": ""OLKFU5716U""}]",2026-08-31T18:53:35.147400,2026-08-31T18:53:35.147403
PERSON-000933,Abhishek Malik,MALE,1999-01-19,27,"321, MG Road, Sector 5, Pune, Maharashtra - 468647",Pune,Maharashtra,+91-9943799022,abhishek.malik933@mail.com,Real Estate Agent,Indian,[],"[{""id_type"": ""AADHAAR"", ""id_number"": ""3679-1715-1222""}, {""id_type"": ""PAN"", ""id_number"": ""UIKXK2996V""}]",2026-08-31T18:53:35.147433,2026-08-31T18:53:35.147436
PERSON-000934,Rajesh Malik,MALE,1960-02-01,66,"106, MG Road, Sector 26, Mumbai, Maharashtra - 404615",Mumbai,Maharashtra,+91-9923900126,rajesh.malik934@mail.com,Teacher,Indian,"[""Mole on forehead"", ""Scar on right palm""]","[{""id_type"": ""AADHAAR"", ""id_number"": ""3163-9058-3649""}, {""id_type"": ""PAN"", ""id_number"": ""RTYEX8124H""}]",2026-08-31T18:53:35.147480,2026-08-31T18:53:35.147486
PERSON-000935,Siddharth Shetty,MALE,1979-04-10,47,"630, MG Road, Sector 12, Pune, Maharashtra - 561137",Pune,Maharashtra,+91-9621118354,siddharth.shetty935@mail.com,Real Estate Agent,Indian,"[""Mole on chin"", ""Scar on right palm""]","[{""id_type"": ""AADHAAR"", ""id_number"": ""7342-2821-2350""}, {""id_type"": ""PAN"", ""id_number"": ""QTNPY2777N""}]",2026-08-31T18:53:35.147530,2026-08-31T18:53:35.147533
PERSON-000936,Aarti Gupta,FEMALE,1997-06-25,29,"330, MG Road, Sector 28, Pune, Maharashtra - 515607",Pune,Maharashtra,+91-9924624991,aarti.gupta936@mail.com,Teacher,Indian,[],"[{""id_type"": ""AADHAAR"", ""id_number"": ""9369-4928-6696""}, {""id_type"": ""PAN"", ""id_number"": ""NNRYC2497B""}]",2026-08-31T18:53:35.147580,2026-08-31T18:53:35.147583
PERSON-000937,Jyoti Dutta,FEMALE,1983-12-26,42,"997, MG Road, Sector 29, Kolkata, West Bengal - 552229",Kolkata,West Bengal,+91-9598788096,jyoti.dutta937@mail.com,Homemaker,Indian,"[""Mole on left cheek"", ""Scar on left knee""]","[{""id_type"": ""AADHAAR"", ""id_number"": ""4029-7361-2395""}, {""id_type"": ""PAN"", ""id_number"": ""TLUUC7070T""}]",2026-08-31T18:53:35.147628,2026-08-31T18:53:35.147634
PERSON-000938,Aarti Yadav,FEMALE,1998-02-13,28,"12, MG Road, Sector 29, Mumbai, Maharashtra - 643933",Mumbai,Maharashtra,+91-9246665047,,Teacher,Indian,"[""Mole on chin"", ""Scar on left knee""]","[{""id_type"": ""AADHAAR"", ""id_number"": ""4501-6342-5161""}, {""id_type"": ""PAN"", ""id_number"": ""DDEHE1212Q""}]",2026-08-31T18:53:35.147671,2026-08-31T18:53:35.147674
PERSON-000939,Tarun Saxena,MALE,1955-05-10,71,"448, MG Road, Sector 7, Mumbai, Maharashtra - 463398",Mumbai,Maharashtra,+91-9562761916,,Doctor,Indian,"[""Mole on forehead"", ""Scar on forehead""]","[{""id_type"": ""AADHAAR"", ""id_number"": ""4626-4687-2693""}, {""id_type"": ""PAN"", ""id_number"": ""XMTLO1090Z""}]",2026-08-31T18:53:35.147714,2026-08-31T18:53:35.147720
PERSON-000940,Geeta Bhowmick,FEMALE,1995-10-09,30,"541, MG Road, Sector 12, Kolkata, West Bengal - 551048",Kolkata,West Bengal,+91-9779693354,geeta.bhowmick940@mail.com,Businessman,Indian,"[""Mole on left cheek"", ""Scar on right palm""]","[{""id_type"": ""AADHAAR"", ""id_number"": ""8061-8054-4111""}, {""id_type"": ""PAN"", ""id_number"": ""LOLBE5948N""}]",2026-08-31T18:53:35.147764,2026-08-31T18:53:35.147767
PERSON-000941,Arjun Gowda,MALE,1968-12-16,57,"754, MG Road, Sector 7, Central Delhi, Delhi - 474037",Central Delhi,Delhi,+91-9313885234,,Software Engineer,Indian,"[""Mole on forehead"", ""Scar on right palm""]","[{""id_type"": ""AADHAAR"", ""id_number"": ""4976-5176-8767""}, {""id_type"": ""PAN"", ""id_number"": ""SWSAG7407W""}]",2026-08-31T18:53:35.147811,2026-08-31T18:53:35.147815
PERSON-000942,Ramesh Rao,MALE,1965-12-26,60,"473, MG Road, Sector 28, Kolkata, West Bengal - 566529",Kolkata,West Bengal,+91-9801001891,ramesh.rao942@mail.com,Software Engineer,Indian,[],"[{""id_type"": ""AADHAAR"", ""id_number"": ""8996-3398-1379""}, {""id_type"": ""PAN"", ""id_number"": ""LOBCZ2992J""}]",2026-08-31T18:53:35.147853,2026-08-31T18:53:35.147856
PERSON-000943,Nisha Dutta,FEMALE,1995-08-10,31,"289, MG Road, Sector 30, Ahmedabad, Gujarat - 483749",Ahmedabad,Gujarat,+91-9597143333,nisha.dutta943@mail.com,Civil Engineer,Indian,"[""Mole on right shoulder"", ""Scar on forehead""]","[{""id_type"": ""AADHAAR"", ""id_number"": ""9937-7430-3310""}, {""id_type"": ""PAN"", ""id_number"": ""SFSJV6298N""}]",2026-08-31T18:53:35.147896,2026-08-31T18:53:35.147899
PERSON-000944,Manish Verma,MALE,1996-12-08,29,"807, MG Road, Sector 19, Pune, Maharashtra - 504908",Pune,Maharashtra,+91-9426715128,manish.verma944@mail.com,Government Servant,Indian,"[""Mole on chin"", ""Scar on forehead""]","[{""id_type"": ""AADHAAR"", ""id_number"": ""7302-8180-6485""}, {""id_type"": ""PAN"", ""id_number"": ""XUBFP8625H""}]",2026-08-31T18:53:35.147930,2026-08-31T18:53:35.147933
PERSON-000945,Vandana Deshmukh,FEMALE,1952-10-19,73,"374, MG Road, Sector 23, Thiruvananthapuram, Kerala - 503129",Thiruvananthapuram,Kerala,+91-9873352164,,Mechanic,Indian,"[""Mole on right shoulder"", ""Scar on forehead""]","[{""id_type"": ""AADHAAR"", ""id_number"": ""7927-8757-2673""}, {""id_type"": ""PAN"", ""id_number"": ""TWJQG5769K""}]",2026-08-31T18:53:35.147966,2026-08-31T18:53:35.147969
PERSON-000946,Hitesh Tripathi,MALE,1983-11-18,42,"224, MG Road, Sector 25, Thiruvananthapuram, Kerala - 439723",Thiruvananthapuram,Kerala,+91-9192785177,hitesh.tripathi946@mail.com,Accountant,Indian,[],"[{""id_type"": ""AADHAAR"", ""id_number"": ""7741-6090-5460""}, {""id_type"": ""PAN"", ""id_number"": ""WAQFC9640Z""}]",2026-08-31T18:53:35.148019,2026-08-31T18:53:35.148024
PERSON-000947,Ananya Patel,FEMALE,1973-08-30,53,"541, MG Road, Sector 15, Ahmedabad, Gujarat - 489237",Ahmedabad,Gujarat,+91-9370713012,ananya.patel947@mail.com,Shopkeeper,Indian,"[""Mole on right shoulder"", ""Scar on right palm""]","[{""id_type"": ""AADHAAR"", ""id_number"": ""5204-8196-9998""}, {""id_type"": ""PAN"", ""id_number"": ""EXTJX4566U""}]",2026-08-31T18:53:35.148065,2026-08-31T18:53:35.148068
PERSON-000948,Karan Dubey,MALE,1969-02-25,57,"237, MG Road, Sector 15, Mumbai, Maharashtra - 421188",Mumbai,Maharashtra,+91-9772511078,karan.dubey948@mail.com,Real Estate Agent,Indian,"[""Mole on right shoulder"", ""Scar on left knee""]","[{""id_type"": ""AADHAAR"", ""id_number"": ""7947-8045-9510""}, {""id_type"": ""PAN"", ""id_number"": ""LNICA1679Y""}]",2026-08-31T18:53:35.148104,2026-08-31T18:53:35.148107
PERSON-000949,Aarti Shukla,FEMALE,1967-11-21,58,"432, MG Road, Sector 5, Bangalore, Karnataka - 424960",Bangalore,Karnataka,+91-9911590393,aarti.shukla949@mail.com,Homemaker,Indian,"[""Mole on chin"", ""Scar on left knee""]","[{""id_type"": ""AADHAAR"", ""id_number"": ""3924-4029-7003""}, {""id_type"": ""PAN"", ""id_number"": ""QKDYV8906H""}]",2026-08-31T18:53:35.148142,2026-08-31T18:53:35.148145
PERSON-000950,Tarun Bhatt,MALE,1989-01-14,37,"186, MG Road, Sector 21, Kolkata, West Bengal - 689652",Kolkata,West Bengal,+91-9988377596,tarun.bhatt950@mail.com,Homemaker,Indian,"[""Mole on left cheek"", ""Scar on left knee""]","[{""id_type"": ""AADHAAR"", ""id_number"": ""4316-4169-4513""}, {""id_type"": ""PAN"", ""id_number"": ""XEDUN3862E""}]",2026-08-31T18:53:35.148183,2026-08-31T18:53:35.148186
PERSON-000951,Ananya Kulkarni,FEMALE,1953-10-11,72,"782, MG Road, Sector 29, Jaipur, Rajasthan - 446423",Jaipur,Rajasthan,+91-9408305343,ananya.kulkarni951@mail.com,Government Servant,Indian,"[""Mole on forehead"", ""Scar on left knee""]","[{""id_type"": ""AADHAAR"", ""id_number"": ""3140-6222-1935""}, {""id_type"": ""PAN"", ""id_number"": ""MYONI1033D""}]",2026-08-31T18:53:35.148217,2026-08-31T18:53:35.148219
PERSON-000952,Amit Shukla,MALE,1988-03-30,38,"252, MG Road, Sector 23, Thiruvananthapuram, Kerala - 582912",Thiruvananthapuram,Kerala,+91-9495385863,,Contractor,Indian,[],"[{""id_type"": ""AADHAAR"", ""id_number"": ""5499-3835-9029""}, {""id_type"": ""PAN"", ""id_number"": ""PRDAB6996A""}]",2026-08-31T18:53:35.148248,2026-08-31T18:53:35.148250
PERSON-000953,Shweta Shetty,FEMALE,1997-07-28,29,"210, MG Road, Sector 21, Thiruvananthapuram, Kerala - 589122",Thiruvananthapuram,Kerala,+91-9851363510,,Shopkeeper,Indian,[],"[{""id_type"": ""AADHAAR"", ""id_number"": ""3237-1843-7172""}, {""id_type"": ""PAN"", ""id_number"": ""REGMJ1914L""}]",2026-08-31T18:53:35.148304,2026-08-31T18:53:35.148309
PERSON-000954,Swati Shukla,FEMALE,1969-08-28,57,"845, MG Road, Sector 1, Thiruvananthapuram, Kerala - 591717",Thiruvananthapuram,Kerala,+91-9405028356,,Government Servant,Indian,"[""Mole on forehead"", ""Scar on right palm""]","[{""id_type"": ""AADHAAR"", ""id_number"": ""5132-4736-1944""}, {""id_type"": ""PAN"", ""id_number"": ""VDRVW5542M""}]",2026-08-31T18:53:35.148347,2026-08-31T18:53:35.148350
PERSON-000955,Kiran Nair,FEMALE,1961-04-04,65,"456, MG Road, Sector 23, Ahmedabad, Gujarat - 418462",Ahmedabad,Gujarat,+91-9772068049,kiran.nair955@mail.com,Accountant,Indian,[],"[{""id_type"": ""AADHAAR"", ""id_number"": ""2872-9695-8361""}, {""id_type"": ""PAN"", ""id_number"": ""DUEOU2855J""}]",2026-08-31T18:53:35.148384,2026-08-31T18:53:35.148388
PERSON-000956,Pankaj Sharma,MALE,1999-07-13,27,"241, MG Road, Sector 18, Chennai, Tamil Nadu - 518826",Chennai,Tamil Nadu,+91-9248966648,pankaj.sharma956@mail.com,Shopkeeper,Indian,"[""Mole on right shoulder"", ""Scar on right palm""]","[{""id_type"": ""AADHAAR"", ""id_number"": ""6203-8002-1262""}, {""id_type"": ""PAN"", ""id_number"": ""TFMXJ2014C""}]",2026-08-31T18:53:35.148432,2026-08-31T18:53:35.148436
PERSON-000957,Vivek Shukla,MALE,1994-11-16,31,"984, MG Road, Sector 13, Chennai, Tamil Nadu - 447478",Chennai,Tamil Nadu,+91-9258934517,vivek.shukla957@mail.com,Electrician,Indian,[],"[{""id_type"": ""AADHAAR"", ""id_number"": ""7814-3615-3911""}, {""id_type"": ""PAN"", ""id_number"": ""RRLIL8366E""}]",2026-08-31T18:53:35.148488,2026-08-31T18:53:35.148492
PERSON-000958,Sneha Reddy,FEMALE,1984-06-01,42,"282, MG Road, Sector 26, Thiruvananthapuram, Kerala - 431712",Thiruvananthapuram,Kerala,+91-9697483667,sneha.reddy958@mail.com,Teacher,Indian,[],"[{""id_type"": ""AADHAAR"", ""id_number"": ""9496-6038-2339""}, {""id_type"": ""PAN"", ""id_number"": ""IHQTF9470F""}]",2026-08-31T18:53:35.148534,2026-08-31T18:53:35.148537
PERSON-000959,Rajesh Das,MALE,1984-10-02,41,"484, MG Road, Sector 18, Chennai, Tamil Nadu - 695724",Chennai,Tamil Nadu,+91-9869320364,,Electrician,Indian,"[""Mole on left cheek"", ""Scar on right palm""]","[{""id_type"": ""AADHAAR"", ""id_number"": ""7366-4228-6070""}, {""id_type"": ""PAN"", ""id_number"": ""PKVGM4624U""}]",2026-08-31T18:53:35.148580,2026-08-31T18:53:35.148586
PERSON-000960,Manju Menon,FEMALE,1982-06-07,44,"249, MG Road, Sector 10, Pune, Maharashtra - 574665",Pune,Maharashtra,+91-9784368078,,Software Engineer,Indian,"[""Mole on right shoulder"", ""Scar on right palm""]","[{""id_type"": ""AADHAAR"", ""id_number"": ""2566-4528-4063""}, {""id_type"": ""PAN"", ""id_number"": ""WPJNN6521H""}]",2026-08-31T18:53:35.148631,2026-08-31T18:53:35.148634
PERSON-000961,Suresh Shetty,MALE,1966-09-07,60,"284, MG Road, Sector 27, Mumbai, Maharashtra - 435996",Mumbai,Maharashtra,+91-9307915749,suresh.shetty961@mail.com,Teacher,Indian,"[""Mole on right shoulder"", ""Scar on right palm""]","[{""id_type"": ""AADHAAR"", ""id_number"": ""9531-4025-9051""}, {""id_type"": ""PAN"", ""id_number"": ""ZHSNG5325F""}]",2026-08-31T18:53:35.148680,2026-08-31T18:53:35.148684
PERSON-000962,Shanti Mukherjee,FEMALE,1975-10-03,50,"462, MG Road, Sector 12, Lucknow, Uttar Pradesh - 500146",Lucknow,Uttar Pradesh,+91-9297788067,,Doctor,Indian,"[""Mole on right shoulder"", ""Scar on forehead""]","[{""id_type"": ""AADHAAR"", ""id_number"": ""2510-6701-7133""}, {""id_type"": ""PAN"", ""id_number"": ""LYPVO4684C""}]",2026-08-31T18:53:35.148720,2026-08-31T18:53:35.148723
PERSON-000963,Yashoda Reddy,FEMALE,1970-02-17,56,"997, MG Road, Sector 26, Lucknow, Uttar Pradesh - 604924",Lucknow,Uttar Pradesh,+91-9661711288,yashoda.reddy963@mail.com,Real Estate Agent,Indian,"[""Mole on right shoulder"", ""Scar on left knee""]","[{""id_type"": ""AADHAAR"", ""id_number"": ""3500-1037-4761""}, {""id_type"": ""PAN"", ""id_number"": ""KFBHI5730V""}]",2026-08-31T18:53:35.148762,2026-08-31T18:53:35.148765
PERSON-000964,Rahul Dutta,MALE,1959-02-20,67,"700, MG Road, Sector 10, Pune, Maharashtra - 506868",Pune,Maharashtra,+91-9857629248,,Student,Indian,"[""Mole on chin"", ""Scar on right palm""]","[{""id_type"": ""AADHAAR"", ""id_number"": ""3529-5304-8303""}, {""id_type"": ""PAN"", ""id_number"": ""HQDES7920W""}]",2026-08-31T18:53:35.148794,2026-08-31T18:53:35.148797
PERSON-000965,Suresh Bhowmick,MALE,1996-03-26,30,"451, MG Road, Sector 15, Chennai, Tamil Nadu - 521806",Chennai,Tamil Nadu,+91-9753833409,suresh.bhowmick965@mail.com,Teacher,Indian,"[""Mole on right shoulder"", ""Scar on left knee""]","[{""id_type"": ""AADHAAR"", ""id_number"": ""6771-5793-6682""}, {""id_type"": ""PAN"", ""id_number"": ""KSYPG6129W""}]",2026-08-31T18:53:35.148826,2026-08-31T18:53:35.148829
PERSON-000966,Manju Shah,FEMALE,1991-03-15,35,"759, MG Road, Sector 30, Lucknow, Uttar Pradesh - 475583",Lucknow,Uttar Pradesh,+91-9500003233,,Shopkeeper,Indian,[],"[{""id_type"": ""AADHAAR"", ""id_number"": ""5031-8382-2767""}, {""id_type"": ""PAN"", ""id_number"": ""BRFKR8494W""}]",2026-08-31T18:53:35.148876,2026-08-31T18:53:35.148882
PERSON-000967,Alok Kumar,MALE,1990-11-21,35,"354, MG Road, Sector 27, Chennai, Tamil Nadu - 603685",Chennai,Tamil Nadu,+91-9326392542,alok.kumar967@mail.com,Homemaker,Indian,[],"[{""id_type"": ""AADHAAR"", ""id_number"": ""8495-4870-4140""}, {""id_type"": ""PAN"", ""id_number"": ""QFQNZ6582E""}]",2026-08-31T18:53:35.148922,2026-08-31T18:53:35.148925
PERSON-000968,Savita Kumar,FEMALE,1998-06-05,28,"855, MG Road, Sector 9, Pune, Maharashtra - 541166",Pune,Maharashtra,+91-9490191545,,Mechanic,Indian,"[""Mole on left cheek"", ""Scar on left knee""]","[{""id_type"": ""AADHAAR"", ""id_number"": ""3639-2358-9486""}, {""id_type"": ""PAN"", ""id_number"": ""DCYJN7999M""}]",2026-08-31T18:53:35.148961,2026-08-31T18:53:35.148965
PERSON-000969,Tarun Naidu,MALE,1955-06-22,71,"260, MG Road, Sector 5, Jaipur, Rajasthan - 579136",Jaipur,Rajasthan,+91-9182449995,,Government Servant,Indian,[],"[{""id_type"": ""AADHAAR"", ""id_number"": ""5463-7425-1360""}, {""id_type"": ""PAN"", ""id_number"": ""PUNRR5182G""}]",2026-08-31T18:53:35.148997,2026-08-31T18:53:35.149000
PERSON-000970,Ashok Naidu,MALE,1995-01-23,31,"156, MG Road, Sector 23, Pune, Maharashtra - 500242",Pune,Maharashtra,+91-9200300299,ashok.naidu970@mail.com,Mechanic,Indian,"[""Mole on right shoulder"", ""Scar on forehead""]","[{""id_type"": ""AADHAAR"", ""id_number"": ""4505-6239-1260""}, {""id_type"": ""PAN"", ""id_number"": ""KHDHE1119S""}]",2026-08-31T18:53:35.149034,2026-08-31T18:53:35.149037
PERSON-000971,Radha Bansal,FEMALE,1969-04-25,57,"319, MG Road, Sector 22, Lucknow, Uttar Pradesh - 474598",Lucknow,Uttar Pradesh,+91-9432885654,radha.bansal971@mail.com,Electrician,Indian,[],"[{""id_type"": ""AADHAAR"", ""id_number"": ""8994-8568-8218""}, {""id_type"": ""PAN"", ""id_number"": ""DQPLG1535R""}]",2026-08-31T18:53:35.149074,2026-08-31T18:53:35.149077
PERSON-000972,Mukesh Kulkarni,MALE,1976-01-08,50,"24, MG Road, Sector 19, Bangalore, Karnataka - 606876",Bangalore,Karnataka,+91-9426578064,mukesh.kulkarni972@mail.com,Driver,Indian,"[""Mole on left cheek"", ""Scar on left knee""]","[{""id_type"": ""AADHAAR"", ""id_number"": ""2972-8597-8129""}, {""id_type"": ""PAN"", ""id_number"": ""ZOATB4610C""}]",2026-08-31T18:53:35.149107,2026-08-31T18:53:35.149110
PERSON-000973,Mahesh Verma,MALE,1963-07-23,63,"422, MG Road, Sector 10, Mumbai, Maharashtra - 462561",Mumbai,Maharashtra,+91-9171133848,,Contractor,Indian,[],"[{""id_type"": ""AADHAAR"", ""id_number"": ""9473-2823-9349""}, {""id_type"": ""PAN"", ""id_number"": ""QLPCM1665O""}]",2026-08-31T18:53:35.149147,2026-08-31T18:53:35.149153
PERSON-000974,Manju Tripathi,FEMALE,1992-03-23,34,"66, MG Road, Sector 22, Pune, Maharashtra - 563613",Pune,Maharashtra,+91-9694745822,manju.tripathi974@mail.com,Mechanic,Indian,[],"[{""id_type"": ""AADHAAR"", ""id_number"": ""3943-3789-5267""}, {""id_type"": ""PAN"", ""id_number"": ""QLTQA6558C""}]",2026-08-31T18:53:35.149217,2026-08-31T18:53:35.149220
PERSON-000975,Vivek Mehta,MALE,1961-11-13,64,"273, MG Road, Sector 17, Chennai, Tamil Nadu - 626292",Chennai,Tamil Nadu,+91-9778011280,,Real Estate Agent,Indian,[],"[{""id_type"": ""AADHAAR"", ""id_number"": ""4484-5403-7003""}, {""id_type"": ""PAN"", ""id_number"": ""BXVLE8416L""}]",2026-08-31T18:53:35.149253,2026-08-31T18:53:35.149256
PERSON-000976,Seema Sharma,FEMALE,1978-12-28,47,"308, MG Road, Sector 1, Thiruvananthapuram, Kerala - 422375",Thiruvananthapuram,Kerala,+91-9925978158,seema.sharma976@mail.com,Homemaker,Indian,"[""Mole on left cheek"", ""Scar on forehead""]","[{""id_type"": ""AADHAAR"", ""id_number"": ""8054-9822-9299""}, {""id_type"": ""PAN"", ""id_number"": ""PQBEW4654I""}]",2026-08-31T18:53:35.149300,2026-08-31T18:53:35.149304
PERSON-000977,Pankaj Chauhan,MALE,1970-11-01,55,"673, MG Road, Sector 28, Mumbai, Maharashtra - 528662",Mumbai,Maharashtra,+91-9632246283,pankaj.chauhan977@mail.com,Shopkeeper,Indian,"[""Mole on left cheek"", ""Scar on left knee""]","[{""id_type"": ""AADHAAR"", ""id_number"": ""9401-1935-5051""}, {""id_type"": ""PAN"", ""id_number"": ""GIFEU6269P""}]",2026-08-31T18:53:35.149339,2026-08-31T18:53:35.149342
PERSON-000978,Suman Yadav,FEMALE,1984-01-07,42,"709, MG Road, Sector 27, Central Delhi, Delhi - 563151",Central Delhi,Delhi,+91-9360997469,,Mechanic,Indian,"[""Mole on left cheek"", ""Scar on right palm""]","[{""id_type"": ""AADHAAR"", ""id_number"": ""3324-7661-1201""}, {""id_type"": ""PAN"", ""id_number"": ""AZSRU7698U""}]",2026-08-31T18:53:35.149370,2026-08-31T18:53:35.149373
PERSON-000979,Satish Yadav,MALE,1981-03-08,45,"600, MG Road, Sector 30, Pune, Maharashtra - 563952",Pune,Maharashtra,+91-9752818237,satish.yadav979@mail.com,Unemployed,Indian,"[""Mole on chin"", ""Scar on forehead""]","[{""id_type"": ""AADHAAR"", ""id_number"": ""4710-1726-3627""}, {""id_type"": ""PAN"", ""id_number"": ""YJHKU6010P""}]",2026-08-31T18:53:35.149411,2026-08-31T18:53:35.149414
PERSON-000980,Anil Pillai,MALE,1962-10-07,63,"393, MG Road, Sector 20, Chennai, Tamil Nadu - 584906",Chennai,Tamil Nadu,+91-9304951285,anil.pillai980@mail.com,Accountant,Indian,"[""Mole on chin"", ""Scar on left knee""]","[{""id_type"": ""AADHAAR"", ""id_number"": ""8071-8279-1501""}, {""id_type"": ""PAN"", ""id_number"": ""LHRYE8918Y""}]",2026-08-31T18:53:35.149441,2026-08-31T18:53:35.149444
PERSON-000981,Jyoti Deshmukh,FEMALE,1988-06-02,38,"934, MG Road, Sector 22, Jaipur, Rajasthan - 468422",Jaipur,Rajasthan,+91-9140966909,,Businessman,Indian,[],"[{""id_type"": ""AADHAAR"", ""id_number"": ""8487-3906-8497""}, {""id_type"": ""PAN"", ""id_number"": ""SBXRR2705M""}]",2026-08-31T18:53:35.149486,2026-08-31T18:53:35.149489
PERSON-000982,Lata Joshi,FEMALE,1961-12-03,64,"335, MG Road, Sector 9, Ahmedabad, Gujarat - 561706",Ahmedabad,Gujarat,+91-9923455086,lata.joshi982@mail.com,Lawyer,Indian,"[""Mole on forehead"", ""Scar on right palm""]","[{""id_type"": ""AADHAAR"", ""id_number"": ""2504-7471-4610""}, {""id_type"": ""PAN"", ""id_number"": ""TPJWO9946J""}]",2026-08-31T18:53:35.149521,2026-08-31T18:53:35.149524
PERSON-000983,Yogesh Mehta,MALE,1977-12-23,48,"16, MG Road, Sector 25, Jaipur, Rajasthan - 480506",Jaipur,Rajasthan,+91-9336516491,yogesh.mehta983@mail.com,Homemaker,Indian,[],"[{""id_type"": ""AADHAAR"", ""id_number"": ""8543-2824-3403""}, {""id_type"": ""PAN"", ""id_number"": ""FAGJJ1923E""}]",2026-08-31T18:53:35.149555,2026-08-31T18:53:35.149557
PERSON-000984,Shanti Patil,FEMALE,1991-07-28,35,"582, MG Road, Sector 12, Bangalore, Karnataka - 400916",Bangalore,Karnataka,+91-9526645483,,Driver,Indian,[],"[{""id_type"": ""AADHAAR"", ""id_number"": ""4585-1663-7979""}, {""id_type"": ""PAN"", ""id_number"": ""SPFEA1611T""}]",2026-08-31T18:53:35.149584,2026-08-31T18:53:35.149587
PERSON-000985,Bhaskar Deshmukh,MALE,1973-12-23,52,"299, MG Road, Sector 28, Central Delhi, Delhi - 524592",Central Delhi,Delhi,+91-9917705254,bhaskar.deshmukh985@mail.com,Doctor,Indian,"[""Mole on chin"", ""Scar on right palm""]","[{""id_type"": ""AADHAAR"", ""id_number"": ""5351-3889-7886""}, {""id_type"": ""PAN"", ""id_number"": ""WMRUI4719Q""}]",2026-08-31T18:53:35.149622,2026-08-31T18:53:35.149628
PERSON-000986,Anita Malik,FEMALE,1965-02-15,61,"332, MG Road, Sector 27, Jaipur, Rajasthan - 672553",Jaipur,Rajasthan,+91-9704353180,,Software Engineer,Indian,[],"[{""id_type"": ""AADHAAR"", ""id_number"": ""3940-7473-1161""}, {""id_type"": ""PAN"", ""id_number"": ""LWLCI2720T""}]",2026-08-31T18:53:35.149667,2026-08-31T18:53:35.149670
PERSON-000987,Ganesh Yadav,MALE,1991-04-22,35,"402, MG Road, Sector 1, Central Delhi, Delhi - 683779",Central Delhi,Delhi,+91-9307814768,,Businessman,Indian,"[""Mole on chin"", ""Scar on right palm""]","[{""id_type"": ""AADHAAR"", ""id_number"": ""9100-5616-2605""}, {""id_type"": ""PAN"", ""id_number"": ""UOMGY8525G""}]",2026-08-31T18:53:35.149709,2026-08-31T18:53:35.149712
PERSON-000988,Anita Agarwal,FEMALE,1957-03-27,69,"364, MG Road, Sector 21, Central Delhi, Delhi - 408242",Central Delhi,Delhi,+91-9231357940,anita.agarwal988@mail.com,Bank Employee,Indian,"[""Mole on chin"", ""Scar on right palm""]","[{""id_type"": ""AADHAAR"", ""id_number"": ""3734-6138-5414""}, {""id_type"": ""PAN"", ""id_number"": ""YXKNY3916F""}]",2026-08-31T18:53:35.149751,2026-08-31T18:53:35.149756
PERSON-000989,Swati Srivastava,FEMALE,1962-04-03,64,"494, MG Road, Sector 20, Pune, Maharashtra - 431086",Pune,Maharashtra,+91-9144293942,swati.srivastava989@mail.com,Real Estate Agent,Indian,[],"[{""id_type"": ""AADHAAR"", ""id_number"": ""6755-4593-7946""}, {""id_type"": ""PAN"", ""id_number"": ""UJRNS5809D""}]",2026-08-31T18:53:35.149797,2026-08-31T18:53:35.149800
PERSON-000990,Uma Patel,FEMALE,1995-08-23,31,"721, MG Road, Sector 10, Thiruvananthapuram, Kerala - 514454",Thiruvananthapuram,Kerala,+91-9173555389,,Bank Employee,Indian,"[""Mole on chin"", ""Scar on right palm""]","[{""id_type"": ""AADHAAR"", ""id_number"": ""9398-8423-5903""}, {""id_type"": ""PAN"", ""id_number"": ""WGGVG8021E""}]",2026-08-31T18:53:35.149842,2026-08-31T18:53:35.149845
PERSON-000991,Anil Deshmukh,MALE,1978-03-23,48,"219, MG Road, Sector 3, Jaipur, Rajasthan - 618019",Jaipur,Rajasthan,+91-9700257079,,Mechanic,Indian,"[""Mole on left cheek"", ""Scar on forehead""]","[{""id_type"": ""AADHAAR"", ""id_number"": ""7221-4376-1272""}, {""id_type"": ""PAN"", ""id_number"": ""VQXDM5326N""}]",2026-08-31T18:53:35.149877,2026-08-31T18:53:35.149880
PERSON-000992,Nirmala Gupta,FEMALE,2003-02-06,23,"406, MG Road, Sector 1, Chennai, Tamil Nadu - 410142",Chennai,Tamil Nadu,+91-9168865915,,Mechanic,Indian,[],"[{""id_type"": ""AADHAAR"", ""id_number"": ""3700-3110-4583""}, {""id_type"": ""PAN"", ""id_number"": ""MMGWL1978V""}]",2026-08-31T18:53:35.149914,2026-08-31T18:53:35.149917
PERSON-000993,Usha Dutta,FEMALE,1968-03-09,58,"616, MG Road, Sector 16, Mumbai, Maharashtra - 668169",Mumbai,Maharashtra,+91-9445362221,,Driver,Indian,[],"[{""id_type"": ""AADHAAR"", ""id_number"": ""5103-9615-6498""}, {""id_type"": ""PAN"", ""id_number"": ""HEXGK2025H""}]",2026-08-31T18:53:35.149988,2026-08-31T18:53:35.149991
PERSON-000994,Krutika Rao,FEMALE,1960-07-28,66,"69, MG Road, Sector 4, Thiruvananthapuram, Kerala - 596079",Thiruvananthapuram,Kerala,+91-9864816232,krutika.rao994@mail.com,Bank Employee,Indian,[],"[{""id_type"": ""AADHAAR"", ""id_number"": ""4288-7142-4168""}, {""id_type"": ""PAN"", ""id_number"": ""ZKMYY3423B""}]",2026-08-31T18:53:35.150025,2026-08-31T18:53:35.150028
PERSON-000995,Mahesh Gupta,MALE,1997-08-20,29,"471, MG Road, Sector 30, Chennai, Tamil Nadu - 428039",Chennai,Tamil Nadu,+91-9697200308,,Electrician,Indian,[],"[{""id_type"": ""AADHAAR"", ""id_number"": ""7762-3579-3630""}, {""id_type"": ""PAN"", ""id_number"": ""LTCPV5013P""}]",2026-08-31T18:53:35.150056,2026-08-31T18:53:35.150058
PERSON-000996,Neha Bansal,FEMALE,1970-03-25,56,"897, MG Road, Sector 6, Thiruvananthapuram, Kerala - 426939",Thiruvananthapuram,Kerala,+91-9679290821,neha.bansal996@mail.com,Teacher,Indian,"[""Mole on chin"", ""Scar on right palm""]","[{""id_type"": ""AADHAAR"", ""id_number"": ""2689-7071-2341""}, {""id_type"": ""PAN"", ""id_number"": ""TWPEA4718I""}]",2026-08-31T18:53:35.150088,2026-08-31T18:53:35.150091
PERSON-000997,Vijay Verma,MALE,1998-09-26,27,"309, MG Road, Sector 29, Mumbai, Maharashtra - 684441",Mumbai,Maharashtra,+91-9909291793,vijay.verma997@mail.com,Doctor,Indian,[],"[{""id_type"": ""AADHAAR"", ""id_number"": ""8256-6458-1358""}, {""id_type"": ""PAN"", ""id_number"": ""WMGLE4583F""}]",2026-08-31T18:53:35.150125,2026-08-31T18:53:35.150127
PERSON-000998,Aditya Chauhan,MALE,1978-06-13,48,"2, MG Road, Sector 19, Jaipur, Rajasthan - 459430",Jaipur,Rajasthan,+91-9819431513,aditya.chauhan998@mail.com,Contractor,Indian,"[""Mole on left cheek"", ""Scar on forehead""]","[{""id_type"": ""AADHAAR"", ""id_number"": ""5577-2610-5163""}, {""id_type"": ""PAN"", ""id_number"": ""RPAQP9640L""}]",2026-08-31T18:53:35.150160,2026-08-31T18:53:35.150163
PERSON-000999,Aditya Agarwal,MALE,1998-12-20,27,"555, MG Road, Sector 13, Thiruvananthapuram, Kerala - 458820",Thiruvananthapuram,Kerala,+91-9311207817,,Civil Engineer,Indian,[],"[{""id_type"": ""AADHAAR"", ""id_number"": ""8675-8432-9637""}, {""id_type"": ""PAN"", ""id_number"": ""YUNNA7480V""}]",2026-08-31T18:53:35.150189,2026-08-31T18:53:35.150192
PERSON-001000,Sunil Mishra,MALE,1971-04-01,55,"306, MG Road, Sector 11, Kolkata, West Bengal - 575531",Kolkata,West Bengal,+91-9923990222,sunil.mishra1000@mail.com,Doctor,Indian,"[""Mole on chin"", ""Scar on forehead""]","[{""id_type"": ""AADHAAR"", ""id_number"": ""3885-9393-9161""}, {""id_type"": ""PAN"", ""id_number"": ""WVGLA1690D""}]",2026-08-31T18:53:35.150223,2026-08-31T18:53:35.150225
